parent_group,known_observation_count_in_listed_manifests,metadata_sources,eligible_holdout
3RScan:00d42bed-778d-2ac6-86a7-0e0e5f5f5660,2,current_165_selected;external_2292_access_logged,not_assessed
3RScan:02b33e01-be2b-2d54-93fb-4145a709cec5,1,external_2292_access_logged,not_assessed
3RScan:095821f7-e2c2-2de1-9568-b9ce59920e29,2,current_165_selected;external_2292_access_logged,not_assessed
3RScan:0958220d-e2c2-2de1-9710-c37018da1883,2,external_2292_access_logged,not_assessed
3RScan:09582212-e2c2-2de1-9700-fa44b14fbded,2,external_2292_access_logged,not_assessed
3RScan:09582225-e2c2-2de1-9564-f6681ef5e511,2,external_2292_access_logged,not_assessed
3RScan:09582244-e2c2-2de1-956c-357092d949d1,1,external_2292_access_logged,not_assessed
3RScan:0958224e-e2c2-2de1-943b-38e36345e2e7,4,external_2292_access_logged;historical_320_selected,not_assessed
3RScan:0988ea72-eb32-2e61-8344-99e2283c2728,2,external_2292_access_logged,not_assessed
3RScan:0988ea78-eb32-2e61-80ee-e4a44170bce9,1,external_2292_access_logged,not_assessed
3RScan:0ad2d382-79e2-2212-98b3-641bf9d552c1,2,external_2292_access_logged,not_assessed
3RScan:0ad2d386-79e2-2212-9b40-43d081db442a,2,external_2292_access_logged,not_assessed
3RScan:0ad2d38f-79e2-2212-98d2-9b5060e5e9b5,2,external_2292_access_logged;historical_320_selected,not_assessed
3RScan:0ad2d3a3-79e2-2212-9a51-9094be707ec2,1,current_165_selected,not_assessed
3RScan:0cac7536-8d6f-2d13-8dc2-2f9d7aa62dc4,2,external_2292_access_logged,not_assessed
3RScan:0cac7540-8d6f-2d13-8eee-36ba2a428e3f,2,external_2292_access_logged,not_assessed
3RScan:0cac7547-8d6f-2d13-8c9c-08cad6632f46,2,external_2292_access_logged,not_assessed
3RScan:0cac7549-8d6f-2d13-8d56-b895956f571a,1,external_2292_access_logged,not_assessed
3RScan:0cac7558-8d6f-2d13-8fe1-c8af0362735d,2,external_2292_access_logged,not_assessed
3RScan:0cac755e-8d6f-2d13-8c6a-c0979ca34a4f,2,external_2292_access_logged,not_assessed
3RScan:0cac7564-8d6f-2d13-8cb2-8b01c0a1b3d5,2,external_2292_access_logged,not_assessed
3RScan:0cac7574-8d6f-2d13-8db6-4304f437e6d5,2,external_2292_access_logged,not_assessed
3RScan:0cac7578-8d6f-2d13-8c2d-bfa7a04f8af3,2,external_2292_access_logged,not_assessed
3RScan:0cac7580-8d6f-2d13-8c9d-d45247b5244b,2,external_2292_access_logged,not_assessed
3RScan:0cac7584-8d6f-2d13-8df8-c05e4307b418,2,external_2292_access_logged,not_assessed
3RScan:0cac758d-8d6f-2d13-8d21-9133668b4d7d,1,external_2292_access_logged,not_assessed
3RScan:0cac7597-8d6f-2d13-8c9c-6f8542021d5c,2,external_2292_access_logged,not_assessed
3RScan:0cac75c4-8d6f-2d13-8c37-fcfaf141ae5a,2,current_165_selected;external_2292_access_logged,not_assessed
3RScan:0cac75c8-8d6f-2d13-8c08-b3c40c58e0f7,2,external_2292_access_logged,not_assessed
3RScan:0cac75f0-8d6f-2d13-8d86-371deca33bb4,3,external_2292_access_logged;historical_320_selected,not_assessed
3RScan:0cac760f-8d6f-2d13-8d9d-2d8df8f8cb6e,2,external_2292_access_logged,not_assessed
3RScan:0cac7623-8d6f-2d13-8da0-462e7fc0bea2,2,external_2292_access_logged,not_assessed
3RScan:0cac7627-8d6f-2d13-8eac-41764b5f2c5b,2,external_2292_access_logged,not_assessed
3RScan:0cac762b-8d6f-2d13-8de2-832a3c07864b,2,external_2292_access_logged,not_assessed
3RScan:0cac7633-8d6f-2d13-8e91-8b46e2b70f34,2,external_2292_access_logged,not_assessed
3RScan:0cac7635-8d6f-2d13-8ea5-25f4dc197d1d,2,external_2292_access_logged,not_assessed
3RScan:0cac763b-8d6f-2d13-8c67-de3d97b48d39,2,external_2292_access_logged,not_assessed
3RScan:0cac7648-8d6f-2d13-8e30-76663c19baa4,1,external_2292_access_logged,not_assessed
3RScan:0cac764c-8d6f-2d13-8fec-15edfc3e53ad,2,external_2292_access_logged,not_assessed
3RScan:0cac7654-8d6f-2d13-8e68-ddd1767454ad,2,external_2292_access_logged,not_assessed
3RScan:0cac7664-8d6f-2d13-8e1d-b97c9ab20b12,2,external_2292_access_logged,not_assessed
3RScan:0cac766c-8d6f-2d13-8cde-44c997b5e8a7,2,external_2292_access_logged,not_assessed
3RScan:0cac7676-8d6f-2d13-8f3a-d7bf7f03e721,1,historical_320_selected,not_assessed
3RScan:0cac767c-8d6f-2d13-8e22-50ba98af68e6,2,external_2292_access_logged,not_assessed
3RScan:0cac767e-8d6f-2d13-8d1a-d5e9b184df15,2,external_2292_access_logged,not_assessed
3RScan:0cac768c-8d6f-2d13-8cc8-7ace156fc3e7,2,current_165_selected;external_2292_access_logged,not_assessed
3RScan:0f2f2711-b736-2f71-8c6a-245a9d820a8c,4,external_2292_access_logged;historical_320_selected,not_assessed
3RScan:0f2f271b-b736-2f71-8f3a-e9265463abcb,2,external_2292_access_logged,not_assessed
3RScan:10b17936-3938-2467-88ba-ba5fe2debf14,2,external_2292_access_logged,not_assessed
3RScan:10b17940-3938-2467-8a7a-958300ba83d3,3,current_165_selected;historical_320_selected,not_assessed
3RScan:10b1795b-3938-2467-88fe-b10cad8913f8,3,external_2292_access_logged;historical_320_selected,not_assessed
3RScan:10b17971-3938-2467-8a86-2b42613aa7ec,1,historical_320_selected,not_assessed
3RScan:13124cad-cec3-27a6-857f-914a832a87c3,1,external_2292_access_logged,not_assessed
3RScan:13124cbe-cec3-27a6-8745-6e02a03494d2,2,external_2292_access_logged;historical_320_selected,not_assessed
3RScan:13124cc0-cec3-27a6-84bd-1f56cb6d11a8,2,external_2292_access_logged,not_assessed
3RScan:13124cc2-cec3-27a6-86ad-946fe3a73493,3,external_2292_access_logged;historical_320_selected,not_assessed
3RScan:137a8158-1db5-2cc0-8003-31c12610471e,3,external_2292_access_logged;historical_320_selected,not_assessed
3RScan:1713f852-5300-2104-8658-73b77b66af61,2,external_2292_access_logged,not_assessed
3RScan:1776ad7c-4db7-2333-88b3-edb7a9803f6f,3,current_165_selected;external_2292_access_logged,not_assessed
3RScan:1776ad7e-4db7-2333-89e1-66854e82170c,1,current_165_selected,not_assessed
3RScan:185d7423-3698-223c-8879-80ad9339afce,2,external_2292_access_logged;historical_320_selected,not_assessed
3RScan:18d4d91f-7eb5-280e-8757-1eb6f43ecfd2,2,external_2292_access_logged,not_assessed
3RScan:18d4d926-7eb5-280e-87df-199e66f2babd,2,external_2292_access_logged,not_assessed
3RScan:1c211546-f201-2d25-862b-6323518ec6e1,3,external_2292_access_logged;historical_320_selected,not_assessed
3RScan:1d233fe8-e280-2b1a-8fac-c3646a1cd64a,1,external_2292_access_logged,not_assessed
3RScan:1d233ff0-e280-2b1a-8c10-2af29c344ee3,4,current_165_selected;external_2292_access_logged;historical_320_selected,not_assessed
3RScan:1d233ffe-e280-2b1a-8f1e-7ddb66c98d36,2,external_2292_access_logged,not_assessed
3RScan:1d234002-e280-2b1a-8c8d-6aafb5b35a24,1,external_2292_access_logged,not_assessed
3RScan:1d234004-e280-2b1a-8ec8-560046b9fc96,1,external_2292_access_logged,not_assessed
3RScan:1d234010-e280-2b1a-8da8-205855a16b6b,2,external_2292_access_logged;historical_320_selected,not_assessed
3RScan:1d23401e-e280-2b1a-8cef-f28df9df2618,2,external_2292_access_logged,not_assessed
3RScan:1d234022-e280-2b1a-8cec-e9787bb0d7b2,2,external_2292_access_logged,not_assessed
3RScan:1d23402c-e280-2b1a-8e31-9a88c9c1fb91,3,current_165_selected;external_2292_access_logged,not_assessed
3RScan:1d2f8514-d757-207c-8e40-377957df6f67,1,external_2292_access_logged,not_assessed
3RScan:1d2f8516-d757-207c-8e08-5fef80bf34d8,2,external_2292_access_logged,not_assessed
3RScan:1dd7209f-2ba0-22d9-8b9e-b5e270b2580f,2,external_2292_access_logged,not_assessed
3RScan:1e0ccbe6-9783-2bd7-8d51-ca9e9226bf35,2,external_2292_access_logged,not_assessed
3RScan:20c993af-698f-29c5-84b2-972451f94cfb,1,external_2292_access_logged,not_assessed
3RScan:20c993bb-698f-29c5-8569-0db38352364f,2,external_2292_access_logged,not_assessed
3RScan:20c993c1-698f-29c5-86b8-50a2a0907e2b,2,external_2292_access_logged,not_assessed
3RScan:20c993c5-698f-29c5-8604-3248ede4091f,2,external_2292_access_logged,not_assessed
3RScan:20c993c9-698f-29c5-850e-2a93df894437,2,external_2292_access_logged,not_assessed
3RScan:20c993cd-698f-29c5-8575-6a18e0e920cc,2,external_2292_access_logged,not_assessed
3RScan:210cdba9-9e8d-2832-862b-b37293fcc0e1,2,external_2292_access_logged,not_assessed
3RScan:210cdbb2-9e8d-2832-87e5-7e474cf621ea,2,external_2292_access_logged,not_assessed
3RScan:280d8ebb-6cc6-2788-9153-98959a2da801,3,external_2292_access_logged;historical_320_selected,not_assessed
3RScan:283ccfeb-107c-24d5-8bbf-05519a3c7c47,4,external_2292_access_logged;historical_320_selected,not_assessed
3RScan:2e36954b-e133-204c-92ad-1a66c6f63e1a,2,external_2292_access_logged,not_assessed
3RScan:2e4a3964-d452-21a0-9de5-4f7895499143,1,external_2292_access_logged,not_assessed
3RScan:352e9c30-69fb-27a7-8b19-c703f0e190da,1,external_2292_access_logged,not_assessed
3RScan:352e9c36-69fb-27a7-889f-69b450a22b74,2,external_2292_access_logged,not_assessed
3RScan:352e9c3e-69fb-27a7-8976-a6860f84f876,1,historical_320_selected,not_assessed
3RScan:352e9c57-69fb-27a7-8bc7-4cf12e417e21,2,external_2292_access_logged,not_assessed
3RScan:355465d0-d29b-29f9-94f2-7707ac505bae,2,external_2292_access_logged,not_assessed
3RScan:355465d4-d29b-29f9-9550-e366a10d6924,1,historical_320_selected,not_assessed
3RScan:38770cb0-86d7-27b8-8466-1782505891fd,2,external_2292_access_logged,not_assessed
3RScan:3b7b33af-1b11-283e-9abd-170c6329c0e6,2,external_2292_access_logged,not_assessed
3RScan:41385827-a238-2435-8320-d8d3eb507f5e,1,external_2292_access_logged,not_assessed
3RScan:4138582f-a238-2435-8332-6902542c2823,2,external_2292_access_logged;historical_320_selected,not_assessed
3RScan:41385847-a238-2435-838b-61864922c518,1,current_165_selected,not_assessed
3RScan:422885af-192d-25fc-8651-420062adb475,1,external_2292_access_logged,not_assessed
3RScan:422885b3-192d-25fc-84c9-9b80eea1752d,3,current_165_selected;external_2292_access_logged,not_assessed
3RScan:422885b9-192d-25fc-84f4-6f7c1afd29af,2,external_2292_access_logged,not_assessed
3RScan:422885bf-192d-25fc-8509-1fd7def9cc19,2,external_2292_access_logged,not_assessed
3RScan:422885c3-192d-25fc-844a-645180810bfd,2,external_2292_access_logged,not_assessed
3RScan:422885c7-192d-25fc-85f5-67ba0d80ade5,2,external_2292_access_logged,not_assessed
3RScan:422885ce-192d-25fc-851a-df2d675a6559,2,external_2292_access_logged,not_assessed
3RScan:422885e0-192d-25fc-844a-62e395291839,1,external_2292_access_logged,not_assessed
3RScan:422885e5-192d-25fc-871f-83fa4d7af432,3,current_165_selected;external_2292_access_logged,not_assessed
3RScan:422885e9-192d-25fc-87a9-7013fe4114f2,2,external_2292_access_logged,not_assessed
3RScan:43b8cae1-6678-2e38-9865-c19c07c25015,2,external_2292_access_logged,not_assessed
3RScan:43b8cae9-6678-2e38-9bc2-8c31ab832242,2,external_2292_access_logged,not_assessed
3RScan:4731976a-f9f7-2a1a-9737-305b709ca37f,3,external_2292_access_logged;historical_320_selected,not_assessed
3RScan:48005c65-7d67-29ec-85e0-6a925eb15a27,2,external_2292_access_logged,not_assessed
3RScan:4a9a43e0-7736-2874-87ac-c589da4d0f00,2,external_2292_access_logged,not_assessed
3RScan:4a9a43e4-7736-2874-8479-0e81135ccdb0,2,external_2292_access_logged,not_assessed
3RScan:4acaebba-6c10-2a2a-8650-34c2f160db99,3,external_2292_access_logged;historical_320_selected,not_assessed
3RScan:4acaebc0-6c10-2a2a-852e-0226d6539299,1,historical_320_selected,not_assessed
3RScan:4acaebcc-6c10-2a2a-858b-29c7e4fb410d,2,historical_320_selected,not_assessed
3RScan:4d3d829e-8cf4-2e04-8318-b76f02d91c93,2,external_2292_access_logged,not_assessed
3RScan:4d3d82a6-8cf4-2e04-828b-ceb5235b58a8,3,external_2292_access_logged;historical_320_selected,not_assessed
3RScan:4d3d82b0-8cf4-2e04-80a8-c955ea964c2f,2,external_2292_access_logged,not_assessed
3RScan:4d3d82b6-8cf4-2e04-830a-4303fa0e79c7,2,external_2292_access_logged;historical_320_selected,not_assessed
3RScan:4e858c8f-fd93-2cb4-8676-36cea7ef23cc,2,external_2292_access_logged,not_assessed
3RScan:4e858c93-fd93-2cb4-86d6-12f652012a40,2,external_2292_access_logged,not_assessed
3RScan:4e858ca1-fd93-2cb4-84b6-490997979830,1,external_2292_access_logged,not_assessed
3RScan:4fbad31a-465b-2a5d-8566-f4e4845c1a78,2,external_2292_access_logged,not_assessed
3RScan:4fbad31e-465b-2a5d-84b7-c0ddea978db4,2,external_2292_access_logged,not_assessed
3RScan:4fbad320-465b-2a5d-85d7-dc83aa09a9fa,2,external_2292_access_logged,not_assessed
3RScan:4fbad329-465b-2a5d-8401-a3f550ef3de5,2,external_2292_access_logged,not_assessed
3RScan:4fbad32b-465b-2a5d-8499-85100e88f454,2,external_2292_access_logged,not_assessed
3RScan:501ebf0b-a3bb-263f-86fd-7ef000a19588,2,external_2292_access_logged,not_assessed
3RScan:50e7c0ad-0730-2a5f-8635-252404ee82e0,1,current_165_selected,not_assessed
3RScan:5104a9c7-adc4-2a85-9026-45557dcf9a87,2,external_2292_access_logged;historical_320_selected,not_assessed
3RScan:531cff02-0021-28f6-8deb-a71f6c628346,2,external_2292_access_logged,not_assessed
3RScan:531cff08-0021-28f6-8e08-ba2eeb945e09,2,external_2292_access_logged,not_assessed
3RScan:5341b79f-8a66-2cdd-84d5-6dba6525dd75,1,external_2292_access_logged,not_assessed
3RScan:5341b7bf-8a66-2cdd-8794-026113b7c312,2,external_2292_access_logged,not_assessed
3RScan:5341b7c1-8a66-2cdd-853b-598d8f2780ce,1,external_2292_access_logged,not_assessed
3RScan:5341b7c3-8a66-2cdd-8651-225a7489523a,2,external_2292_access_logged,not_assessed
3RScan:5341b7d3-8a66-2cdd-8633-0a3da632befa,1,current_165_selected,not_assessed
3RScan:5341b7e1-8a66-2cdd-87a3-02aad508ff86,2,external_2292_access_logged,not_assessed
3RScan:5341b7e7-8a66-2cdd-87ce-86596253cfa4,2,external_2292_access_logged,not_assessed
3RScan:5341b7e9-8a66-2cdd-86a9-62cf7da55c0a,2,external_2292_access_logged,not_assessed
3RScan:5555107f-36f1-29c0-8903-9b66fb2301d0,2,external_2292_access_logged,not_assessed
3RScan:5555108d-36f1-29c0-8b37-5efa2bef59d4,2,external_2292_access_logged,not_assessed
3RScan:5630cfcb-12bf-2860-87ee-b4e4a5bf0cb0,2,external_2292_access_logged,not_assessed
3RScan:5630cfcd-12bf-2860-87f0-65937859709c,3,current_165_selected;external_2292_access_logged,not_assessed
3RScan:5630cfcf-12bf-2860-8784-83d28a611a83,2,external_2292_access_logged,not_assessed
3RScan:569d8f0d-72aa-2f24-8ac6-c6ee8d927c4b,2,external_2292_access_logged,not_assessed
3RScan:569d8f13-72aa-2f24-8b64-3bde3b0603ab,1,external_2292_access_logged,not_assessed
3RScan:569d8f1e-72aa-2f24-8a3e-837f59c9e1dc,3,external_2292_access_logged;historical_320_selected,not_assessed
3RScan:5ed77dd8-c4f5-27a0-85c7-c9cfc4feb6dd,1,historical_320_selected,not_assessed
3RScan:634b2181-f5d0-2fb7-8547-fd27b0795137,2,external_2292_access_logged,not_assessed
3RScan:634d11cd-6833-255d-8c5c-2b0cf661494a,2,external_2292_access_logged,not_assessed
3RScan:634d11d3-6833-255d-8cb0-12c4fb3ea031,2,external_2292_access_logged,not_assessed
3RScan:63b87cf1-ef3f-28f2-871a-c1551f129ce6,1,external_2292_access_logged,not_assessed
3RScan:68bae76e-3567-2f7c-82bd-a09641695364,2,external_2292_access_logged,not_assessed
3RScan:68bae772-3567-2f7c-804c-d77a47cdc508,1,external_2292_access_logged,not_assessed
3RScan:6993478e-1286-2e5b-82d0-eb36d75214de,2,external_2292_access_logged,not_assessed
3RScan:6a360523-fa53-2915-9506-4b95fa02cc56,2,external_2292_access_logged,not_assessed
3RScan:6a36054b-fa53-2915-946e-4ec15f811f6e,2,external_2292_access_logged,not_assessed
3RScan:6a360567-fa53-2915-9617-da8aa432752d,2,external_2292_access_logged,not_assessed
3RScan:6bde604b-9162-246f-8fb2-2dea80e7fb4c,3,external_2292_access_logged;historical_320_selected,not_assessed
3RScan:6bde6053-9162-246f-8d5d-54e5e3dd721d,2,external_2292_access_logged,not_assessed
3RScan:6bde605b-9162-246f-8f73-3a0e3627db01,1,historical_320_selected,not_assessed
3RScan:6bde6079-9162-246f-8fad-d8f2358bd413,2,external_2292_access_logged,not_assessed
3RScan:6bde6081-9162-246f-8c4e-ffaf709d17b1,2,external_2292_access_logged,not_assessed
3RScan:6bde608b-9162-246f-8d16-901b429b2563,1,external_2292_access_logged,not_assessed
3RScan:6bde608d-9162-246f-8dde-3f158d134d50,2,current_165_selected;historical_320_selected,not_assessed
3RScan:6bde6091-9162-246f-8ea8-fdfd6c0a7f77,2,external_2292_access_logged,not_assessed
3RScan:6bde609b-9162-246f-8f90-c3d2444a5ab8,2,external_2292_access_logged,not_assessed
3RScan:6bde60a3-9162-246f-8ca3-48f7e86e95b8,1,external_2292_access_logged,not_assessed
3RScan:6bde60a9-9162-246f-8f1a-2441db12c4d1,1,external_2292_access_logged,not_assessed
3RScan:6bde60c0-9162-246f-8d1f-32543babecfb,1,external_2292_access_logged,not_assessed
3RScan:6bde60cb-9162-246f-8cf5-d04f7426e56f,1,external_2292_access_logged,not_assessed
3RScan:6bde60e6-9162-246f-8d7f-823d12b5e358,2,external_2292_access_logged,not_assessed
3RScan:7272e161-a01b-20f6-8b5a-0b97efeb6545,2,external_2292_access_logged,not_assessed
3RScan:73315a27-185c-2c8a-848a-46d989c1112a,2,external_2292_access_logged,not_assessed
3RScan:73315a2d-185c-2c8a-87e9-d8dfe07ae3cb,2,external_2292_access_logged,not_assessed
3RScan:742e8f15-be0a-294e-9ebb-6c72dbcb9662,3,current_165_selected;external_2292_access_logged,not_assessed
3RScan:751a5598-fe61-2c3b-8cf2-1c23632af9b4,2,external_2292_access_logged,not_assessed
3RScan:751a559f-fe61-2c3b-8cec-258075450954,1,historical_320_selected,not_assessed
3RScan:751a55a1-fe61-2c3b-8df5-925bfeac2496,2,external_2292_access_logged,not_assessed
3RScan:751a55a3-fe61-2c3b-8d1b-daad80d1af30,2,external_2292_access_logged,not_assessed
3RScan:751a55a5-fe61-2c3b-8d49-350e8169e05e,1,external_2292_access_logged,not_assessed
3RScan:752cc57f-920c-26f5-8e8d-1f9d567cffd7,1,external_2292_access_logged,not_assessed
3RScan:752cc595-920c-26f5-8d66-d08f8f111c92,2,external_2292_access_logged,not_assessed
3RScan:75c25973-9ca2-2844-96f4-90cd531364ac,2,external_2292_access_logged;historical_320_selected,not_assessed
3RScan:77361fc6-d054-2a22-8971-e4faf5504a44,1,external_2292_access_logged,not_assessed
3RScan:77361fca-d054-2a22-8974-547ca1fbb90f,2,external_2292_access_logged,not_assessed
3RScan:77361fce-d054-2a22-8bb2-a870ab051854,2,external_2292_access_logged,not_assessed
3RScan:7747a506-9431-24e8-87d9-37a5654d41f4,1,current_165_selected,not_assessed
3RScan:7747a50a-9431-24e8-85c6-3488c128ac26,2,current_165_selected;external_2292_access_logged,not_assessed
3RScan:7747a50c-9431-24e8-877d-e60c3a341cc2,1,external_2292_access_logged,not_assessed
3RScan:7747a514-9431-24e8-8505-5979f3f20906,3,external_2292_access_logged;historical_320_selected,not_assessed
3RScan:7747a51f-9431-24e8-8720-19e267b3b828,3,external_2292_access_logged;historical_320_selected,not_assessed
3RScan:77941460-cfdf-29cb-86c7-1f60e2ecd07a,4,external_2292_access_logged;historical_320_selected,not_assessed
3RScan:7ab2a9c9-ebc6-2056-89b6-c78dbb4290d3,1,historical_320_selected,not_assessed
3RScan:7f30f368-42f9-27ed-852b-e6cfc067acea,1,current_165_selected,not_assessed
3RScan:80b8588f-4a8d-222f-8712-eaa02a5450a9,1,external_2292_access_logged,not_assessed
3RScan:87e6cf7b-9d1a-289f-8692-57e5757dac99,2,external_2292_access_logged,not_assessed
3RScan:8e0f1c28-9e28-2339-8584-ff06ff93c341,2,external_2292_access_logged,not_assessed
3RScan:8eabc410-5af7-2f32-844d-34726ad2dc7e,2,external_2292_access_logged,not_assessed
3RScan:8eabc42c-5af7-2f32-87c4-bf646779aa62,2,external_2292_access_logged,not_assessed
3RScan:8eabc435-5af7-2f32-85c3-163c1fa6e280,1,historical_320_selected,not_assessed
3RScan:8eabc43a-5af7-2f32-85d7-b62167a48e58,2,external_2292_access_logged,not_assessed
3RScan:8eabc44b-5af7-2f32-8553-18fd693ab49f,2,external_2292_access_logged,not_assessed
3RScan:8eabc451-5af7-2f32-87b5-026aa18e3190,3,current_165_selected;external_2292_access_logged,not_assessed
3RScan:8eabc45a-5af7-2f32-85ed-572ae21920df,2,external_2292_access_logged,not_assessed
3RScan:8eabc45f-5af7-2f32-8528-640861d2a135,2,external_2292_access_logged,not_assessed
3RScan:8eabc463-5af7-2f32-8537-22977a89efdd,1,external_2292_access_logged,not_assessed
3RScan:8eabc469-5af7-2f32-840f-c1be88e46c62,2,external_2292_access_logged,not_assessed
3RScan:8f0f1437-55de-28ce-828e-dbf210a7f472,2,current_165_selected;external_2292_access_logged,not_assessed
3RScan:8f0f144b-55de-28ce-8053-2828b87a0cc9,2,external_2292_access_logged,not_assessed
3RScan:9c27de4d-6184-2cda-80c6-174eddb07154,1,external_2292_access_logged,not_assessed
3RScan:9c27de4f-6184-2cda-81d6-9c806607918e,2,external_2292_access_logged,not_assessed
3RScan:a0905fee-66f7-2272-9d07-032a9a4e7cc9,2,external_2292_access_logged,not_assessed
3RScan:a0905ffa-66f7-2272-9ca9-24c7ec00f34f,1,external_2292_access_logged,not_assessed
3RScan:a0905ffc-66f7-2272-9f05-966bab3ce8ad,2,external_2292_access_logged,not_assessed
3RScan:a0906006-66f7-2272-9e46-51000ffe6623,2,external_2292_access_logged,not_assessed
3RScan:a090600e-66f7-2272-9cfe-63b80d55da17,2,external_2292_access_logged,not_assessed
3RScan:a38a57d8-8a91-2e91-9237-0f8c220feef5,2,external_2292_access_logged,not_assessed
3RScan:a38a57de-8a91-2e91-90b2-910244171e92,2,external_2292_access_logged,not_assessed
3RScan:a895258d-9035-254b-8e61-2307a9926e62,2,external_2292_access_logged,not_assessed
3RScan:a8952595-9035-254b-8c74-9c22ced19216,2,external_2292_access_logged,not_assessed
3RScan:ab835f7d-54c6-29a1-9aae-bf97735dd235,1,external_2292_access_logged,not_assessed
3RScan:ab835fa7-54c6-29a1-997b-3804159c15ea,2,external_2292_access_logged,not_assessed
3RScan:ab835fae-54c6-29a1-995e-b06cfc555786,2,current_165_selected;external_2292_access_logged,not_assessed
3RScan:ad408c83-84db-2095-8aa4-924f966af2dc,1,external_2292_access_logged,not_assessed
3RScan:ad408c8f-84db-2095-8a45-03100fbc4f86,1,external_2292_access_logged,not_assessed
3RScan:ad408c99-84db-2095-8b23-0a011526b47b,2,external_2292_access_logged,not_assessed
3RScan:ad408c9d-84db-2095-89c7-8a54f6260252,3,external_2292_access_logged;historical_320_selected,not_assessed
3RScan:ad408cb3-84db-2095-8930-d8244e349008,1,historical_320_selected,not_assessed
3RScan:ae73fa17-5a60-2398-86e8-aa1145c0c9b7,2,external_2292_access_logged,not_assessed
3RScan:b05fdd66-fca0-2d4f-88bb-210da4439475,3,external_2292_access_logged;historical_320_selected,not_assessed
3RScan:b05fdd8a-fca0-2d4f-8ac5-f6ae697787f5,2,external_2292_access_logged,not_assessed
3RScan:b05fdd92-fca0-2d4f-89dd-723db1a8d78c,2,external_2292_access_logged,not_assessed
3RScan:b05fddcf-fca0-2d4f-8a01-c6bdcc9fba8d,2,external_2292_access_logged,not_assessed
3RScan:b05fddd9-fca0-2d4f-8904-936aa0b678e6,2,external_2292_access_logged,not_assessed
3RScan:b1cf9968-9fdd-2189-97dd-d5f0d48bf70a,2,external_2292_access_logged,not_assessed
3RScan:b1d87fae-e72e-2c8c-9cf3-c927fdb7c685,1,external_2292_access_logged,not_assessed
3RScan:b1d87fb0-e72e-2c8c-9f01-25dafeddf472,1,current_165_selected,not_assessed
3RScan:b8837e16-57ec-29c6-89c3-0e8b7d668f56,4,external_2292_access_logged;historical_320_selected,not_assessed
3RScan:b8837e28-57ec-29c6-89cf-e1768353440f,2,external_2292_access_logged,not_assessed
3RScan:b8837e34-57ec-29c6-8b50-775098de406a,1,external_2292_access_logged,not_assessed
3RScan:b8837e3a-57ec-29c6-8b54-d440ca79a11f,3,current_165_selected;external_2292_access_logged,not_assessed
3RScan:ba6fda9c-a4c1-2dca-8185-456923749a4e,2,external_2292_access_logged,not_assessed
3RScan:ba6fda9e-a4c1-2dca-8381-c08ad16a6170,2,external_2292_access_logged,not_assessed
3RScan:ba6fdaa2-a4c1-2dca-81a8-2aacd785edd7,2,external_2292_access_logged,not_assessed
3RScan:ba6fdaaa-a4c1-2dca-8163-a52b18bf6b64,2,external_2292_access_logged,not_assessed
3RScan:ba6fdab4-a4c1-2dca-83e2-f5878fdf688a,2,external_2292_access_logged,not_assessed
3RScan:baf0a8f0-26d4-2033-8948-52ae41fdd30f,3,external_2292_access_logged;historical_320_selected,not_assessed
3RScan:baf67389-8e94-22f8-8055-1d869ecfede9,1,historical_320_selected,not_assessed
3RScan:baf67395-8e94-22f8-8100-9c9d7ce1c2b7,1,external_2292_access_logged,not_assessed
3RScan:baf673a6-8e94-22f8-8047-575f7de04f21,1,external_2292_access_logged,not_assessed
3RScan:baf673a8-8e94-22f8-837d-d39420725d90,2,external_2292_access_logged,not_assessed
3RScan:bcb0fe06-4f39-2c70-9c24-a8dd7496c2f8,2,current_165_selected;external_2292_access_logged,not_assessed
3RScan:bcb0fe0a-4f39-2c70-9d5f-a7263a0180ca,2,external_2292_access_logged,not_assessed
3RScan:bcb0fe0e-4f39-2c70-9e02-22b2f980cc35,1,current_165_selected,not_assessed
3RScan:bcb0fe10-4f39-2c70-9c4e-602f1186d2e9,2,external_2292_access_logged,not_assessed
3RScan:bcb0fe17-4f39-2c70-9d19-dafd03e967d8,1,current_165_selected,not_assessed
3RScan:bcb0fe1b-4f39-2c70-9f8c-2256ea9752ab,2,external_2292_access_logged,not_assessed
3RScan:bcb0fe1f-4f39-2c70-9e7f-a9d783c159fc,2,external_2292_access_logged,not_assessed
3RScan:bcb0fe2d-4f39-2c70-9d1a-49a4a6868d7d,1,external_2292_access_logged,not_assessed
3RScan:bf9a3da2-45a5-2e80-8219-1f0a216399fe,2,external_2292_access_logged,not_assessed
3RScan:bf9a3da4-45a5-2e80-8082-be634b241693,2,external_2292_access_logged,not_assessed
3RScan:bf9a3dac-45a5-2e80-8073-0fe4e80c0e99,2,external_2292_access_logged,not_assessed
3RScan:bf9a3db6-45a5-2e80-825a-e599db74ba26,3,external_2292_access_logged;historical_320_selected,not_assessed
3RScan:bf9a3dba-45a5-2e80-8282-0ee19d0447c7,3,external_2292_access_logged;historical_320_selected,not_assessed
3RScan:bf9a3dcb-45a5-2e80-83df-181fa8da160f,2,external_2292_access_logged,not_assessed
3RScan:bf9a3dd3-45a5-2e80-8163-8a5b2573aca4,2,external_2292_access_logged,not_assessed
3RScan:bf9a3dd7-45a5-2e80-8330-58904c51c1a9,2,external_2292_access_logged,not_assessed
3RScan:bf9a3de7-45a5-2e80-81a4-fd6126f6417b,2,external_2292_access_logged,not_assessed
3RScan:c12890cc-d3df-2d0d-85cd-eebc3e1c4b62,2,external_2292_access_logged,not_assessed
3RScan:c12890d8-d3df-2d0d-87cc-da303a47b893,2,current_165_selected;external_2292_access_logged,not_assessed
3RScan:c12890da-d3df-2d0d-862f-db6f9df19711,2,external_2292_access_logged,not_assessed
3RScan:c6707938-2ecb-2de2-811c-69f6f7a0e638,2,external_2292_access_logged,not_assessed
3RScan:c6707946-2ecb-2de2-8381-d5eae12243ee,1,historical_320_selected,not_assessed
3RScan:c7895f0d-339c-2d13-837c-6e5d8b7be7a8,1,external_2292_access_logged,not_assessed
3RScan:c7895f1d-339c-2d13-820f-f998ab956707,2,external_2292_access_logged,not_assessed
3RScan:c7895f27-339c-2d13-836b-c12dca280261,2,external_2292_access_logged,not_assessed
3RScan:c7895f2f-339c-2d13-8388-28e95af958de,2,external_2292_access_logged,not_assessed
3RScan:c7895f3e-339c-2d13-832a-b3636f113063,3,external_2292_access_logged;historical_320_selected,not_assessed
3RScan:c7895f42-339c-2d13-814f-994062b318b0,2,external_2292_access_logged,not_assessed
3RScan:c7895f46-339c-2d13-81c6-395674134ef2,2,external_2292_access_logged,not_assessed
3RScan:c7895f4e-339c-2d13-80d3-90eaa1403a25,2,external_2292_access_logged,not_assessed
3RScan:c7895f5f-339c-2d13-82db-e99a08b5f679,2,external_2292_access_logged,not_assessed
3RScan:c7895f7c-339c-2d13-819f-3bb0b26c91f6,2,external_2292_access_logged,not_assessed
3RScan:c7895f86-339c-2d13-82c8-3976988cd327,1,external_2292_access_logged,not_assessed
3RScan:c7895f8f-339c-2d13-81a3-84bc18b475b5,2,external_2292_access_logged,not_assessed
3RScan:c92fb576-f771-2064-845a-a52a44a9539f,1,historical_320_selected,not_assessed
3RScan:c92fb586-f771-2064-8678-a16eca03ac79,1,historical_320_selected,not_assessed
3RScan:c92fb594-f771-2064-879b-cc598a9dabe5,2,external_2292_access_logged,not_assessed
3RScan:c92fb59e-f771-2064-8431-6a20d3396067,1,external_2292_access_logged,not_assessed
3RScan:c92fb5b5-f771-2064-8570-dbe16cb33764,2,external_2292_access_logged,not_assessed
3RScan:c9fb7aa1-2a5b-2cf7-9222-6f111cb28b2b,2,external_2292_access_logged,not_assessed
3RScan:c9fb7aa5-2a5b-2cf7-902e-42a0339c7242,1,historical_320_selected,not_assessed
3RScan:cdcaf5c1-ddd8-2ed6-9553-bcaa06ad43da,2,external_2292_access_logged,not_assessed
3RScan:cf00577c-b8f0-2aa8-869e-175d8b655d12,2,external_2292_access_logged,not_assessed
3RScan:d63767be-3205-226c-9a89-3a27969053a7,1,current_165_selected;external_2292_access_logged,not_assessed
3RScan:d63767c3-3205-226c-98c2-fdccc047d36e,1,external_2292_access_logged,not_assessed
3RScan:d7d40d3e-7a5d-2b36-97b3-dd11abc0e876,2,external_2292_access_logged,not_assessed
3RScan:d7d40d48-7a5d-2b36-97ad-692c9b56b508,2,external_2292_access_logged,not_assessed
3RScan:d7d40d4e-7a5d-2b36-97e7-34324c52ac42,2,external_2292_access_logged,not_assessed
3RScan:d7d40d54-7a5d-2b36-94d4-7cf59473177f,2,external_2292_access_logged,not_assessed
3RScan:d7d40d5c-7a5d-2b36-9433-ee98b893988d,2,external_2292_access_logged,not_assessed
3RScan:d7d40d62-7a5d-2b36-955e-86a394caeabb,1,external_2292_access_logged,not_assessed
3RScan:d7d40d6c-7a5d-2b36-9674-c435fa58a2d1,1,external_2292_access_logged,not_assessed
3RScan:dbeb4d09-faf9-2324-9b85-dabd70dba4d0,2,external_2292_access_logged,not_assessed
3RScan:dbeb4d1b-faf9-2324-9ac8-cbad7aa51d12,2,external_2292_access_logged,not_assessed
3RScan:dc42b37a-8d5c-2d2a-84dd-83aff10e0abe,2,external_2292_access_logged,not_assessed
3RScan:ddc73797-765b-241a-9e2c-097c5989baf6,2,external_2292_access_logged,not_assessed
3RScan:ddc737a5-765b-241a-9cd2-c6e7a89aa43d,3,external_2292_access_logged;historical_320_selected,not_assessed
3RScan:ddc737a7-765b-241a-9f27-0958b929deb5,2,external_2292_access_logged,not_assessed
3RScan:ddc737ad-765b-241a-9d9f-1f19fab18318,3,external_2292_access_logged;historical_320_selected,not_assessed
3RScan:def7fbc1-48c2-2895-91d9-cb5e6f3e3589,2,external_2292_access_logged,not_assessed
3RScan:e3004a81-9f2a-2778-874e-fa76b0e67096,2,external_2292_access_logged,not_assessed
3RScan:e44d238f-52a2-2879-88ec-e383a4d9abf3,2,external_2292_access_logged,not_assessed
3RScan:e61b0e04-bada-2f31-82d6-72831a602ba7,1,external_2292_access_logged,not_assessed
3RScan:ebc42041-82a4-2113-8583-cc8c1be818b3,2,external_2292_access_logged,not_assessed
3RScan:eee5b056-ee2d-28f4-9bbe-f7ddf37895a6,1,external_2292_access_logged,not_assessed
3RScan:f38169c7-378c-2a65-8543-3c7481e856fe,4,external_2292_access_logged;historical_320_selected,not_assessed
3RScan:f62fd5f4-9a3f-2f44-8b81-246b93170189,1,external_2292_access_logged,not_assessed
3RScan:f62fd5f8-9a3f-2f44-8b1e-1289a3a61e26,1,current_165_selected,not_assessed
3RScan:fcf66d94-622d-291c-85fc-284b68d64c81,3,external_2292_access_logged;historical_320_selected,not_assessed
3RScan:fcf66da6-622d-291c-8685-46cd96a8af4e,2,current_165_selected;external_2292_access_logged,not_assessed
3RScan:fcf66daa-622d-291c-8548-a1163ee299b4,2,external_2292_access_logged,not_assessed
3RScan:fcf66dac-622d-291c-8542-d108fb4a91f5,2,external_2292_access_logged,not_assessed
3RScan:fcf66db2-622d-291c-8493-4f2517282f3f,2,external_2292_access_logged,not_assessed
3RScan:feefd90b-9d00-2ce5-8119-b936443cc39b,2,external_2292_access_logged,not_assessed
ARKitScenes:379801,2,external_2292_access_logged,not_assessed
ARKitScenes:380024,2,external_2292_access_logged,not_assessed
ARKitScenes:381452,2,external_2292_access_logged,not_assessed
ARKitScenes:381531,2,external_2292_access_logged,not_assessed
ARKitScenes:381612,1,current_165_selected,not_assessed
ARKitScenes:381626,1,external_2292_access_logged,not_assessed
ARKitScenes:381628,2,external_2292_access_logged,not_assessed
ARKitScenes:381648,2,external_2292_access_logged,not_assessed
ARKitScenes:381649,2,external_2292_access_logged,not_assessed
ARKitScenes:381650,1,historical_320_selected,not_assessed
ARKitScenes:381652,1,external_2292_access_logged,not_assessed
ARKitScenes:381654,2,external_2292_access_logged,not_assessed
ARKitScenes:381734,2,external_2292_access_logged,not_assessed
ARKitScenes:381767,1,historical_320_selected,not_assessed
ARKitScenes:381813,2,external_2292_access_logged,not_assessed
ARKitScenes:381872,2,external_2292_access_logged,not_assessed
ARKitScenes:381874,1,external_2292_access_logged,not_assessed
ARKitScenes:381881,1,external_2292_access_logged,not_assessed
ARKitScenes:382108,2,external_2292_access_logged,not_assessed
ARKitScenes:382112,1,external_2292_access_logged,not_assessed
ARKitScenes:382114,1,historical_320_selected,not_assessed
ARKitScenes:382124,2,external_2292_access_logged,not_assessed
ARKitScenes:382141,1,external_2292_access_logged,not_assessed
ARKitScenes:382143,1,external_2292_access_logged,not_assessed
ARKitScenes:382301,2,external_2292_access_logged,not_assessed
ARKitScenes:382318,1,historical_320_selected,not_assessed
ARKitScenes:382429,2,external_2292_access_logged,not_assessed
ARKitScenes:382620,1,external_2292_access_logged,not_assessed
ARKitScenes:382622,2,external_2292_access_logged,not_assessed
ARKitScenes:382633,1,external_2292_access_logged,not_assessed
ARKitScenes:382699,2,external_2292_access_logged,not_assessed
ARKitScenes:382706,2,external_2292_access_logged,not_assessed
ARKitScenes:382841,2,external_2292_access_logged,not_assessed
ARKitScenes:382843,2,external_2292_access_logged,not_assessed
ARKitScenes:382844,2,external_2292_access_logged,not_assessed
ARKitScenes:382950,2,external_2292_access_logged,not_assessed
ARKitScenes:382952,2,external_2292_access_logged,not_assessed
ARKitScenes:382964,2,external_2292_access_logged,not_assessed
ARKitScenes:382965,1,current_165_selected,not_assessed
ARKitScenes:382982,2,external_2292_access_logged,not_assessed
ARKitScenes:383236,2,external_2292_access_logged,not_assessed
ARKitScenes:383239,2,external_2292_access_logged,not_assessed
ARKitScenes:383373,2,external_2292_access_logged,not_assessed
ARKitScenes:383721,2,external_2292_access_logged,not_assessed
ARKitScenes:383967,2,external_2292_access_logged,not_assessed
ARKitScenes:384651,1,historical_320_selected,not_assessed
ARKitScenes:416407,2,external_2292_access_logged,not_assessed
ARKitScenes:420678,2,external_2292_access_logged,not_assessed
ARKitScenes:420687,2,current_165_selected;external_2292_access_logged,not_assessed
ARKitScenes:420693,1,current_165_selected,not_assessed
ARKitScenes:421005,2,external_2292_access_logged,not_assessed
ARKitScenes:421006,1,historical_320_selected,not_assessed
ARKitScenes:421061,2,external_2292_access_logged,not_assessed
ARKitScenes:421065,1,current_165_selected,not_assessed
ARKitScenes:421069,2,external_2292_access_logged,not_assessed
ARKitScenes:421249,2,external_2292_access_logged,not_assessed
ARKitScenes:421251,1,historical_320_selected,not_assessed
ARKitScenes:421267,2,external_2292_access_logged,not_assessed
ARKitScenes:421380,1,external_2292_access_logged,not_assessed
ARKitScenes:421397,2,external_2292_access_logged,not_assessed
ARKitScenes:421647,1,historical_320_selected,not_assessed
ARKitScenes:421655,1,historical_320_selected,not_assessed
ARKitScenes:422009,1,current_165_selected,not_assessed
ARKitScenes:422010,1,external_2292_access_logged,not_assessed
ARKitScenes:422012,2,external_2292_access_logged,not_assessed
ARKitScenes:422024,1,historical_320_selected,not_assessed
ARKitScenes:422029,2,external_2292_access_logged,not_assessed
ARKitScenes:422163,2,external_2292_access_logged,not_assessed
ARKitScenes:422369,1,historical_320_selected,not_assessed
ARKitScenes:422378,1,external_2292_access_logged,not_assessed
ARKitScenes:422385,1,current_165_selected,not_assessed
ARKitScenes:422391,2,external_2292_access_logged,not_assessed
ARKitScenes:422399,2,external_2292_access_logged,not_assessed
ARKitScenes:422521,2,external_2292_access_logged,not_assessed
ARKitScenes:422522,2,external_2292_access_logged,not_assessed
ARKitScenes:422523,1,external_2292_access_logged,not_assessed
ARKitScenes:422546,1,current_165_selected,not_assessed
ARKitScenes:422838,1,external_2292_access_logged,not_assessed
ARKitScenes:423305,1,current_165_selected,not_assessed
ARKitScenes:423311,2,external_2292_access_logged,not_assessed
ARKitScenes:423315,2,external_2292_access_logged,not_assessed
ARKitScenes:423322,1,external_2292_access_logged,not_assessed
ARKitScenes:423438,2,external_2292_access_logged,not_assessed
ARKitScenes:423477,1,current_165_selected,not_assessed
ARKitScenes:423611,1,historical_320_selected,not_assessed
ARKitScenes:423738,2,external_2292_access_logged,not_assessed
ARKitScenes:423777,1,historical_320_selected,not_assessed
ARKitScenes:423974,2,external_2292_access_logged,not_assessed
ARKitScenes:423982,3,external_2292_access_logged;historical_320_selected,not_assessed
ARKitScenes:426133,2,external_2292_access_logged,not_assessed
ARKitScenes:426143,2,external_2292_access_logged,not_assessed
ARKitScenes:426247,2,external_2292_access_logged,not_assessed
ARKitScenes:426262,1,historical_320_selected,not_assessed
ARKitScenes:426265,2,external_2292_access_logged,not_assessed
ARKitScenes:434623,1,external_2292_access_logged,not_assessed
ARKitScenes:434625,2,external_2292_access_logged,not_assessed
ARKitScenes:434638,1,external_2292_access_logged,not_assessed
ARKitScenes:434643,3,current_165_selected;external_2292_access_logged,not_assessed
ARKitScenes:434689,1,current_165_selected,not_assessed
ARKitScenes:434694,1,historical_320_selected,not_assessed
ARKitScenes:434695,2,external_2292_access_logged;historical_320_selected,not_assessed
ARKitScenes:434700,2,external_2292_access_logged,not_assessed
ARKitScenes:434869,2,external_2292_access_logged,not_assessed
ARKitScenes:434872,3,external_2292_access_logged;historical_320_selected,not_assessed
ARKitScenes:434878,2,external_2292_access_logged,not_assessed
ARKitScenes:434901,2,external_2292_access_logged,not_assessed
ARKitScenes:434906,1,external_2292_access_logged,not_assessed
ARKitScenes:434907,2,external_2292_access_logged;historical_320_selected,not_assessed
ARKitScenes:434908,2,external_2292_access_logged,not_assessed
ARKitScenes:434964,2,external_2292_access_logged,not_assessed
ARKitScenes:434965,2,external_2292_access_logged,not_assessed
ARKitScenes:434970,2,external_2292_access_logged,not_assessed
ARKitScenes:434975,2,external_2292_access_logged,not_assessed
ARKitScenes:435327,1,historical_320_selected,not_assessed
ARKitScenes:435341,1,external_2292_access_logged,not_assessed
ARKitScenes:435345,2,external_2292_access_logged,not_assessed
ARKitScenes:435358,1,external_2292_access_logged,not_assessed
ARKitScenes:435374,2,external_2292_access_logged,not_assessed
ARKitScenes:435375,2,external_2292_access_logged,not_assessed
ARKitScenes:435385,1,historical_320_selected,not_assessed
ARKitScenes:435664,2,external_2292_access_logged,not_assessed
ARKitScenes:435673,1,external_2292_access_logged,not_assessed
ARKitScenes:435723,1,external_2292_access_logged,not_assessed
ARKitScenes:435729,1,historical_320_selected,not_assessed
ARKitScenes:435732,2,external_2292_access_logged,not_assessed
ARKitScenes:435733,2,current_165_selected;external_2292_access_logged,not_assessed
ARKitScenes:435736,2,external_2292_access_logged,not_assessed
ARKitScenes:435929,2,external_2292_access_logged,not_assessed
ARKitScenes:435931,1,historical_320_selected,not_assessed
ARKitScenes:437134,2,external_2292_access_logged,not_assessed
ARKitScenes:437157,1,external_2292_access_logged,not_assessed
ARKitScenes:437165,1,external_2292_access_logged,not_assessed
ARKitScenes:437167,2,external_2292_access_logged,not_assessed
ARKitScenes:437168,2,external_2292_access_logged,not_assessed
ARKitScenes:437219,1,external_2292_access_logged,not_assessed
ARKitScenes:437294,1,historical_320_selected,not_assessed
ARKitScenes:437688,2,external_2292_access_logged;historical_320_selected,not_assessed
ARKitScenes:437736,2,external_2292_access_logged,not_assessed
ARKitScenes:437764,2,external_2292_access_logged,not_assessed
ARKitScenes:437980,1,external_2292_access_logged,not_assessed
ARKitScenes:437985,2,external_2292_access_logged,not_assessed
ARKitScenes:438023,2,external_2292_access_logged,not_assessed
ARKitScenes:438028,1,external_2292_access_logged,not_assessed
ARKitScenes:438104,2,external_2292_access_logged;historical_320_selected,not_assessed
ARKitScenes:438118,2,external_2292_access_logged,not_assessed
ARKitScenes:438359,1,historical_320_selected,not_assessed
ARKitScenes:438361,1,external_2292_access_logged,not_assessed
ARKitScenes:438367,2,external_2292_access_logged,not_assessed
ARKitScenes:438370,2,external_2292_access_logged,not_assessed
ARKitScenes:438375,1,external_2292_access_logged,not_assessed
ARKitScenes:438413,1,current_165_selected,not_assessed
ARKitScenes:438804,1,external_2292_access_logged,not_assessed
ARKitScenes:438963,2,external_2292_access_logged,not_assessed
ARKitScenes:438966,1,external_2292_access_logged,not_assessed
ARKitScenes:442392,1,historical_320_selected,not_assessed
ARKitScenes:455339,1,external_2292_access_logged,not_assessed
ARKitScenes:460409,1,historical_320_selected,not_assessed
ARKitScenes:460410,2,external_2292_access_logged,not_assessed
ARKitScenes:464233,1,current_165_selected,not_assessed
ARKitScenes:464752,2,external_2292_access_logged,not_assessed
ARKitScenes:464754,1,external_2292_access_logged,not_assessed
ARKitScenes:464760,1,external_2292_access_logged,not_assessed
ARKitScenes:464761,2,external_2292_access_logged;historical_320_selected,not_assessed
ARKitScenes:464789,2,external_2292_access_logged,not_assessed
ARKitScenes:464792,2,external_2292_access_logged,not_assessed
ARKitScenes:464947,2,external_2292_access_logged,not_assessed
ARKitScenes:464977,2,external_2292_access_logged,not_assessed
ARKitScenes:464980,1,current_165_selected,not_assessed
ARKitScenes:464981,1,external_2292_access_logged,not_assessed
ARKitScenes:466159,2,external_2292_access_logged,not_assessed
ARKitScenes:466234,2,external_2292_access_logged,not_assessed
ARKitScenes:466235,2,external_2292_access_logged,not_assessed
ARKitScenes:466437,2,external_2292_access_logged,not_assessed
ARKitScenes:466535,2,external_2292_access_logged,not_assessed
ARKitScenes:466539,2,external_2292_access_logged,not_assessed
ARKitScenes:466656,2,external_2292_access_logged,not_assessed
ARKitScenes:466827,2,external_2292_access_logged,not_assessed
ARKitScenes:466834,2,external_2292_access_logged,not_assessed
ARKitScenes:466858,2,external_2292_access_logged,not_assessed
ARKitScenes:466876,1,external_2292_access_logged,not_assessed
ARKitScenes:466880,1,current_165_selected,not_assessed
ARKitScenes:466964,2,external_2292_access_logged,not_assessed
ARKitScenes:467109,2,external_2292_access_logged,not_assessed
ARKitScenes:467138,1,historical_320_selected,not_assessed
ARKitScenes:467166,2,external_2292_access_logged,not_assessed
ARKitScenes:467170,1,historical_320_selected,not_assessed
ARKitScenes:467176,2,external_2292_access_logged,not_assessed
ARKitScenes:467292,1,historical_320_selected,not_assessed
ARKitScenes:467293,2,external_2292_access_logged,not_assessed
ARKitScenes:467297,1,historical_320_selected,not_assessed
ARKitScenes:467301,2,external_2292_access_logged,not_assessed
ARKitScenes:467306,2,external_2292_access_logged,not_assessed
ARKitScenes:467314,1,external_2292_access_logged,not_assessed
ARKitScenes:467341,1,current_165_selected,not_assessed
ARKitScenes:467346,1,external_2292_access_logged,not_assessed
ARKitScenes:467357,2,external_2292_access_logged,not_assessed
ARKitScenes:467360,2,external_2292_access_logged,not_assessed
ARKitScenes:467367,1,historical_320_selected,not_assessed
ARKitScenes:468073,1,historical_320_selected,not_assessed
ARKitScenes:468074,2,external_2292_access_logged,not_assessed
ARKitScenes:468097,1,external_2292_access_logged,not_assessed
ARKitScenes:468101,2,external_2292_access_logged,not_assessed
ARKitScenes:468136,1,external_2292_access_logged,not_assessed
ARKitScenes:468141,2,external_2292_access_logged,not_assessed
ARKitScenes:468275,2,external_2292_access_logged,not_assessed
ARKitScenes:468280,1,current_165_selected,not_assessed
ARKitScenes:468301,2,external_2292_access_logged,not_assessed
ARKitScenes:468393,2,external_2292_access_logged,not_assessed
ARKitScenes:468485,2,external_2292_access_logged,not_assessed
ARKitScenes:468496,2,external_2292_access_logged,not_assessed
ARKitScenes:468498,1,historical_320_selected,not_assessed
ARKitScenes:468654,1,historical_320_selected,not_assessed
ARKitScenes:468779,1,external_2292_access_logged,not_assessed
ARKitScenes:469216,2,external_2292_access_logged,not_assessed
ARKitScenes:469219,2,external_2292_access_logged,not_assessed
ARKitScenes:469220,2,external_2292_access_logged,not_assessed
ARKitScenes:469226,2,external_2292_access_logged,not_assessed
ARKitScenes:469266,2,external_2292_access_logged,not_assessed
ARKitScenes:469268,1,current_165_selected,not_assessed
ARKitScenes:469403,1,historical_320_selected,not_assessed
ARKitScenes:469443,2,external_2292_access_logged,not_assessed
ARKitScenes:469461,2,external_2292_access_logged,not_assessed
ARKitScenes:469464,1,external_2292_access_logged,not_assessed
ARKitScenes:469467,2,external_2292_access_logged,not_assessed
ARKitScenes:469552,2,external_2292_access_logged,not_assessed
ARKitScenes:469560,2,external_2292_access_logged,not_assessed
ARKitScenes:469603,2,external_2292_access_logged,not_assessed
ARKitScenes:469617,1,external_2292_access_logged,not_assessed
ARKitScenes:469632,1,external_2292_access_logged,not_assessed
ARKitScenes:469635,2,external_2292_access_logged,not_assessed
ARKitScenes:469642,2,external_2292_access_logged,not_assessed
ARKitScenes:469644,2,external_2292_access_logged,not_assessed
ARKitScenes:469647,2,external_2292_access_logged,not_assessed
ARKitScenes:469744,2,external_2292_access_logged,not_assessed
ARKitScenes:469781,2,external_2292_access_logged,not_assessed
ARKitScenes:469786,2,current_165_selected;external_2292_access_logged,not_assessed
ARKitScenes:469818,2,external_2292_access_logged,not_assessed
ARKitScenes:469819,2,external_2292_access_logged,not_assessed
ARKitScenes:469821,2,external_2292_access_logged,not_assessed
ARKitScenes:469822,2,external_2292_access_logged,not_assessed
ARKitScenes:469831,2,external_2292_access_logged,not_assessed
ARKitScenes:469835,2,external_2292_access_logged,not_assessed
ARKitScenes:470052,2,external_2292_access_logged,not_assessed
ARKitScenes:470102,1,historical_320_selected,not_assessed
ARKitScenes:470130,2,external_2292_access_logged,not_assessed
ARKitScenes:470296,1,external_2292_access_logged,not_assessed
ARKitScenes:470297,2,external_2292_access_logged,not_assessed
ARKitScenes:470309,1,historical_320_selected,not_assessed
ARKitScenes:470313,2,external_2292_access_logged,not_assessed
ARKitScenes:470325,2,external_2292_access_logged,not_assessed
ARKitScenes:470326,2,external_2292_access_logged,not_assessed
ARKitScenes:470488,2,external_2292_access_logged,not_assessed
ARKitScenes:470507,2,external_2292_access_logged,not_assessed
ARKitScenes:470508,2,external_2292_access_logged,not_assessed
ARKitScenes:470516,1,external_2292_access_logged,not_assessed
ARKitScenes:470536,2,external_2292_access_logged,not_assessed
ARKitScenes:470546,2,external_2292_access_logged,not_assessed
ARKitScenes:470547,1,historical_320_selected,not_assessed
ARKitScenes:470551,2,external_2292_access_logged,not_assessed
ARKitScenes:470655,2,external_2292_access_logged,not_assessed
ARKitScenes:470864,2,external_2292_access_logged,not_assessed
ARKitScenes:470866,2,external_2292_access_logged,not_assessed
ARKitScenes:470876,2,external_2292_access_logged,not_assessed
ARKitScenes:470945,2,external_2292_access_logged,not_assessed
ARKitScenes:470978,2,external_2292_access_logged,not_assessed
ARKitScenes:470995,2,external_2292_access_logged,not_assessed
ARKitScenes:470996,1,historical_320_selected,not_assessed
ARKitScenes:470998,1,external_2292_access_logged,not_assessed
ARKitScenes:471006,1,historical_320_selected,not_assessed
ARKitScenes:471015,1,historical_320_selected,not_assessed
ARKitScenes:471016,2,external_2292_access_logged,not_assessed
ARKitScenes:471024,2,external_2292_access_logged,not_assessed
ARKitScenes:471032,1,external_2292_access_logged,not_assessed
ARKitScenes:471163,1,external_2292_access_logged,not_assessed
ARKitScenes:471190,2,external_2292_access_logged,not_assessed
ARKitScenes:471198,1,current_165_selected,not_assessed
ARKitScenes:471307,2,external_2292_access_logged,not_assessed
ARKitScenes:471375,2,external_2292_access_logged,not_assessed
ARKitScenes:471389,2,external_2292_access_logged;historical_320_selected,not_assessed
ARKitScenes:471411,1,current_165_selected,not_assessed
ARKitScenes:471412,2,external_2292_access_logged,not_assessed
ARKitScenes:471416,2,external_2292_access_logged,not_assessed
ARKitScenes:471427,2,external_2292_access_logged,not_assessed
ARKitScenes:471429,2,external_2292_access_logged,not_assessed
ARKitScenes:471442,1,historical_320_selected,not_assessed
ARKitScenes:471663,2,external_2292_access_logged,not_assessed
ARKitScenes:471667,1,external_2292_access_logged,not_assessed
ARKitScenes:471674,1,current_165_selected,not_assessed
ARKitScenes:471677,2,external_2292_access_logged,not_assessed
ARKitScenes:471942,2,external_2292_access_logged,not_assessed
ARKitScenes:472034,1,external_2292_access_logged,not_assessed
ARKitScenes:472035,1,external_2292_access_logged,not_assessed
ARKitScenes:472041,1,external_2292_access_logged;historical_320_selected,not_assessed
ARKitScenes:472050,2,external_2292_access_logged,not_assessed
ARKitScenes:472068,1,external_2292_access_logged,not_assessed
ARKitScenes:472071,1,historical_320_selected,not_assessed
ARKitScenes:472082,2,external_2292_access_logged,not_assessed
ARKitScenes:472306,2,external_2292_access_logged,not_assessed
ARKitScenes:472309,1,external_2292_access_logged,not_assessed
ARKitScenes:472312,2,external_2292_access_logged,not_assessed
ARKitScenes:472314,2,external_2292_access_logged,not_assessed
ARKitScenes:472336,2,external_2292_access_logged,not_assessed
ARKitScenes:472341,1,current_165_selected,not_assessed
ARKitScenes:472346,2,external_2292_access_logged,not_assessed
ARKitScenes:472347,2,external_2292_access_logged,not_assessed
ARKitScenes:472356,1,external_2292_access_logged,not_assessed
ARKitScenes:472479,2,external_2292_access_logged,not_assessed
ARKitScenes:472595,2,external_2292_access_logged,not_assessed
ARKitScenes:472620,1,historical_320_selected,not_assessed
ARKitScenes:472625,2,external_2292_access_logged,not_assessed
ARKitScenes:478016,2,external_2292_access_logged,not_assessed
ARKitScenes:481489,1,current_165_selected,not_assessed
ARKitScenes:481495,2,external_2292_access_logged,not_assessed
ARKitScenes:481502,2,external_2292_access_logged,not_assessed
ARKitScenes:481534,2,external_2292_access_logged,not_assessed
ARKitScenes:481664,2,external_2292_access_logged,not_assessed
ARKitScenes:481670,2,external_2292_access_logged,not_assessed
ARKitScenes:481786,1,historical_320_selected,not_assessed
ARKitScenes:481788,2,external_2292_access_logged,not_assessed
ARKitScenes:481791,2,external_2292_access_logged,not_assessed
ARKitScenes:481806,2,external_2292_access_logged,not_assessed
ARKitScenes:481808,1,external_2292_access_logged,not_assessed
ARKitScenes:481809,2,external_2292_access_logged,not_assessed
ARKitScenes:482084,1,current_165_selected,not_assessed
ARKitScenes:482129,1,historical_320_selected,not_assessed
ARKitScenes:482145,2,external_2292_access_logged,not_assessed
ARKitScenes:482224,3,current_165_selected;external_2292_access_logged,not_assessed
ARKitScenes:482230,1,external_2292_access_logged,not_assessed
ARKitScenes:482293,2,external_2292_access_logged,not_assessed
ARKitScenes:482296,2,external_2292_access_logged,not_assessed
ARKitScenes:482324,1,historical_320_selected,not_assessed
ARKitScenes:482470,1,current_165_selected,not_assessed
ARKitScenes:482474,2,current_165_selected;historical_320_selected,not_assessed
ARKitScenes:482484,2,external_2292_access_logged,not_assessed
ARKitScenes:482617,1,external_2292_access_logged,not_assessed
ARKitScenes:482619,2,external_2292_access_logged,not_assessed
ARKitScenes:482624,2,external_2292_access_logged,not_assessed
ARKitScenes:482626,3,external_2292_access_logged;historical_320_selected,not_assessed
ARKitScenes:482633,1,external_2292_access_logged,not_assessed
ARKitScenes:482761,2,external_2292_access_logged,not_assessed
ARKitScenes:482850,2,external_2292_access_logged,not_assessed
ARKitScenes:482861,1,external_2292_access_logged,not_assessed
ARKitScenes:482862,2,external_2292_access_logged,not_assessed
ARKitScenes:482866,1,historical_320_selected,not_assessed
ARKitScenes:482881,2,external_2292_access_logged,not_assessed
ARKitScenes:483084,2,external_2292_access_logged,not_assessed
ARKitScenes:483087,1,current_165_selected,not_assessed
ARKitScenes:483088,2,external_2292_access_logged,not_assessed
ARKitScenes:483089,1,historical_320_selected,not_assessed
ARKitScenes:483094,3,external_2292_access_logged;historical_320_selected,not_assessed
ARKitScenes:483098,2,external_2292_access_logged,not_assessed
ARKitScenes:483099,2,external_2292_access_logged,not_assessed
ARKitScenes:483102,1,current_165_selected,not_assessed
ARKitScenes:483249,2,external_2292_access_logged,not_assessed
ARKitScenes:483288,2,historical_320_selected,not_assessed
ARKitScenes:483298,1,historical_320_selected,not_assessed
ARKitScenes:483302,2,external_2292_access_logged,not_assessed
ARKitScenes:483303,1,external_2292_access_logged,not_assessed
ARKitScenes:483304,1,historical_320_selected,not_assessed
ARKitScenes:483313,2,external_2292_access_logged,not_assessed
ARKitScenes:483320,2,external_2292_access_logged,not_assessed
ARKitScenes:483322,2,external_2292_access_logged,not_assessed
ARKitScenes:483413,2,current_165_selected;external_2292_access_logged,not_assessed
ARKitScenes:483589,3,external_2292_access_logged;historical_320_selected,not_assessed
ARKitScenes:483591,2,external_2292_access_logged,not_assessed
ARKitScenes:483935,2,external_2292_access_logged,not_assessed
ARKitScenes:483943,2,external_2292_access_logged,not_assessed
ARKitScenes:483951,2,external_2292_access_logged,not_assessed
ARKitScenes:483964,2,external_2292_access_logged,not_assessed
ARKitScenes:483984,2,external_2292_access_logged,not_assessed
ARKitScenes:483987,2,external_2292_access_logged,not_assessed
ARKitScenes:483998,2,external_2292_access_logged,not_assessed
ARKitScenes:484003,2,external_2292_access_logged,not_assessed
ARKitScenes:484161,1,external_2292_access_logged,not_assessed
ARKitScenes:484164,2,external_2292_access_logged,not_assessed
ARKitScenes:484452,3,external_2292_access_logged;historical_320_selected,not_assessed
ARKitScenes:484540,2,external_2292_access_logged,not_assessed
Matterport3D:17DRP5sb8fy,4,external_2292_access_logged;historical_320_selected,not_assessed
Matterport3D:1LXtFkjw3qL,2,external_2292_access_logged,not_assessed
Matterport3D:1pXnuDYAj8r,3,external_2292_access_logged;historical_320_selected,not_assessed
Matterport3D:29hnd4uzFmX,2,external_2292_access_logged,not_assessed
Matterport3D:2azQ1b91cZZ,5,current_165_selected;external_2292_access_logged;historical_320_selected,not_assessed
Matterport3D:2n8kARJN3HM,2,external_2292_access_logged,not_assessed
Matterport3D:2t7WUuJeko7,3,external_2292_access_logged;historical_320_selected,not_assessed
Matterport3D:5LpN3gDmAk7,4,external_2292_access_logged;historical_320_selected,not_assessed
Matterport3D:5ZKStnWn8Zo,3,external_2292_access_logged;historical_320_selected,not_assessed
Matterport3D:5q7pvUzZiYa,2,current_165_selected;external_2292_access_logged,not_assessed
Matterport3D:759xd9YjKW5,3,external_2292_access_logged;historical_320_selected,not_assessed
Matterport3D:7y3sRwLe3Va,3,current_165_selected;external_2292_access_logged,not_assessed
Matterport3D:8194nk5LbLH,2,external_2292_access_logged,not_assessed
Matterport3D:82sE5b5pLXE,1,external_2292_access_logged,not_assessed
Matterport3D:8WUmhLawc2A,3,external_2292_access_logged;historical_320_selected,not_assessed
Matterport3D:ARNzJeq3xxb,2,external_2292_access_logged,not_assessed
Matterport3D:B6ByNegPMKs,3,current_165_selected;external_2292_access_logged;historical_320_selected,not_assessed
Matterport3D:D7G3Y4RVNrH,2,external_2292_access_logged,not_assessed
Matterport3D:D7N2EKCX4Sj,2,external_2292_access_logged,not_assessed
Matterport3D:E9uDoFAP3SH,4,external_2292_access_logged;historical_320_selected,not_assessed
Matterport3D:EDJbREhghzL,3,current_165_selected;external_2292_access_logged;historical_320_selected,not_assessed
Matterport3D:EU6Fwq7SyZv,2,external_2292_access_logged,not_assessed
Matterport3D:GdvgFV5R1Z5,2,external_2292_access_logged,not_assessed
Matterport3D:HxpKQynjfin,2,current_165_selected;external_2292_access_logged,not_assessed
Matterport3D:JF19kD82Mey,3,external_2292_access_logged;historical_320_selected,not_assessed
Matterport3D:JeFG25nYj2p,3,current_165_selected;external_2292_access_logged,not_assessed
Matterport3D:JmbYfDe2QKZ,3,current_165_selected;external_2292_access_logged;historical_320_selected,not_assessed
Matterport3D:PX4nDJXEHrG,6,external_2292_access_logged;historical_320_selected,not_assessed
Matterport3D:Pm6F8kyY3z2,2,external_2292_access_logged,not_assessed
Matterport3D:PuKPg4mmafe,2,external_2292_access_logged,not_assessed
Matterport3D:QUCTc6BB5sX,4,external_2292_access_logged;historical_320_selected,not_assessed
Matterport3D:RPmz2sHmrrY,3,current_165_selected;external_2292_access_logged,not_assessed
Matterport3D:S9hNv5qa7GM,4,external_2292_access_logged;historical_320_selected,not_assessed
Matterport3D:SN83YJsR3w2,4,external_2292_access_logged;historical_320_selected,not_assessed
Matterport3D:TbHJrupSAjP,3,external_2292_access_logged;historical_320_selected,not_assessed
Matterport3D:ULsKaCPVFJR,4,external_2292_access_logged;historical_320_selected,not_assessed
Matterport3D:UwV83HsGsw3,3,current_165_selected;external_2292_access_logged;historical_320_selected,not_assessed
Matterport3D:Uxmj2M2itWa,4,current_165_selected;external_2292_access_logged;historical_320_selected,not_assessed
Matterport3D:V2XKFyX4ASd,2,external_2292_access_logged,not_assessed
Matterport3D:VFuaQ6m2Qom,5,current_165_selected;external_2292_access_logged;historical_320_selected,not_assessed
Matterport3D:VLzqgDo317F,2,external_2292_access_logged,not_assessed
Matterport3D:VVfe2KiqLaN,4,external_2292_access_logged;historical_320_selected,not_assessed
Matterport3D:Vt2qJdWjCF2,2,external_2292_access_logged,not_assessed
Matterport3D:Vvot9Ly1tCj,4,current_165_selected;external_2292_access_logged;historical_320_selected,not_assessed
Matterport3D:VzqfbhrpDEA,2,external_2292_access_logged,not_assessed
Matterport3D:WYY7iVyf5p8,4,current_165_selected;external_2292_access_logged;historical_320_selected,not_assessed
Matterport3D:X7HyMhZNoso,2,external_2292_access_logged,not_assessed
Matterport3D:XcA2TqTSSAj,2,external_2292_access_logged,not_assessed
Matterport3D:YFuZgdQ5vWj,5,current_165_selected;external_2292_access_logged;historical_320_selected,not_assessed
Matterport3D:YVUC4YcDtcY,2,external_2292_access_logged,not_assessed
Matterport3D:YmJkqBEsHnH,2,external_2292_access_logged,not_assessed
Matterport3D:Z6MFQCViBuw,2,current_165_selected;external_2292_access_logged,not_assessed
Matterport3D:ZMojNkEp431,1,external_2292_access_logged,not_assessed
Matterport3D:aayBHfsNo7d,3,current_165_selected;external_2292_access_logged,not_assessed
Matterport3D:ac26ZMwG7aT,3,current_165_selected;external_2292_access_logged,not_assessed
Matterport3D:b8cTxDM8gDG,4,current_165_selected;external_2292_access_logged;historical_320_selected,not_assessed
Matterport3D:cV4RVeZvu5T,3,current_165_selected;external_2292_access_logged,not_assessed
Matterport3D:dhjEzFoUFzH,2,external_2292_access_logged,not_assessed
Matterport3D:e9zR4mvMWw7,2,external_2292_access_logged,not_assessed
Matterport3D:fzynW3qQPVF,4,external_2292_access_logged;historical_320_selected,not_assessed
Matterport3D:gTV8FGcVJC9,3,current_165_selected;external_2292_access_logged,not_assessed
Matterport3D:gZ6f7yhEvPG,3,current_165_selected;external_2292_access_logged,not_assessed
Matterport3D:i5noydFURQK,3,external_2292_access_logged;historical_320_selected,not_assessed
Matterport3D:jh4fc5c5qoQ,2,external_2292_access_logged,not_assessed
Matterport3D:jtcxE69GiFV,4,current_165_selected;external_2292_access_logged;historical_320_selected,not_assessed
Matterport3D:kEZ7cmS4wCh,3,current_165_selected;external_2292_access_logged,not_assessed
Matterport3D:mJXqzFtmKg4,3,external_2292_access_logged;historical_320_selected,not_assessed
Matterport3D:oLBMNvg9in8,3,current_165_selected;external_2292_access_logged;historical_320_selected,not_assessed
Matterport3D:p5wJjkQkbXX,2,external_2292_access_logged,not_assessed
Matterport3D:pLe4wQe7qrG,3,current_165_selected;external_2292_access_logged,not_assessed
Matterport3D:pRbA3pwrgk9,4,current_165_selected;external_2292_access_logged;historical_320_selected,not_assessed
Matterport3D:pa4otMbVnkk,3,external_2292_access_logged;historical_320_selected,not_assessed
Matterport3D:q9vSo1VnCiC,3,external_2292_access_logged;historical_320_selected,not_assessed
Matterport3D:qoiz87JEwZ2,1,external_2292_access_logged,not_assessed
Matterport3D:r1Q1Z4BcV1o,2,external_2292_access_logged,not_assessed
Matterport3D:r47D5H71a5s,6,external_2292_access_logged;historical_320_selected,not_assessed
Matterport3D:rPc6DW4iMge,2,external_2292_access_logged,not_assessed
Matterport3D:rqfALeAoiTq,3,current_165_selected;external_2292_access_logged;historical_320_selected,not_assessed
Matterport3D:s8pcmisQ38h,2,external_2292_access_logged,not_assessed
Matterport3D:sKLMLpTHeUy,3,current_165_selected;external_2292_access_logged,not_assessed
Matterport3D:sT4fr6TAbpF,2,external_2292_access_logged,not_assessed
Matterport3D:uNb9QFRL6hY,4,external_2292_access_logged;historical_320_selected,not_assessed
Matterport3D:ur6pFq6Qu1A,3,current_165_selected;external_2292_access_logged,not_assessed
Matterport3D:vyrNrziPKCB,5,external_2292_access_logged;historical_320_selected,not_assessed
Matterport3D:wc2JMjhGNzB,2,external_2292_access_logged,not_assessed
Matterport3D:x8F5xyUWy9e,3,current_165_selected;external_2292_access_logged,not_assessed
Matterport3D:yqstnuAEVhm,3,current_165_selected;external_2292_access_logged;historical_320_selected,not_assessed
Matterport3D:zsNo4HB9uLZ,3,current_165_selected;external_2292_access_logged,not_assessed
ScanNet:scene0000,2,external_2292_access_logged,not_assessed
ScanNet:scene0001,2,external_2292_access_logged;historical_320_selected,not_assessed
ScanNet:scene0005,2,external_2292_access_logged,not_assessed
ScanNet:scene0008,1,external_2292_access_logged,not_assessed
ScanNet:scene0009,2,external_2292_access_logged;historical_320_selected,not_assessed
ScanNet:scene0012,2,external_2292_access_logged,not_assessed
ScanNet:scene0013,1,external_2292_access_logged,not_assessed
ScanNet:scene0014,3,current_165_selected;external_2292_access_logged,not_assessed
ScanNet:scene0017,1,historical_320_selected,not_assessed
ScanNet:scene0018,2,external_2292_access_logged,not_assessed
ScanNet:scene0022,3,external_2292_access_logged;historical_320_selected,not_assessed
ScanNet:scene0026,2,external_2292_access_logged,not_assessed
ScanNet:scene0027,2,external_2292_access_logged,not_assessed
ScanNet:scene0028,2,external_2292_access_logged,not_assessed
ScanNet:scene0029,2,external_2292_access_logged,not_assessed
ScanNet:scene0030,2,external_2292_access_logged;historical_320_selected,not_assessed
ScanNet:scene0031,1,external_2292_access_logged,not_assessed
ScanNet:scene0032,2,external_2292_access_logged,not_assessed
ScanNet:scene0037,2,current_165_selected;external_2292_access_logged,not_assessed
ScanNet:scene0041,1,external_2292_access_logged,not_assessed
ScanNet:scene0043,2,external_2292_access_logged,not_assessed
ScanNet:scene0046,2,external_2292_access_logged,not_assessed
ScanNet:scene0050,2,external_2292_access_logged,not_assessed
ScanNet:scene0051,3,external_2292_access_logged;historical_320_selected,not_assessed
ScanNet:scene0055,1,current_165_selected,not_assessed
ScanNet:scene0059,1,external_2292_access_logged,not_assessed
ScanNet:scene0061,2,external_2292_access_logged,not_assessed
ScanNet:scene0062,1,external_2292_access_logged,not_assessed
ScanNet:scene0065,1,historical_320_selected,not_assessed
ScanNet:scene0066,2,external_2292_access_logged,not_assessed
ScanNet:scene0068,1,current_165_selected,not_assessed
ScanNet:scene0070,2,external_2292_access_logged,not_assessed
ScanNet:scene0072,1,current_165_selected,not_assessed
ScanNet:scene0073,3,external_2292_access_logged;historical_320_selected,not_assessed
ScanNet:scene0074,2,external_2292_access_logged,not_assessed
ScanNet:scene0077,2,external_2292_access_logged,not_assessed
ScanNet:scene0079,2,external_2292_access_logged,not_assessed
ScanNet:scene0080,2,current_165_selected;historical_320_selected,not_assessed
ScanNet:scene0082,2,external_2292_access_logged,not_assessed
ScanNet:scene0083,1,external_2292_access_logged,not_assessed
ScanNet:scene0085,1,external_2292_access_logged,not_assessed
ScanNet:scene0086,2,external_2292_access_logged,not_assessed
ScanNet:scene0087,2,external_2292_access_logged,not_assessed
ScanNet:scene0088,3,external_2292_access_logged;historical_320_selected,not_assessed
ScanNet:scene0089,2,external_2292_access_logged;historical_320_selected,not_assessed
ScanNet:scene0090,1,external_2292_access_logged,not_assessed
ScanNet:scene0092,3,external_2292_access_logged;historical_320_selected,not_assessed
ScanNet:scene0093,1,external_2292_access_logged,not_assessed
ScanNet:scene0094,2,external_2292_access_logged,not_assessed
ScanNet:scene0096,1,historical_320_selected,not_assessed
ScanNet:scene0097,2,current_165_selected;historical_320_selected,not_assessed
ScanNet:scene0098,2,external_2292_access_logged,not_assessed
ScanNet:scene0100,3,external_2292_access_logged;historical_320_selected,not_assessed
ScanNet:scene0102,1,current_165_selected,not_assessed
ScanNet:scene0104,2,external_2292_access_logged,not_assessed
ScanNet:scene0105,2,external_2292_access_logged,not_assessed
ScanNet:scene0107,2,external_2292_access_logged,not_assessed
ScanNet:scene0108,2,external_2292_access_logged,not_assessed
ScanNet:scene0109,2,external_2292_access_logged,not_assessed
ScanNet:scene0114,1,external_2292_access_logged,not_assessed
ScanNet:scene0115,2,external_2292_access_logged,not_assessed
ScanNet:scene0117,1,external_2292_access_logged,not_assessed
ScanNet:scene0118,2,external_2292_access_logged,not_assessed
ScanNet:scene0119,2,external_2292_access_logged,not_assessed
ScanNet:scene0121,2,external_2292_access_logged,not_assessed
ScanNet:scene0122,2,external_2292_access_logged,not_assessed
ScanNet:scene0124,2,external_2292_access_logged,not_assessed
ScanNet:scene0126,2,external_2292_access_logged,not_assessed
ScanNet:scene0128,2,external_2292_access_logged;historical_320_selected,not_assessed
ScanNet:scene0129,2,external_2292_access_logged,not_assessed
ScanNet:scene0130,2,external_2292_access_logged,not_assessed
ScanNet:scene0131,2,external_2292_access_logged,not_assessed
ScanNet:scene0132,2,external_2292_access_logged,not_assessed
ScanNet:scene0134,1,historical_320_selected,not_assessed
ScanNet:scene0136,2,external_2292_access_logged,not_assessed
ScanNet:scene0141,1,external_2292_access_logged,not_assessed
ScanNet:scene0145,2,external_2292_access_logged,not_assessed
ScanNet:scene0146,1,historical_320_selected,not_assessed
ScanNet:scene0147,2,external_2292_access_logged,not_assessed
ScanNet:scene0148,1,external_2292_access_logged,not_assessed
ScanNet:scene0150,2,external_2292_access_logged,not_assessed
ScanNet:scene0151,2,external_2292_access_logged,not_assessed
ScanNet:scene0152,2,external_2292_access_logged,not_assessed
ScanNet:scene0155,2,external_2292_access_logged,not_assessed
ScanNet:scene0157,1,external_2292_access_logged,not_assessed
ScanNet:scene0161,2,external_2292_access_logged;historical_320_selected,not_assessed
ScanNet:scene0164,2,external_2292_access_logged,not_assessed
ScanNet:scene0165,1,historical_320_selected,not_assessed
ScanNet:scene0168,1,historical_320_selected,not_assessed
ScanNet:scene0169,1,external_2292_access_logged,not_assessed
ScanNet:scene0170,2,current_165_selected;external_2292_access_logged,not_assessed
ScanNet:scene0172,2,external_2292_access_logged,not_assessed
ScanNet:scene0173,2,external_2292_access_logged,not_assessed
ScanNet:scene0176,2,external_2292_access_logged,not_assessed
ScanNet:scene0177,2,external_2292_access_logged,not_assessed
ScanNet:scene0178,2,external_2292_access_logged,not_assessed
ScanNet:scene0179,2,external_2292_access_logged,not_assessed
ScanNet:scene0181,1,historical_320_selected,not_assessed
ScanNet:scene0184,2,external_2292_access_logged,not_assessed
ScanNet:scene0185,1,external_2292_access_logged,not_assessed
ScanNet:scene0186,3,external_2292_access_logged;historical_320_selected,not_assessed
ScanNet:scene0187,2,external_2292_access_logged,not_assessed
ScanNet:scene0189,1,historical_320_selected,not_assessed
ScanNet:scene0190,1,historical_320_selected,not_assessed
ScanNet:scene0193,2,external_2292_access_logged,not_assessed
ScanNet:scene0195,2,external_2292_access_logged,not_assessed
ScanNet:scene0196,2,external_2292_access_logged,not_assessed
ScanNet:scene0197,2,external_2292_access_logged,not_assessed
ScanNet:scene0200,2,external_2292_access_logged,not_assessed
ScanNet:scene0203,2,external_2292_access_logged,not_assessed
ScanNet:scene0204,3,external_2292_access_logged;historical_320_selected,not_assessed
ScanNet:scene0206,3,current_165_selected;external_2292_access_logged,not_assessed
ScanNet:scene0208,2,external_2292_access_logged,not_assessed
ScanNet:scene0209,1,historical_320_selected,not_assessed
ScanNet:scene0210,1,historical_320_selected,not_assessed
ScanNet:scene0211,1,historical_320_selected,not_assessed
ScanNet:scene0212,1,historical_320_selected,not_assessed
ScanNet:scene0213,1,external_2292_access_logged,not_assessed
ScanNet:scene0215,2,external_2292_access_logged,not_assessed
ScanNet:scene0221,1,external_2292_access_logged,not_assessed
ScanNet:scene0223,2,external_2292_access_logged,not_assessed
ScanNet:scene0224,2,external_2292_access_logged,not_assessed
ScanNet:scene0226,2,external_2292_access_logged,not_assessed
ScanNet:scene0228,2,external_2292_access_logged,not_assessed
ScanNet:scene0229,2,external_2292_access_logged,not_assessed
ScanNet:scene0233,3,external_2292_access_logged;historical_320_selected,not_assessed
ScanNet:scene0237,1,historical_320_selected,not_assessed
ScanNet:scene0239,2,external_2292_access_logged,not_assessed
ScanNet:scene0240,2,external_2292_access_logged,not_assessed
ScanNet:scene0241,2,current_165_selected;external_2292_access_logged,not_assessed
ScanNet:scene0246,2,external_2292_access_logged,not_assessed
ScanNet:scene0247,2,external_2292_access_logged,not_assessed
ScanNet:scene0248,2,external_2292_access_logged,not_assessed
ScanNet:scene0249,1,external_2292_access_logged,not_assessed
ScanNet:scene0250,1,external_2292_access_logged,not_assessed
ScanNet:scene0251,1,external_2292_access_logged,not_assessed
ScanNet:scene0255,1,current_165_selected,not_assessed
ScanNet:scene0260,1,historical_320_selected,not_assessed
ScanNet:scene0266,2,external_2292_access_logged,not_assessed
ScanNet:scene0270,4,current_165_selected;external_2292_access_logged;historical_320_selected,not_assessed
ScanNet:scene0271,3,external_2292_access_logged;historical_320_selected,not_assessed
ScanNet:scene0272,1,current_165_selected,not_assessed
ScanNet:scene0274,1,historical_320_selected,not_assessed
ScanNet:scene0276,2,external_2292_access_logged,not_assessed
ScanNet:scene0277,2,external_2292_access_logged,not_assessed
ScanNet:scene0281,2,external_2292_access_logged,not_assessed
ScanNet:scene0282,2,external_2292_access_logged,not_assessed
ScanNet:scene0285,2,external_2292_access_logged,not_assessed
ScanNet:scene0286,2,external_2292_access_logged,not_assessed
ScanNet:scene0287,2,external_2292_access_logged,not_assessed
ScanNet:scene0288,1,historical_320_selected,not_assessed
ScanNet:scene0289,2,current_165_selected;external_2292_access_logged,not_assessed
ScanNet:scene0290,2,external_2292_access_logged,not_assessed
ScanNet:scene0296,2,external_2292_access_logged,not_assessed
ScanNet:scene0299,1,external_2292_access_logged,not_assessed
ScanNet:scene0300,2,external_2292_access_logged,not_assessed
ScanNet:scene0301,1,external_2292_access_logged,not_assessed
ScanNet:scene0304,2,external_2292_access_logged,not_assessed
ScanNet:scene0305,1,historical_320_selected,not_assessed
ScanNet:scene0307,1,external_2292_access_logged,not_assessed
ScanNet:scene0309,2,external_2292_access_logged,not_assessed
ScanNet:scene0312,2,external_2292_access_logged,not_assessed
ScanNet:scene0314,2,external_2292_access_logged,not_assessed
ScanNet:scene0316,1,current_165_selected,not_assessed
ScanNet:scene0318,2,external_2292_access_logged,not_assessed
ScanNet:scene0322,2,external_2292_access_logged,not_assessed
ScanNet:scene0323,1,historical_320_selected,not_assessed
ScanNet:scene0324,2,external_2292_access_logged,not_assessed
ScanNet:scene0326,2,external_2292_access_logged,not_assessed
ScanNet:scene0329,2,external_2292_access_logged,not_assessed
ScanNet:scene0332,2,external_2292_access_logged,not_assessed
ScanNet:scene0333,1,historical_320_selected,not_assessed
ScanNet:scene0334,1,current_165_selected,not_assessed
ScanNet:scene0335,1,historical_320_selected,not_assessed
ScanNet:scene0336,2,external_2292_access_logged,not_assessed
ScanNet:scene0338,2,current_165_selected;historical_320_selected,not_assessed
ScanNet:scene0339,1,external_2292_access_logged,not_assessed
ScanNet:scene0340,2,external_2292_access_logged,not_assessed
ScanNet:scene0343,1,external_2292_access_logged,not_assessed
ScanNet:scene0346,2,external_2292_access_logged,not_assessed
ScanNet:scene0348,2,external_2292_access_logged,not_assessed
ScanNet:scene0351,2,external_2292_access_logged,not_assessed
ScanNet:scene0353,2,external_2292_access_logged,not_assessed
ScanNet:scene0355,2,current_165_selected;external_2292_access_logged,not_assessed
ScanNet:scene0356,2,external_2292_access_logged,not_assessed
ScanNet:scene0360,2,external_2292_access_logged,not_assessed
ScanNet:scene0361,2,external_2292_access_logged,not_assessed
ScanNet:scene0362,2,external_2292_access_logged,not_assessed
ScanNet:scene0363,2,external_2292_access_logged;historical_320_selected,not_assessed
ScanNet:scene0366,2,external_2292_access_logged,not_assessed
ScanNet:scene0368,2,external_2292_access_logged,not_assessed
ScanNet:scene0371,2,external_2292_access_logged,not_assessed
ScanNet:scene0372,2,external_2292_access_logged,not_assessed
ScanNet:scene0373,2,external_2292_access_logged,not_assessed
ScanNet:scene0375,1,external_2292_access_logged,not_assessed
ScanNet:scene0377,2,external_2292_access_logged,not_assessed
ScanNet:scene0378,2,current_165_selected;historical_320_selected,not_assessed
ScanNet:scene0379,1,external_2292_access_logged,not_assessed
ScanNet:scene0380,1,current_165_selected,not_assessed
ScanNet:scene0382,1,current_165_selected,not_assessed
ScanNet:scene0383,2,external_2292_access_logged,not_assessed
ScanNet:scene0384,1,external_2292_access_logged,not_assessed
ScanNet:scene0387,1,historical_320_selected,not_assessed
ScanNet:scene0388,2,external_2292_access_logged,not_assessed
ScanNet:scene0390,1,external_2292_access_logged,not_assessed
ScanNet:scene0391,2,external_2292_access_logged,not_assessed
ScanNet:scene0393,1,historical_320_selected,not_assessed
ScanNet:scene0394,2,external_2292_access_logged,not_assessed
ScanNet:scene0400,1,historical_320_selected,not_assessed
ScanNet:scene0401,2,external_2292_access_logged,not_assessed
ScanNet:scene0403,2,external_2292_access_logged,not_assessed
ScanNet:scene0410,2,external_2292_access_logged,not_assessed
ScanNet:scene0412,2,external_2292_access_logged,not_assessed
ScanNet:scene0414,2,external_2292_access_logged,not_assessed
ScanNet:scene0415,1,external_2292_access_logged,not_assessed
ScanNet:scene0416,2,external_2292_access_logged,not_assessed
ScanNet:scene0417,1,external_2292_access_logged,not_assessed
ScanNet:scene0418,1,historical_320_selected,not_assessed
ScanNet:scene0419,2,external_2292_access_logged,not_assessed
ScanNet:scene0420,2,external_2292_access_logged,not_assessed
ScanNet:scene0421,2,external_2292_access_logged,not_assessed
ScanNet:scene0422,2,external_2292_access_logged,not_assessed
ScanNet:scene0423,1,external_2292_access_logged,not_assessed
ScanNet:scene0428,1,current_165_selected,not_assessed
ScanNet:scene0430,2,external_2292_access_logged,not_assessed
ScanNet:scene0431,2,external_2292_access_logged,not_assessed
ScanNet:scene0432,2,external_2292_access_logged,not_assessed
ScanNet:scene0435,2,external_2292_access_logged,not_assessed
ScanNet:scene0436,2,external_2292_access_logged,not_assessed
ScanNet:scene0438,2,current_165_selected;external_2292_access_logged,not_assessed
ScanNet:scene0439,2,external_2292_access_logged,not_assessed
ScanNet:scene0442,3,current_165_selected;external_2292_access_logged,not_assessed
ScanNet:scene0443,1,current_165_selected,not_assessed
ScanNet:scene0445,2,external_2292_access_logged,not_assessed
ScanNet:scene0446,1,external_2292_access_logged,not_assessed
ScanNet:scene0452,1,historical_320_selected,not_assessed
ScanNet:scene0455,2,external_2292_access_logged,not_assessed
ScanNet:scene0457,2,external_2292_access_logged,not_assessed
ScanNet:scene0459,1,external_2292_access_logged,not_assessed
ScanNet:scene0460,2,external_2292_access_logged,not_assessed
ScanNet:scene0461,2,external_2292_access_logged,not_assessed
ScanNet:scene0462,2,external_2292_access_logged,not_assessed
ScanNet:scene0463,2,external_2292_access_logged,not_assessed
ScanNet:scene0466,2,external_2292_access_logged,not_assessed
ScanNet:scene0467,1,external_2292_access_logged,not_assessed
ScanNet:scene0468,1,historical_320_selected,not_assessed
ScanNet:scene0469,1,historical_320_selected,not_assessed
ScanNet:scene0471,2,external_2292_access_logged,not_assessed
ScanNet:scene0472,2,external_2292_access_logged,not_assessed
ScanNet:scene0474,2,external_2292_access_logged,not_assessed
ScanNet:scene0475,2,external_2292_access_logged,not_assessed
ScanNet:scene0476,1,external_2292_access_logged,not_assessed
ScanNet:scene0477,2,external_2292_access_logged,not_assessed
ScanNet:scene0481,2,external_2292_access_logged,not_assessed
ScanNet:scene0483,1,historical_320_selected,not_assessed
ScanNet:scene0484,2,external_2292_access_logged,not_assessed
ScanNet:scene0487,2,external_2292_access_logged,not_assessed
ScanNet:scene0488,2,external_2292_access_logged,not_assessed
ScanNet:scene0489,2,current_165_selected;external_2292_access_logged,not_assessed
ScanNet:scene0493,1,external_2292_access_logged,not_assessed
ScanNet:scene0495,2,external_2292_access_logged,not_assessed
ScanNet:scene0498,2,external_2292_access_logged,not_assessed
ScanNet:scene0501,2,external_2292_access_logged,not_assessed
ScanNet:scene0505,1,historical_320_selected,not_assessed
ScanNet:scene0506,1,external_2292_access_logged,not_assessed
ScanNet:scene0507,2,external_2292_access_logged,not_assessed
ScanNet:scene0508,2,external_2292_access_logged,not_assessed
ScanNet:scene0509,3,external_2292_access_logged;historical_320_selected,not_assessed
ScanNet:scene0511,2,external_2292_access_logged,not_assessed
ScanNet:scene0512,2,external_2292_access_logged,not_assessed
ScanNet:scene0513,2,external_2292_access_logged,not_assessed
ScanNet:scene0517,2,historical_320_selected,not_assessed
ScanNet:scene0527,1,historical_320_selected,not_assessed
ScanNet:scene0528,2,external_2292_access_logged,not_assessed
ScanNet:scene0529,2,external_2292_access_logged,not_assessed
ScanNet:scene0531,2,external_2292_access_logged,not_assessed
ScanNet:scene0532,1,historical_320_selected,not_assessed
ScanNet:scene0533,1,external_2292_access_logged,not_assessed
ScanNet:scene0536,1,historical_320_selected,not_assessed
ScanNet:scene0538,2,external_2292_access_logged,not_assessed
ScanNet:scene0540,1,external_2292_access_logged,not_assessed
ScanNet:scene0541,1,historical_320_selected,not_assessed
ScanNet:scene0544,1,external_2292_access_logged,not_assessed
ScanNet:scene0545,2,external_2292_access_logged,not_assessed
ScanNet:scene0549,1,external_2292_access_logged,not_assessed
ScanNet:scene0550,2,external_2292_access_logged,not_assessed
ScanNet:scene0552,2,external_2292_access_logged,not_assessed
ScanNet:scene0553,2,external_2292_access_logged,not_assessed
ScanNet:scene0555,2,external_2292_access_logged,not_assessed
ScanNet:scene0559,2,external_2292_access_logged,not_assessed
ScanNet:scene0560,2,external_2292_access_logged,not_assessed
ScanNet:scene0561,2,external_2292_access_logged,not_assessed
ScanNet:scene0563,1,external_2292_access_logged,not_assessed
ScanNet:scene0564,1,external_2292_access_logged,not_assessed
ScanNet:scene0566,2,external_2292_access_logged,not_assessed
ScanNet:scene0570,1,historical_320_selected,not_assessed
ScanNet:scene0572,2,external_2292_access_logged,not_assessed
ScanNet:scene0573,2,external_2292_access_logged,not_assessed
ScanNet:scene0574,2,external_2292_access_logged,not_assessed
ScanNet:scene0575,2,external_2292_access_logged,not_assessed
ScanNet:scene0582,1,current_165_selected,not_assessed
ScanNet:scene0584,2,external_2292_access_logged,not_assessed
ScanNet:scene0586,2,external_2292_access_logged,not_assessed
ScanNet:scene0590,3,external_2292_access_logged;historical_320_selected,not_assessed
ScanNet:scene0591,1,current_165_selected,not_assessed
ScanNet:scene0592,2,external_2292_access_logged,not_assessed
ScanNet:scene0593,1,external_2292_access_logged,not_assessed
ScanNet:scene0596,2,external_2292_access_logged,not_assessed
ScanNet:scene0597,2,external_2292_access_logged,not_assessed
ScanNet:scene0598,2,external_2292_access_logged,not_assessed
ScanNet:scene0599,2,external_2292_access_logged,not_assessed
ScanNet:scene0600,1,current_165_selected,not_assessed
ScanNet:scene0603,1,external_2292_access_logged,not_assessed
ScanNet:scene0606,1,current_165_selected,not_assessed
ScanNet:scene0608,2,external_2292_access_logged,not_assessed
ScanNet:scene0612,1,external_2292_access_logged,not_assessed
ScanNet:scene0615,2,external_2292_access_logged,not_assessed
ScanNet:scene0616,2,external_2292_access_logged,not_assessed
ScanNet:scene0617,2,external_2292_access_logged,not_assessed
ScanNet:scene0625,2,external_2292_access_logged,not_assessed
ScanNet:scene0627,2,external_2292_access_logged,not_assessed
ScanNet:scene0629,2,current_165_selected;external_2292_access_logged,not_assessed
ScanNet:scene0630,1,external_2292_access_logged,not_assessed
ScanNet:scene0631,2,external_2292_access_logged,not_assessed
ScanNet:scene0634,2,external_2292_access_logged,not_assessed
ScanNet:scene0635,2,external_2292_access_logged,not_assessed
ScanNet:scene0638,1,external_2292_access_logged,not_assessed
ScanNet:scene0639,2,external_2292_access_logged,not_assessed
ScanNet:scene0640,2,external_2292_access_logged,not_assessed
ScanNet:scene0642,2,external_2292_access_logged,not_assessed
ScanNet:scene0644,2,external_2292_access_logged,not_assessed
ScanNet:scene0645,1,external_2292_access_logged,not_assessed
ScanNet:scene0647,1,external_2292_access_logged,not_assessed
ScanNet:scene0651,2,external_2292_access_logged,not_assessed
ScanNet:scene0655,3,external_2292_access_logged;historical_320_selected,not_assessed
ScanNet:scene0656,1,external_2292_access_logged,not_assessed
ScanNet:scene0657,1,external_2292_access_logged,not_assessed
ScanNet:scene0659,2,external_2292_access_logged,not_assessed
ScanNet:scene0663,2,external_2292_access_logged,not_assessed
ScanNet:scene0664,2,external_2292_access_logged,not_assessed
ScanNet:scene0667,2,external_2292_access_logged,not_assessed
ScanNet:scene0669,3,current_165_selected;external_2292_access_logged,not_assessed
ScanNet:scene0673,1,external_2292_access_logged,not_assessed
ScanNet:scene0676,1,external_2292_access_logged,not_assessed
ScanNet:scene0679,2,external_2292_access_logged,not_assessed
ScanNet:scene0685,2,external_2292_access_logged,not_assessed
ScanNet:scene0686,2,external_2292_access_logged,not_assessed
ScanNet:scene0687,2,external_2292_access_logged,not_assessed
ScanNet:scene0688,2,external_2292_access_logged,not_assessed
ScanNet:scene0690,2,external_2292_access_logged,not_assessed
ScanNet:scene0692,1,external_2292_access_logged,not_assessed
ScanNet:scene0693,1,external_2292_access_logged,not_assessed
ScanNet:scene0697,2,external_2292_access_logged,not_assessed
ScanNet:scene0699,2,external_2292_access_logged,not_assessed
ScanNet:scene0701,3,external_2292_access_logged;historical_320_selected,not_assessed
ScanNet:scene0702,2,external_2292_access_logged,not_assessed
ScanNet:scene0703,1,external_2292_access_logged,not_assessed
ScanNet:scene0706,2,external_2292_access_logged,not_assessed
ZInD:0003,2,external_2292_access_logged,not_assessed
ZInD:0004,2,external_2292_access_logged,not_assessed
ZInD:0006,1,external_2292_access_logged,not_assessed
ZInD:0007,1,external_2292_access_logged,not_assessed
ZInD:0009,2,external_2292_access_logged,not_assessed
ZInD:0010,1,historical_320_selected,not_assessed
ZInD:0014,2,external_2292_access_logged,not_assessed
ZInD:0015,2,external_2292_access_logged,not_assessed
ZInD:0020,2,external_2292_access_logged,not_assessed
ZInD:0023,1,external_2292_access_logged,not_assessed
ZInD:0026,2,external_2292_access_logged,not_assessed
ZInD:0029,1,historical_320_selected,not_assessed
ZInD:0036,2,external_2292_access_logged,not_assessed
ZInD:0039,2,external_2292_access_logged,not_assessed
ZInD:0044,1,historical_320_selected,not_assessed
ZInD:0046,1,historical_320_selected,not_assessed
ZInD:0049,2,external_2292_access_logged,not_assessed
ZInD:0052,2,external_2292_access_logged,not_assessed
ZInD:0053,2,external_2292_access_logged,not_assessed
ZInD:0057,2,external_2292_access_logged,not_assessed
ZInD:0058,2,external_2292_access_logged,not_assessed
ZInD:0067,1,current_165_selected,not_assessed
ZInD:0071,1,external_2292_access_logged,not_assessed
ZInD:0079,2,external_2292_access_logged,not_assessed
ZInD:0082,2,external_2292_access_logged,not_assessed
ZInD:0084,2,external_2292_access_logged,not_assessed
ZInD:0086,2,external_2292_access_logged,not_assessed
ZInD:0093,2,external_2292_access_logged,not_assessed
ZInD:0094,2,external_2292_access_logged,not_assessed
ZInD:0098,2,external_2292_access_logged,not_assessed
ZInD:0103,1,current_165_selected,not_assessed
ZInD:0104,2,external_2292_access_logged,not_assessed
ZInD:0105,1,historical_320_selected,not_assessed
ZInD:0109,1,historical_320_selected,not_assessed
ZInD:0112,2,external_2292_access_logged,not_assessed
ZInD:0115,2,external_2292_access_logged,not_assessed
ZInD:0117,2,external_2292_access_logged,not_assessed
ZInD:0120,1,historical_320_selected,not_assessed
ZInD:0127,3,current_165_selected;external_2292_access_logged,not_assessed
ZInD:0131,2,external_2292_access_logged,not_assessed
ZInD:0136,1,external_2292_access_logged,not_assessed
ZInD:0138,2,external_2292_access_logged,not_assessed
ZInD:0142,2,external_2292_access_logged,not_assessed
ZInD:0143,2,external_2292_access_logged,not_assessed
ZInD:0152,2,external_2292_access_logged,not_assessed
ZInD:0153,2,external_2292_access_logged,not_assessed
ZInD:0156,2,external_2292_access_logged,not_assessed
ZInD:0166,2,external_2292_access_logged,not_assessed
ZInD:0170,2,external_2292_access_logged,not_assessed
ZInD:0171,3,current_165_selected;external_2292_access_logged,not_assessed
ZInD:0178,1,external_2292_access_logged,not_assessed
ZInD:0183,2,external_2292_access_logged,not_assessed
ZInD:0184,2,external_2292_access_logged,not_assessed
ZInD:0191,1,external_2292_access_logged,not_assessed
ZInD:0195,1,external_2292_access_logged,not_assessed
ZInD:0196,2,external_2292_access_logged,not_assessed
ZInD:0199,2,external_2292_access_logged,not_assessed
ZInD:0201,2,external_2292_access_logged,not_assessed
ZInD:0204,2,external_2292_access_logged,not_assessed
ZInD:0205,1,external_2292_access_logged,not_assessed
ZInD:0207,1,historical_320_selected,not_assessed
ZInD:0209,1,current_165_selected,not_assessed
ZInD:0212,2,external_2292_access_logged,not_assessed
ZInD:0213,1,current_165_selected,not_assessed
ZInD:0219,1,current_165_selected,not_assessed
ZInD:0223,1,historical_320_selected,not_assessed
ZInD:0227,2,external_2292_access_logged,not_assessed
ZInD:0231,2,external_2292_access_logged,not_assessed
ZInD:0232,1,external_2292_access_logged,not_assessed
ZInD:0241,2,external_2292_access_logged,not_assessed
ZInD:0247,1,current_165_selected,not_assessed
ZInD:0248,1,current_165_selected,not_assessed
ZInD:0253,2,external_2292_access_logged,not_assessed
ZInD:0254,2,external_2292_access_logged,not_assessed
ZInD:0255,1,current_165_selected,not_assessed
ZInD:0256,1,external_2292_access_logged,not_assessed
ZInD:0258,2,external_2292_access_logged,not_assessed
ZInD:0263,3,external_2292_access_logged;historical_320_selected,not_assessed
ZInD:0267,3,current_165_selected;external_2292_access_logged,not_assessed
ZInD:0271,2,external_2292_access_logged,not_assessed
ZInD:0275,2,external_2292_access_logged,not_assessed
ZInD:0313,2,external_2292_access_logged,not_assessed
ZInD:0322,2,external_2292_access_logged,not_assessed
ZInD:0330,2,external_2292_access_logged,not_assessed
ZInD:0331,1,current_165_selected,not_assessed
ZInD:0332,1,current_165_selected,not_assessed
ZInD:0336,1,external_2292_access_logged,not_assessed
ZInD:0338,2,external_2292_access_logged,not_assessed
ZInD:0339,2,external_2292_access_logged,not_assessed
ZInD:0341,2,external_2292_access_logged,not_assessed
ZInD:0343,1,historical_320_selected,not_assessed
ZInD:0345,2,external_2292_access_logged,not_assessed
ZInD:0348,2,external_2292_access_logged,not_assessed
ZInD:0349,2,current_165_selected;external_2292_access_logged,not_assessed
ZInD:0350,2,external_2292_access_logged,not_assessed
ZInD:0352,2,external_2292_access_logged,not_assessed
ZInD:0355,1,external_2292_access_logged,not_assessed
ZInD:0356,2,external_2292_access_logged,not_assessed
ZInD:0359,2,historical_320_selected,not_assessed
ZInD:0360,1,external_2292_access_logged,not_assessed
ZInD:0361,2,external_2292_access_logged,not_assessed
ZInD:0362,1,external_2292_access_logged,not_assessed
ZInD:0363,2,external_2292_access_logged,not_assessed
ZInD:0365,1,historical_320_selected,not_assessed
ZInD:0372,2,external_2292_access_logged,not_assessed
ZInD:0378,1,external_2292_access_logged,not_assessed
ZInD:0380,1,external_2292_access_logged,not_assessed
ZInD:0385,1,historical_320_selected,not_assessed
ZInD:0386,2,external_2292_access_logged,not_assessed
ZInD:0389,1,historical_320_selected,not_assessed
ZInD:0398,2,external_2292_access_logged,not_assessed
ZInD:0402,2,external_2292_access_logged,not_assessed
ZInD:0409,2,external_2292_access_logged,not_assessed
ZInD:0412,2,external_2292_access_logged,not_assessed
ZInD:0415,2,external_2292_access_logged,not_assessed
ZInD:0418,1,current_165_selected,not_assessed
ZInD:0419,2,external_2292_access_logged,not_assessed
ZInD:0420,2,external_2292_access_logged,not_assessed
ZInD:0441,2,external_2292_access_logged,not_assessed
ZInD:0455,2,external_2292_access_logged,not_assessed
ZInD:0462,1,external_2292_access_logged,not_assessed
ZInD:0464,2,external_2292_access_logged,not_assessed
ZInD:0467,2,external_2292_access_logged,not_assessed
ZInD:0475,1,external_2292_access_logged,not_assessed
ZInD:0478,2,external_2292_access_logged,not_assessed
ZInD:0487,2,external_2292_access_logged,not_assessed
ZInD:0488,2,external_2292_access_logged,not_assessed
ZInD:0490,2,external_2292_access_logged,not_assessed
ZInD:0499,2,external_2292_access_logged,not_assessed
ZInD:0506,2,external_2292_access_logged,not_assessed
ZInD:0508,1,historical_320_selected,not_assessed
ZInD:0510,1,external_2292_access_logged,not_assessed
ZInD:0515,1,historical_320_selected,not_assessed
ZInD:0526,2,external_2292_access_logged,not_assessed
ZInD:0529,1,external_2292_access_logged,not_assessed
ZInD:0542,2,external_2292_access_logged,not_assessed
ZInD:0547,1,external_2292_access_logged,not_assessed
ZInD:0549,2,external_2292_access_logged,not_assessed
ZInD:0554,2,external_2292_access_logged,not_assessed
ZInD:0556,2,external_2292_access_logged,not_assessed
ZInD:0557,2,external_2292_access_logged,not_assessed
ZInD:0558,2,external_2292_access_logged,not_assessed
ZInD:0562,2,external_2292_access_logged,not_assessed
ZInD:0566,2,external_2292_access_logged,not_assessed
ZInD:0568,1,historical_320_selected,not_assessed
ZInD:0569,2,external_2292_access_logged,not_assessed
ZInD:0570,2,external_2292_access_logged,not_assessed
ZInD:0581,2,external_2292_access_logged,not_assessed
ZInD:0586,2,external_2292_access_logged,not_assessed
ZInD:0591,2,external_2292_access_logged,not_assessed
ZInD:0594,2,external_2292_access_logged,not_assessed
ZInD:0601,1,external_2292_access_logged,not_assessed
ZInD:0604,1,external_2292_access_logged,not_assessed
ZInD:0607,2,external_2292_access_logged,not_assessed
ZInD:0617,1,external_2292_access_logged,not_assessed
ZInD:0619,1,external_2292_access_logged,not_assessed
ZInD:0621,2,external_2292_access_logged,not_assessed
ZInD:0624,2,external_2292_access_logged,not_assessed
ZInD:0629,3,external_2292_access_logged;historical_320_selected,not_assessed
ZInD:0630,1,external_2292_access_logged,not_assessed
ZInD:0632,2,external_2292_access_logged,not_assessed
ZInD:0641,2,external_2292_access_logged,not_assessed
ZInD:0642,1,external_2292_access_logged,not_assessed
ZInD:0644,1,external_2292_access_logged,not_assessed
ZInD:0652,2,external_2292_access_logged,not_assessed
ZInD:0655,2,external_2292_access_logged,not_assessed
ZInD:0656,2,external_2292_access_logged,not_assessed
ZInD:0658,1,historical_320_selected,not_assessed
ZInD:0670,2,external_2292_access_logged,not_assessed
ZInD:0678,2,external_2292_access_logged,not_assessed
ZInD:0682,1,historical_320_selected,not_assessed
ZInD:0684,2,external_2292_access_logged,not_assessed
ZInD:0689,1,current_165_selected,not_assessed
ZInD:0692,1,historical_320_selected,not_assessed
ZInD:0694,1,current_165_selected,not_assessed
ZInD:0695,2,external_2292_access_logged,not_assessed
ZInD:0697,1,external_2292_access_logged,not_assessed
ZInD:0702,1,external_2292_access_logged,not_assessed
ZInD:0707,2,external_2292_access_logged,not_assessed
ZInD:0710,2,current_165_selected;historical_320_selected,not_assessed
ZInD:0711,1,historical_320_selected,not_assessed
ZInD:0712,2,external_2292_access_logged,not_assessed
ZInD:0716,1,external_2292_access_logged,not_assessed
ZInD:0717,2,external_2292_access_logged,not_assessed
ZInD:0725,2,external_2292_access_logged,not_assessed
ZInD:0726,2,external_2292_access_logged,not_assessed
ZInD:0729,1,historical_320_selected,not_assessed
ZInD:0739,2,external_2292_access_logged,not_assessed
ZInD:0741,2,external_2292_access_logged,not_assessed
ZInD:0743,1,historical_320_selected,not_assessed
ZInD:0748,2,external_2292_access_logged,not_assessed
ZInD:0765,1,historical_320_selected,not_assessed
ZInD:0766,2,external_2292_access_logged,not_assessed
ZInD:0771,1,current_165_selected,not_assessed
ZInD:0774,2,external_2292_access_logged,not_assessed
ZInD:0777,1,external_2292_access_logged,not_assessed
ZInD:0781,2,external_2292_access_logged,not_assessed
ZInD:0782,2,external_2292_access_logged,not_assessed
ZInD:0786,2,external_2292_access_logged,not_assessed
ZInD:0788,2,external_2292_access_logged;historical_320_selected,not_assessed
ZInD:0791,1,historical_320_selected,not_assessed
ZInD:0792,2,external_2292_access_logged,not_assessed
ZInD:0794,2,external_2292_access_logged,not_assessed
ZInD:0796,2,external_2292_access_logged,not_assessed
ZInD:0807,1,current_165_selected,not_assessed
ZInD:0808,2,external_2292_access_logged,not_assessed
ZInD:0812,2,external_2292_access_logged,not_assessed
ZInD:0817,2,external_2292_access_logged,not_assessed
ZInD:0819,2,external_2292_access_logged,not_assessed
ZInD:0825,2,external_2292_access_logged,not_assessed
ZInD:0827,2,external_2292_access_logged,not_assessed
ZInD:0829,1,external_2292_access_logged,not_assessed
ZInD:0837,2,external_2292_access_logged,not_assessed
ZInD:0840,1,historical_320_selected,not_assessed
ZInD:0841,1,historical_320_selected,not_assessed
ZInD:0842,1,current_165_selected,not_assessed
ZInD:0846,2,external_2292_access_logged,not_assessed
ZInD:0849,2,external_2292_access_logged,not_assessed
ZInD:0851,2,external_2292_access_logged,not_assessed
ZInD:0852,1,external_2292_access_logged,not_assessed
ZInD:0859,2,external_2292_access_logged,not_assessed
ZInD:0861,1,current_165_selected,not_assessed
ZInD:0862,1,historical_320_selected,not_assessed
ZInD:0863,2,external_2292_access_logged,not_assessed
ZInD:0865,1,external_2292_access_logged,not_assessed
ZInD:0866,1,external_2292_access_logged,not_assessed
ZInD:0871,2,external_2292_access_logged,not_assessed
ZInD:0873,2,external_2292_access_logged,not_assessed
ZInD:0874,1,current_165_selected,not_assessed
ZInD:0878,1,historical_320_selected,not_assessed
ZInD:0880,1,historical_320_selected,not_assessed
ZInD:0886,2,external_2292_access_logged,not_assessed
ZInD:0893,1,external_2292_access_logged,not_assessed
ZInD:0900,2,external_2292_access_logged,not_assessed
ZInD:0902,2,external_2292_access_logged,not_assessed
ZInD:0908,2,external_2292_access_logged,not_assessed
ZInD:0918,2,external_2292_access_logged,not_assessed
ZInD:0923,2,external_2292_access_logged,not_assessed
ZInD:0928,2,external_2292_access_logged,not_assessed
ZInD:0937,2,external_2292_access_logged,not_assessed
ZInD:0938,1,external_2292_access_logged,not_assessed
ZInD:0939,1,historical_320_selected,not_assessed
ZInD:0949,1,external_2292_access_logged,not_assessed
ZInD:0952,1,external_2292_access_logged,not_assessed
ZInD:0956,1,external_2292_access_logged,not_assessed
ZInD:0959,1,current_165_selected,not_assessed
ZInD:0965,1,historical_320_selected,not_assessed
ZInD:0969,2,external_2292_access_logged,not_assessed
ZInD:0971,2,external_2292_access_logged,not_assessed
ZInD:0979,1,historical_320_selected,not_assessed
ZInD:0983,2,external_2292_access_logged,not_assessed
ZInD:0988,2,external_2292_access_logged,not_assessed
ZInD:0992,2,external_2292_access_logged,not_assessed
ZInD:0993,1,external_2292_access_logged,not_assessed
ZInD:0994,1,historical_320_selected,not_assessed
ZInD:0995,1,external_2292_access_logged,not_assessed
ZInD:0999,2,external_2292_access_logged,not_assessed
ZInD:1000,2,external_2292_access_logged,not_assessed
ZInD:1001,1,external_2292_access_logged,not_assessed
ZInD:1003,2,external_2292_access_logged,not_assessed
ZInD:1011,2,external_2292_access_logged,not_assessed
ZInD:1014,2,external_2292_access_logged,not_assessed
ZInD:1015,1,historical_320_selected,not_assessed
ZInD:1020,2,external_2292_access_logged,not_assessed
ZInD:1022,2,external_2292_access_logged,not_assessed
ZInD:1023,1,historical_320_selected,not_assessed
ZInD:1025,2,external_2292_access_logged,not_assessed
ZInD:1026,1,external_2292_access_logged,not_assessed
ZInD:1038,2,external_2292_access_logged,not_assessed
ZInD:1044,1,historical_320_selected,not_assessed
ZInD:1048,2,external_2292_access_logged,not_assessed
ZInD:1053,1,external_2292_access_logged,not_assessed
ZInD:1055,2,external_2292_access_logged,not_assessed
ZInD:1064,1,historical_320_selected,not_assessed
ZInD:1072,2,external_2292_access_logged,not_assessed
ZInD:1073,2,external_2292_access_logged,not_assessed
ZInD:1076,2,external_2292_access_logged,not_assessed
ZInD:1080,2,external_2292_access_logged,not_assessed
ZInD:1087,3,external_2292_access_logged;historical_320_selected,not_assessed
ZInD:1095,1,historical_320_selected,not_assessed
ZInD:1097,2,external_2292_access_logged,not_assessed
ZInD:1099,2,external_2292_access_logged,not_assessed
ZInD:1112,2,external_2292_access_logged,not_assessed
ZInD:1122,2,external_2292_access_logged,not_assessed
ZInD:1129,1,current_165_selected,not_assessed
ZInD:1132,1,external_2292_access_logged,not_assessed
ZInD:1134,1,external_2292_access_logged,not_assessed
ZInD:1135,2,external_2292_access_logged,not_assessed
ZInD:1139,1,external_2292_access_logged,not_assessed
ZInD:1141,2,external_2292_access_logged,not_assessed
ZInD:1143,2,external_2292_access_logged,not_assessed
ZInD:1148,2,external_2292_access_logged,not_assessed
ZInD:1155,2,external_2292_access_logged,not_assessed
ZInD:1157,2,external_2292_access_logged,not_assessed
ZInD:1163,1,external_2292_access_logged,not_assessed
ZInD:1166,2,external_2292_access_logged,not_assessed
ZInD:1167,2,external_2292_access_logged,not_assessed
ZInD:1168,2,external_2292_access_logged,not_assessed
ZInD:1178,2,external_2292_access_logged,not_assessed
ZInD:1181,2,external_2292_access_logged,not_assessed
ZInD:1186,2,external_2292_access_logged,not_assessed
ZInD:1188,2,external_2292_access_logged,not_assessed
ZInD:1192,1,external_2292_access_logged,not_assessed
ZInD:1196,1,current_165_selected,not_assessed
ZInD:1198,1,external_2292_access_logged,not_assessed
ZInD:1199,1,external_2292_access_logged,not_assessed
ZInD:1201,1,historical_320_selected,not_assessed
ZInD:1207,2,external_2292_access_logged,not_assessed
ZInD:1215,1,current_165_selected,not_assessed
ZInD:1218,2,external_2292_access_logged,not_assessed
ZInD:1219,2,external_2292_access_logged,not_assessed
ZInD:1222,1,current_165_selected,not_assessed
ZInD:1234,2,external_2292_access_logged,not_assessed
ZInD:1237,2,external_2292_access_logged,not_assessed
ZInD:1242,2,external_2292_access_logged,not_assessed
ZInD:1246,2,current_165_selected;external_2292_access_logged,not_assessed
ZInD:1249,2,external_2292_access_logged,not_assessed
ZInD:1253,1,historical_320_selected,not_assessed
ZInD:1259,2,external_2292_access_logged,not_assessed
ZInD:1263,3,external_2292_access_logged;historical_320_selected,not_assessed
ZInD:1269,1,historical_320_selected,not_assessed
ZInD:1274,2,external_2292_access_logged,not_assessed
ZInD:1277,2,external_2292_access_logged,not_assessed
ZInD:1283,2,external_2292_access_logged,not_assessed
ZInD:1288,2,current_165_selected;external_2292_access_logged,not_assessed
ZInD:1293,2,external_2292_access_logged,not_assessed
ZInD:1299,2,external_2292_access_logged,not_assessed
ZInD:1304,1,external_2292_access_logged,not_assessed
ZInD:1307,2,external_2292_access_logged,not_assessed
ZInD:1310,2,external_2292_access_logged,not_assessed
ZInD:1311,1,external_2292_access_logged,not_assessed
ZInD:1315,1,external_2292_access_logged,not_assessed
ZInD:1331,2,external_2292_access_logged,not_assessed
ZInD:1332,1,historical_320_selected,not_assessed
ZInD:1333,1,historical_320_selected,not_assessed
ZInD:1341,2,external_2292_access_logged,not_assessed
ZInD:1344,2,external_2292_access_logged,not_assessed
ZInD:1347,2,external_2292_access_logged,not_assessed
ZInD:1355,2,external_2292_access_logged,not_assessed
ZInD:1356,1,external_2292_access_logged,not_assessed
ZInD:1367,1,external_2292_access_logged,not_assessed
ZInD:1381,1,external_2292_access_logged,not_assessed
ZInD:1382,2,external_2292_access_logged,not_assessed
ZInD:1389,3,external_2292_access_logged;historical_320_selected,not_assessed
ZInD:1390,1,external_2292_access_logged,not_assessed
ZInD:1391,2,external_2292_access_logged,not_assessed
ZInD:1392,1,external_2292_access_logged,not_assessed
ZInD:1395,2,external_2292_access_logged,not_assessed
ZInD:1398,2,external_2292_access_logged,not_assessed
ZInD:1408,2,external_2292_access_logged,not_assessed
ZInD:1410,2,external_2292_access_logged,not_assessed
ZInD:1413,1,historical_320_selected,not_assessed
ZInD:1415,1,historical_320_selected,not_assessed
ZInD:1421,2,external_2292_access_logged,not_assessed
ZInD:1429,1,historical_320_selected,not_assessed
ZInD:1434,1,external_2292_access_logged,not_assessed
ZInD:1436,2,external_2292_access_logged,not_assessed
ZInD:1445,2,external_2292_access_logged,not_assessed
ZInD:1449,2,external_2292_access_logged,not_assessed
ZInD:1451,2,external_2292_access_logged,not_assessed
ZInD:1456,2,external_2292_access_logged,not_assessed
ZInD:1459,1,external_2292_access_logged,not_assessed
ZInD:1460,1,external_2292_access_logged,not_assessed
ZInD:1464,3,current_165_selected;external_2292_access_logged,not_assessed
ZInD:1484,3,external_2292_access_logged;historical_320_selected,not_assessed
ZInD:1487,4,external_2292_access_logged;historical_320_selected,not_assessed
ZInD:1488,2,external_2292_access_logged,not_assessed
ZInD:1494,1,historical_320_selected,not_assessed
ZInD:1501,2,external_2292_access_logged,not_assessed
ZInD:1502,1,current_165_selected,not_assessed
ZInD:1512,2,external_2292_access_logged,not_assessed
ZInD:1519,1,historical_320_selected,not_assessed
ZInD:1526,2,current_165_selected;historical_320_selected,not_assessed
ZInD:1531,2,external_2292_access_logged,not_assessed
ZInD:1532,1,historical_320_selected,not_assessed
ZInD:1559,2,external_2292_access_logged,not_assessed
ZInD:1571,2,historical_320_selected,not_assessed
ZInD:1572,2,external_2292_access_logged,not_assessed
