global_id,provenance_split,archive_split,source_dataset,scene_id,packet_directory,metadata_member,original_observation_id,quality_category,resolution,camera_px,parent_group,candidate_split,parent_present_in_locked_physical_test,selection_view_index,source,known_development_exposure
obs_015959,train,train,3RScan,dbeb4d67-faf9-2324-9960-d9db614caeff,train/obs_015959,train/obs_015959/metadata.json,obs_001,EASY,0.01,"[128,192]",3RScan:0cac766c-8d6f-2d13-8cde-44c997b5e8a7,train,True,0,3RScan,
obs_012019,train,train,3RScan,dbeb4d67-faf9-2324-9960-d9db614caeff,train/obs_012019,train/obs_012019/metadata.json,obs_003,EASY,0.01,"[128,192]",3RScan:0cac766c-8d6f-2d13-8cde-44c997b5e8a7,train,True,1,3RScan,
obs_002701,train,train,3RScan,0cac764a-8d6f-2d13-8fbd-2966f09c65d0,train/obs_002701,train/obs_002701/metadata.json,obs_006,EASY,0.01,"[128,192]",3RScan:0cac764c-8d6f-2d13-8fec-15edfc3e53ad,train,True,0,3RScan,
obs_000149,train,train,3RScan,0cac764a-8d6f-2d13-8fbd-2966f09c65d0,train/obs_000149,train/obs_000149/metadata.json,obs_001,EASY,0.01,"[128,192]",3RScan:0cac764c-8d6f-2d13-8fec-15edfc3e53ad,train,True,1,3RScan,
obs_022807,train,train,3RScan,68bae76a-3567-2f7c-8143-f70365deb0f7,train/obs_022807,train/obs_022807/metadata.json,obs_017,EASY,0.01,"[128,192]",3RScan:68bae76e-3567-2f7c-82bd-a09641695364,train,True,0,3RScan,
obs_017332,validation,train,3RScan,68bae76c-3567-2f7c-827d-373035a2d942,train/obs_017332,train/obs_017332/metadata.json,obs_006,EASY,0.01,"[128,192]",3RScan:68bae76e-3567-2f7c-82bd-a09641695364,train,True,1,3RScan,
obs_001768,train,train,3RScan,4d3d82a0-8cf4-2e04-800f-97deb20e860b,train/obs_001768,train/obs_001768/metadata.json,obs_011,LEARNABLE,0.01,"[128,192]",3RScan:4d3d829e-8cf4-2e04-8318-b76f02d91c93,train,True,0,3RScan,
obs_018122,train,train,3RScan,4d3d829e-8cf4-2e04-8318-b76f02d91c93,train/obs_018122,train/obs_018122/metadata.json,obs_014,EASY,0.01,"[128,192]",3RScan:4d3d829e-8cf4-2e04-8318-b76f02d91c93,train,True,1,3RScan,
obs_018733,train,train,3RScan,bf9a3da0-45a5-2e80-8099-e46f3ec15e14,train/obs_018733,train/obs_018733/metadata.json,obs_008,EASY,0.01,"[128,192]",3RScan:c92fb594-f771-2064-879b-cc598a9dabe5,train,True,0,3RScan,
obs_005224,validation,train,3RScan,c92fb5a7-f771-2064-8766-1200dca296ac,train/obs_005224,train/obs_005224/metadata.json,obs_002,LEARNABLE,0.01,"[128,192]",3RScan:c92fb594-f771-2064-879b-cc598a9dabe5,train,True,1,3RScan,
obs_004678,train,train,3RScan,ddc737a5-765b-241a-9cd2-c6e7a89aa43d,train/obs_004678,train/obs_004678/metadata.json,obs_020,LEARNABLE,0.01,"[128,192]",3RScan:ddc737a5-765b-241a-9cd2-c6e7a89aa43d,train,False,0,3RScan,old_train_or_checkpoint_validation
obs_001008,train,train,3RScan,ddc737a3-765b-241a-9c99-f98a3c126686,train/obs_001008,train/obs_001008/metadata.json,obs_011,LEARNABLE,0.01,"[128,192]",3RScan:ddc737a5-765b-241a-9cd2-c6e7a89aa43d,train,False,1,3RScan,old_train_or_checkpoint_validation
obs_013877,test,train,3RScan,1d233ff2-e280-2b1a-8e41-a21a6c40598a,train/obs_013877,train/obs_013877/metadata.json,obs_012,LEARNABLE,0.01,"[128,192]",3RScan:1d233ff0-e280-2b1a-8c10-2af29c344ee3,train,True,0,3RScan,old_train_or_checkpoint_validation|parent_pilot_development
obs_021758,test,train,3RScan,1d233ff2-e280-2b1a-8e41-a21a6c40598a,train/obs_021758,train/obs_021758/metadata.json,obs_008,EASY,0.01,"[128,192]",3RScan:1d233ff0-e280-2b1a-8c10-2af29c344ee3,train,True,1,3RScan,old_train_or_checkpoint_validation|parent_pilot_development
obs_016610,train,train,3RScan,1d2f8516-d757-207c-8e08-5fef80bf34d8,train/obs_016610,train/obs_016610/metadata.json,obs_018,LEARNABLE,0.01,"[128,192]",3RScan:1d2f8516-d757-207c-8e08-5fef80bf34d8,train,True,0,3RScan,
obs_009386,train,train,3RScan,10b17967-3938-2467-88c5-a299519f9ad7,train/obs_009386,train/obs_009386/metadata.json,obs_023,LEARNABLE,0.01,"[128,192]",3RScan:1d2f8516-d757-207c-8e08-5fef80bf34d8,train,True,1,3RScan,
obs_020618,train,train,3RScan,5555108b-36f1-29c0-8bdd-1e94534bc134,train/obs_020618,train/obs_020618/metadata.json,obs_000,LEARNABLE,0.01,"[128,192]",3RScan:5555108d-36f1-29c0-8b37-5efa2bef59d4,train,True,0,3RScan,
obs_014606,train,train,3RScan,5555108d-36f1-29c0-8b37-5efa2bef59d4,train/obs_014606,train/obs_014606/metadata.json,obs_015,EASY,0.01,"[128,192]",3RScan:5555108d-36f1-29c0-8b37-5efa2bef59d4,train,True,1,3RScan,
obs_000301,validation,train,3RScan,0cac7623-8d6f-2d13-8da0-462e7fc0bea2,train/obs_000301,train/obs_000301/metadata.json,obs_009,LEARNABLE,0.01,"[128,192]",3RScan:0cac7623-8d6f-2d13-8da0-462e7fc0bea2,train,False,0,3RScan,
obs_021477,validation,train,3RScan,0cac7623-8d6f-2d13-8da0-462e7fc0bea2,train/obs_021477,train/obs_021477/metadata.json,obs_018,EASY,0.01,"[128,192]",3RScan:0cac7623-8d6f-2d13-8da0-462e7fc0bea2,train,False,1,3RScan,
obs_018300,test,train,3RScan,5341b7a7-8a66-2cdd-86e5-6b641b0004d2,train/obs_018300,train/obs_018300/metadata.json,obs_007,LEARNABLE,0.01,"[128,192]",3RScan:8eabc45a-5af7-2f32-85ed-572ae21920df,train,True,0,3RScan,
obs_023837,train,train,3RScan,8eabc45a-5af7-2f32-85ed-572ae21920df,train/obs_023837,train/obs_023837/metadata.json,obs_013,LEARNABLE,0.01,"[128,192]",3RScan:8eabc45a-5af7-2f32-85ed-572ae21920df,train,True,1,3RScan,
obs_023143,train,train,3RScan,55551075-36f1-29c0-8b64-97a4e71b90ba,train/obs_023143,train/obs_023143/metadata.json,obs_022,EASY,0.01,"[128,192]",3RScan:c12890da-d3df-2d0d-862f-db6f9df19711,train,True,0,3RScan,
obs_004089,train,train,3RScan,c12890de-d3df-2d0d-85bf-b248e7c3431d,train/obs_004089,train/obs_004089/metadata.json,obs_008,LEARNABLE,0.01,"[128,192]",3RScan:c12890da-d3df-2d0d-862f-db6f9df19711,train,True,1,3RScan,
obs_007597,train,train,3RScan,8eabc469-5af7-2f32-840f-c1be88e46c62,train/obs_007597,train/obs_007597/metadata.json,obs_012,LEARNABLE,0.01,"[128,192]",3RScan:8eabc469-5af7-2f32-840f-c1be88e46c62,train,True,0,3RScan,
obs_002425,validation,train,3RScan,8eabc46b-5af7-2f32-84ce-53d68eca91fb,train/obs_002425,train/obs_002425/metadata.json,obs_020,EASY,0.01,"[128,192]",3RScan:8eabc469-5af7-2f32-840f-c1be88e46c62,train,True,1,3RScan,
obs_011661,train,train,3RScan,18d4d91f-7eb5-280e-8757-1eb6f43ecfd2,train/obs_011661,train/obs_011661/metadata.json,obs_022,LEARNABLE,0.01,"[128,192]",3RScan:18d4d91f-7eb5-280e-8757-1eb6f43ecfd2,train,True,0,3RScan,
obs_020070,train,train,3RScan,18d4d91f-7eb5-280e-8757-1eb6f43ecfd2,train/obs_020070,train/obs_020070/metadata.json,obs_005,LEARNABLE,0.01,"[128,192]",3RScan:18d4d91f-7eb5-280e-8757-1eb6f43ecfd2,train,True,1,3RScan,
obs_012403,train,train,3RScan,20c993b9-698f-29c5-87f1-4514b70070c3,train/obs_012403,train/obs_012403/metadata.json,obs_018,LEARNABLE,0.01,"[128,192]",3RScan:20c993bb-698f-29c5-8569-0db38352364f,train,True,0,3RScan,
obs_007166,train,train,3RScan,20c993b9-698f-29c5-87f1-4514b70070c3,train/obs_007166,train/obs_007166/metadata.json,obs_000,LEARNABLE,0.01,"[128,192]",3RScan:20c993bb-698f-29c5-8569-0db38352364f,train,True,1,3RScan,
obs_002964,train,train,3RScan,ad408c99-84db-2095-8b23-0a011526b47b,train/obs_002964,train/obs_002964/metadata.json,obs_005,LEARNABLE,0.01,"[128,192]",3RScan:ad408c99-84db-2095-8b23-0a011526b47b,train,True,0,3RScan,
obs_003304,train,train,3RScan,ad408c99-84db-2095-8b23-0a011526b47b,train/obs_003304,train/obs_003304/metadata.json,obs_017,LEARNABLE,0.01,"[128,192]",3RScan:ad408c99-84db-2095-8b23-0a011526b47b,train,True,1,3RScan,
obs_023342,train,train,3RScan,baf67393-8e94-22f8-8198-961bc5ea7f20,train/obs_023342,train/obs_023342/metadata.json,obs_017,EASY,0.01,"[128,192]",3RScan:0cac7558-8d6f-2d13-8fe1-c8af0362735d,train,True,0,3RScan,
obs_020263,train,train,3RScan,baf67393-8e94-22f8-8198-961bc5ea7f20,train/obs_020263,train/obs_020263/metadata.json,obs_011,EASY,0.01,"[128,192]",3RScan:0cac7558-8d6f-2d13-8fe1-c8af0362735d,train,True,1,3RScan,
obs_017388,validation,train,3RScan,569d8f20-72aa-2f24-8a85-2d43d390ff9d,train/obs_017388,train/obs_017388/metadata.json,obs_014,LEARNABLE,0.01,"[128,192]",3RScan:569d8f1e-72aa-2f24-8a3e-837f59c9e1dc,train,True,0,3RScan,old_train_or_checkpoint_validation
obs_013683,validation,train,3RScan,569d8f20-72aa-2f24-8a85-2d43d390ff9d,train/obs_013683,train/obs_013683/metadata.json,obs_020,LEARNABLE,0.01,"[128,192]",3RScan:569d8f1e-72aa-2f24-8a3e-837f59c9e1dc,train,True,1,3RScan,old_train_or_checkpoint_validation
obs_007277,train,train,3RScan,0cac763b-8d6f-2d13-8c67-de3d97b48d39,train/obs_007277,train/obs_007277/metadata.json,obs_009,EASY,0.01,"[128,192]",3RScan:0cac763b-8d6f-2d13-8c67-de3d97b48d39,train,True,0,3RScan,
obs_014013,train,train,3RScan,0cac763b-8d6f-2d13-8c67-de3d97b48d39,train/obs_014013,train/obs_014013/metadata.json,obs_003,EASY,0.01,"[128,192]",3RScan:0cac763b-8d6f-2d13-8c67-de3d97b48d39,train,True,1,3RScan,
obs_020662,train,train,3RScan,6a360561-fa53-2915-94d5-2b7d2ce9b169,train/obs_020662,train/obs_020662/metadata.json,obs_010,LEARNABLE,0.01,"[128,192]",3RScan:b05fddd9-fca0-2d4f-8904-936aa0b678e6,train,True,0,3RScan,
obs_000989,train,train,3RScan,7272e1a0-a01b-20f6-8b34-1fdc43d1f911,train/obs_000989,train/obs_000989/metadata.json,obs_014,EASY,0.01,"[128,192]",3RScan:b05fddd9-fca0-2d4f-8904-936aa0b678e6,train,True,1,3RScan,
obs_018176,train,train,3RScan,baf0a8e8-26d4-2033-8bbb-975c6002fbb7,train/obs_018176,train/obs_018176/metadata.json,obs_013,LEARNABLE,0.01,"[128,192]",3RScan:baf0a8f0-26d4-2033-8948-52ae41fdd30f,train,True,0,3RScan,old_train_or_checkpoint_validation
obs_023954,train,train,3RScan,baf0a8f0-26d4-2033-8948-52ae41fdd30f,train/obs_023954,train/obs_023954/metadata.json,obs_011,LEARNABLE,0.01,"[128,192]",3RScan:baf0a8f0-26d4-2033-8948-52ae41fdd30f,train,True,1,3RScan,old_train_or_checkpoint_validation
obs_000803,train,train,3RScan,ba6fdaac-a4c1-2dca-8380-f16765679fd7,train/obs_000803,train/obs_000803/metadata.json,obs_007,EASY,0.01,"[128,192]",3RScan:ba6fdaaa-a4c1-2dca-8163-a52b18bf6b64,train,True,0,3RScan,
obs_003581,train,train,3RScan,ba6fdaaa-a4c1-2dca-8163-a52b18bf6b64,train/obs_003581,train/obs_003581/metadata.json,obs_006,LEARNABLE,0.01,"[128,192]",3RScan:ba6fdaaa-a4c1-2dca-8163-a52b18bf6b64,train,True,1,3RScan,
obs_018784,test,train,3RScan,0cac754d-8d6f-2d13-8c81-d134a19b0045,train/obs_018784,train/obs_018784/metadata.json,obs_015,LEARNABLE,0.01,"[128,192]",3RScan:dc42b37a-8d5c-2d2a-84dd-83aff10e0abe,train,True,0,3RScan,
obs_002917,test,train,3RScan,0cac754d-8d6f-2d13-8c81-d134a19b0045,train/obs_002917,train/obs_002917/metadata.json,obs_016,EASY,0.01,"[128,192]",3RScan:dc42b37a-8d5c-2d2a-84dd-83aff10e0abe,train,True,1,3RScan,
obs_004954,train,train,3RScan,8e0f1c42-9e28-2339-861e-2d29caae3f9a,train/obs_004954,train/obs_004954/metadata.json,obs_011,LEARNABLE,0.01,"[128,192]",3RScan:352e9c57-69fb-27a7-8bc7-4cf12e417e21,train,True,0,3RScan,
obs_000351,train,train,3RScan,352e9c57-69fb-27a7-8bc7-4cf12e417e21,train/obs_000351,train/obs_000351/metadata.json,obs_009,LEARNABLE,0.01,"[128,192]",3RScan:352e9c57-69fb-27a7-8bc7-4cf12e417e21,train,True,1,3RScan,
obs_001733,validation,train,3RScan,6bde6074-9162-246f-8d34-5d8a64c07009,train/obs_001733,train/obs_001733/metadata.json,obs_015,EASY,0.01,"[128,192]",3RScan:6bde6079-9162-246f-8fad-d8f2358bd413,train,True,0,3RScan,
obs_008059,train,train,3RScan,6bde6077-9162-246f-8c20-c85ea2964342,train/obs_008059,train/obs_008059/metadata.json,obs_013,LEARNABLE,0.01,"[128,192]",3RScan:6bde6079-9162-246f-8fad-d8f2358bd413,train,True,1,3RScan,
obs_008641,train,train,3RScan,0cac7660-8d6f-2d13-8ecb-3e29d78a7718,train/obs_008641,train/obs_008641/metadata.json,obs_010,EASY,0.01,"[128,192]",3RScan:dbeb4d1b-faf9-2324-9ac8-cbad7aa51d12,train,True,0,3RScan,
obs_006518,train,train,3RScan,dbeb4d1b-faf9-2324-9ac8-cbad7aa51d12,train/obs_006518,train/obs_006518/metadata.json,obs_008,LEARNABLE,0.01,"[128,192]",3RScan:dbeb4d1b-faf9-2324-9ac8-cbad7aa51d12,train,True,1,3RScan,
obs_000211,train,train,3RScan,0cac7584-8d6f-2d13-8df8-c05e4307b418,train/obs_000211,train/obs_000211/metadata.json,obs_022,LEARNABLE,0.01,"[128,192]",3RScan:0cac7584-8d6f-2d13-8df8-c05e4307b418,train,True,0,3RScan,
obs_019784,train,train,3RScan,0cac7584-8d6f-2d13-8df8-c05e4307b418,train/obs_019784,train/obs_019784/metadata.json,obs_010,LEARNABLE,0.01,"[128,192]",3RScan:0cac7584-8d6f-2d13-8df8-c05e4307b418,train,True,1,3RScan,
obs_001194,test,train,3RScan,0cac7547-8d6f-2d13-8c9c-08cad6632f46,train/obs_001194,train/obs_001194/metadata.json,obs_003,LEARNABLE,0.01,"[128,192]",3RScan:0cac7547-8d6f-2d13-8c9c-08cad6632f46,train,True,0,3RScan,
obs_018737,train,train,3RScan,0cac7545-8d6f-2d13-8e8e-563ee8fd14e2,train/obs_018737,train/obs_018737/metadata.json,obs_018,LEARNABLE,0.01,"[128,192]",3RScan:0cac7547-8d6f-2d13-8c9c-08cad6632f46,train,True,1,3RScan,
obs_017830,train,train,3RScan,1c211548-f201-2d25-8686-8e8069116451,train/obs_017830,train/obs_017830/metadata.json,obs_006,EASY,0.01,"[128,192]",3RScan:1c211546-f201-2d25-862b-6323518ec6e1,train,True,0,3RScan,old_train_or_checkpoint_validation
obs_005869,train,train,3RScan,1c211546-f201-2d25-862b-6323518ec6e1,train/obs_005869,train/obs_005869/metadata.json,obs_001,LEARNABLE,0.01,"[128,192]",3RScan:1c211546-f201-2d25-862b-6323518ec6e1,train,True,1,3RScan,old_train_or_checkpoint_validation
obs_022711,test,train,3RScan,bf9a3de1-45a5-2e80-8325-6cf2b519d40c,train/obs_022711,train/obs_022711/metadata.json,obs_023,LEARNABLE,0.01,"[128,192]",3RScan:bf9a3de7-45a5-2e80-81a4-fd6126f6417b,train,True,0,3RScan,
obs_018502,train,train,3RScan,bf9a3de5-45a5-2e80-80ff-056b013f1064,train/obs_018502,train/obs_018502/metadata.json,obs_015,LEARNABLE,0.01,"[128,192]",3RScan:bf9a3de7-45a5-2e80-81a4-fd6126f6417b,train,True,1,3RScan,
obs_001044,train,train,3RScan,bcb0fe13-4f39-2c70-9fdd-eff98a9fbf7e,train/obs_001044,train/obs_001044/metadata.json,obs_022,EASY,0.01,"[128,192]",3RScan:bcb0fe10-4f39-2c70-9c4e-602f1186d2e9,train,False,0,3RScan,
obs_003687,train,train,3RScan,bcb0fe10-4f39-2c70-9c4e-602f1186d2e9,train/obs_003687,train/obs_003687/metadata.json,obs_020,LEARNABLE,0.01,"[128,192]",3RScan:bcb0fe10-4f39-2c70-9c4e-602f1186d2e9,train,False,1,3RScan,
obs_023991,validation,train,3RScan,b8837e16-57ec-29c6-89c3-0e8b7d668f56,train/obs_023991,train/obs_023991/metadata.json,obs_012,LEARNABLE,0.01,"[128,192]",3RScan:b8837e16-57ec-29c6-89c3-0e8b7d668f56,train,True,0,3RScan,old_train_or_checkpoint_validation
obs_013261,test,train,3RScan,b8837e1c-57ec-29c6-8900-ce1eaa76e959,train/obs_013261,train/obs_013261/metadata.json,obs_016,LEARNABLE,0.01,"[128,192]",3RScan:b8837e16-57ec-29c6-89c3-0e8b7d668f56,train,True,1,3RScan,old_train_or_checkpoint_validation
obs_012168,train,train,3RScan,4e858c91-fd93-2cb4-85e4-02c198efe788,train/obs_012168,train/obs_012168/metadata.json,obs_021,LEARNABLE,0.01,"[128,192]",3RScan:4e858c8f-fd93-2cb4-8676-36cea7ef23cc,train,True,0,3RScan,
obs_023449,train,train,3RScan,4e858c8f-fd93-2cb4-8676-36cea7ef23cc,train/obs_023449,train/obs_023449/metadata.json,obs_015,EASY,0.01,"[128,192]",3RScan:4e858c8f-fd93-2cb4-8676-36cea7ef23cc,train,True,1,3RScan,
obs_008433,train,train,3RScan,c7895f3e-339c-2d13-832a-b3636f113063,train/obs_008433,train/obs_008433/metadata.json,obs_020,LEARNABLE,0.01,"[128,192]",3RScan:c7895f3e-339c-2d13-832a-b3636f113063,train,False,0,3RScan,old_train_or_checkpoint_validation
obs_019468,train,train,3RScan,c7895f3e-339c-2d13-832a-b3636f113063,train/obs_019468,train/obs_019468/metadata.json,obs_012,EASY,0.01,"[128,192]",3RScan:c7895f3e-339c-2d13-832a-b3636f113063,train,False,1,3RScan,old_train_or_checkpoint_validation
obs_002017,train,train,3RScan,d7d40d52-7a5d-2b36-972c-b31a5afbfca7,train/obs_002017,train/obs_002017/metadata.json,obs_002,LEARNABLE,0.01,"[128,192]",3RScan:d7d40d54-7a5d-2b36-94d4-7cf59473177f,train,True,0,3RScan,
obs_017724,train,train,3RScan,d7d40d4a-7a5d-2b36-97c9-ae137dfefb02,train/obs_017724,train/obs_017724/metadata.json,obs_004,LEARNABLE,0.01,"[128,192]",3RScan:d7d40d54-7a5d-2b36-94d4-7cf59473177f,train,True,1,3RScan,
obs_009287,validation,train,3RScan,fcf66dae-622d-291c-862d-dc03f6f1d562,train/obs_009287,train/obs_009287/metadata.json,obs_003,LEARNABLE,0.01,"[128,192]",3RScan:fcf66dac-622d-291c-8542-d108fb4a91f5,train,False,0,3RScan,
obs_017703,train,train,3RScan,fcf66dac-622d-291c-8542-d108fb4a91f5,train/obs_017703,train/obs_017703/metadata.json,obs_011,LEARNABLE,0.01,"[128,192]",3RScan:fcf66dac-622d-291c-8542-d108fb4a91f5,train,False,1,3RScan,
obs_016781,test,train,3RScan,0cac760d-8d6f-2d13-8ea2-109ce4da9ac9,train/obs_016781,train/obs_016781/metadata.json,obs_007,EASY,0.01,"[128,192]",3RScan:0cac760f-8d6f-2d13-8d9d-2d8df8f8cb6e,train,True,0,3RScan,
obs_008911,train,train,3RScan,0cac760f-8d6f-2d13-8d9d-2d8df8f8cb6e,train/obs_008911,train/obs_008911/metadata.json,obs_001,EASY,0.01,"[128,192]",3RScan:0cac760f-8d6f-2d13-8d9d-2d8df8f8cb6e,train,True,1,3RScan,
obs_016367,train,train,3RScan,43b8cae5-6678-2e38-98db-a2d49b1ecdfb,train/obs_016367,train/obs_016367/metadata.json,obs_001,LEARNABLE,0.01,"[128,192]",3RScan:43b8cae9-6678-2e38-9bc2-8c31ab832242,train,True,0,3RScan,
obs_004855,train,train,3RScan,43b8cae5-6678-2e38-98db-a2d49b1ecdfb,train/obs_004855,train/obs_004855/metadata.json,obs_002,EASY,0.01,"[128,192]",3RScan:43b8cae9-6678-2e38-9bc2-8c31ab832242,train,True,1,3RScan,
obs_008424,train,train,3RScan,a38a57d6-8a91-2e91-9090-e2625e960187,train/obs_008424,train/obs_008424/metadata.json,obs_012,LEARNABLE,0.01,"[128,192]",3RScan:a38a57d8-8a91-2e91-9237-0f8c220feef5,train,True,0,3RScan,
obs_003118,validation,train,3RScan,a38a57da-8a91-2e91-93eb-0b7f675da4ba,train/obs_003118,train/obs_003118/metadata.json,obs_001,LEARNABLE,0.01,"[128,192]",3RScan:a38a57d8-8a91-2e91-9237-0f8c220feef5,train,True,1,3RScan,
obs_021433,train,train,3RScan,55551071-36f1-29c0-8a92-6c77b608161f,train/obs_021433,train/obs_021433/metadata.json,obs_015,EASY,0.01,"[128,192]",3RScan:531cff02-0021-28f6-8deb-a71f6c628346,train,True,0,3RScan,
obs_023339,test,train,3RScan,531cff00-0021-28f6-8f9c-d0fe2a031f9e,train/obs_023339,train/obs_023339/metadata.json,obs_004,LEARNABLE,0.01,"[128,192]",3RScan:531cff02-0021-28f6-8deb-a71f6c628346,train,True,1,3RScan,
obs_021589,train,train,3RScan,20c993cd-698f-29c5-8575-6a18e0e920cc,train/obs_021589,train/obs_021589/metadata.json,obs_014,LEARNABLE,0.01,"[128,192]",3RScan:20c993cd-698f-29c5-8575-6a18e0e920cc,train,False,0,3RScan,
obs_023239,train,train,3RScan,20c993cd-698f-29c5-8575-6a18e0e920cc,train/obs_023239,train/obs_023239/metadata.json,obs_015,LEARNABLE,0.01,"[128,192]",3RScan:20c993cd-698f-29c5-8575-6a18e0e920cc,train,False,1,3RScan,
obs_020592,validation,train,3RScan,c7895f8f-339c-2d13-81a3-84bc18b475b5,train/obs_020592,train/obs_020592/metadata.json,obs_017,LEARNABLE,0.01,"[128,192]",3RScan:c7895f8f-339c-2d13-81a3-84bc18b475b5,train,True,0,3RScan,
obs_012167,validation,train,3RScan,c7895f8f-339c-2d13-81a3-84bc18b475b5,train/obs_012167,train/obs_012167/metadata.json,obs_018,EASY,0.01,"[128,192]",3RScan:c7895f8f-339c-2d13-81a3-84bc18b475b5,train,True,1,3RScan,
obs_020739,train,train,3RScan,bf9a3dbc-45a5-2e80-80d0-6dc2f6a6f1e9,train/obs_020739,train/obs_020739/metadata.json,obs_001,LEARNABLE,0.01,"[128,192]",3RScan:bf9a3dba-45a5-2e80-8282-0ee19d0447c7,train,True,0,3RScan,old_train_or_checkpoint_validation
obs_005512,train,train,3RScan,bf9a3dbc-45a5-2e80-80d0-6dc2f6a6f1e9,train/obs_005512,train/obs_005512/metadata.json,obs_005,EASY,0.01,"[128,192]",3RScan:bf9a3dba-45a5-2e80-8282-0ee19d0447c7,train,True,1,3RScan,old_train_or_checkpoint_validation
obs_016899,train,train,3RScan,b3d355dd-7f5b-2091-86d0-b81f777eb9c1,train/obs_016899,train/obs_016899/metadata.json,obs_017,LEARNABLE,0.01,"[128,192]",3RScan:18d4d926-7eb5-280e-87df-199e66f2babd,train,True,0,3RScan,
obs_017192,train,train,3RScan,b3d355dd-7f5b-2091-86d0-b81f777eb9c1,train/obs_017192,train/obs_017192/metadata.json,obs_004,EASY,0.01,"[128,192]",3RScan:18d4d926-7eb5-280e-87df-199e66f2babd,train,True,1,3RScan,
obs_010029,train,train,3RScan,4d3d82a8-8cf4-2e04-8025-48aca980e0be,train/obs_010029,train/obs_010029/metadata.json,obs_012,LEARNABLE,0.01,"[128,192]",3RScan:4d3d82a6-8cf4-2e04-828b-ceb5235b58a8,train,True,0,3RScan,old_train_or_checkpoint_validation
obs_013396,train,train,3RScan,4d3d82a6-8cf4-2e04-828b-ceb5235b58a8,train/obs_013396,train/obs_013396/metadata.json,obs_022,EASY,0.01,"[128,192]",3RScan:4d3d82a6-8cf4-2e04-828b-ceb5235b58a8,train,True,1,3RScan,old_train_or_checkpoint_validation
obs_021743,train,train,3RScan,c7895f4e-339c-2d13-80d3-90eaa1403a25,train/obs_021743,train/obs_021743/metadata.json,obs_000,LEARNABLE,0.01,"[128,192]",3RScan:c7895f4e-339c-2d13-80d3-90eaa1403a25,train,True,0,3RScan,
obs_019726,train,train,3RScan,c7895f4e-339c-2d13-80d3-90eaa1403a25,train/obs_019726,train/obs_019726/metadata.json,obs_021,EASY,0.01,"[128,192]",3RScan:c7895f4e-339c-2d13-80d3-90eaa1403a25,train,True,1,3RScan,
obs_007879,test,train,3RScan,0f2f2721-b736-2f71-8cd7-8f86d4bd0437,train/obs_007879,train/obs_007879/metadata.json,obs_012,LEARNABLE,0.01,"[128,192]",3RScan:0f2f271b-b736-2f71-8f3a-e9265463abcb,train,True,0,3RScan,
obs_007147,train,train,3RScan,0f2f271f-b736-2f71-8f74-15fd679c80d5,train/obs_007147,train/obs_007147/metadata.json,obs_015,EASY,0.01,"[128,192]",3RScan:0f2f271b-b736-2f71-8f3a-e9265463abcb,train,True,1,3RScan,
obs_015954,train,train,3RScan,ea318260-0a4c-2749-9389-4c16c782c4b1,train/obs_015954,train/obs_015954/metadata.json,obs_023,LEARNABLE,0.01,"[128,192]",3RScan:280d8ebb-6cc6-2788-9153-98959a2da801,train,True,0,3RScan,old_train_or_checkpoint_validation
obs_008992,train,train,3RScan,1d2f850c-d757-207c-8fba-60b90a7d4691,train/obs_008992,train/obs_008992/metadata.json,obs_018,EASY,0.01,"[128,192]",3RScan:280d8ebb-6cc6-2788-9153-98959a2da801,train,True,1,3RScan,old_train_or_checkpoint_validation
obs_003934,train,train,3RScan,aa202790-8bc8-2c5b-9d03-129b42efee05,train/obs_003934,train/obs_003934/metadata.json,obs_002,LEARNABLE,0.01,"[128,192]",3RScan:634b2181-f5d0-2fb7-8547-fd27b0795137,train,True,0,3RScan,
obs_007614,train,train,3RScan,185d741f-3698-223c-8a4c-5e77f82f9251,train/obs_007614,train/obs_007614/metadata.json,obs_015,EASY,0.01,"[128,192]",3RScan:634b2181-f5d0-2fb7-8547-fd27b0795137,train,True,1,3RScan,
obs_017322,train,train,3RScan,634d11cb-6833-255d-8ff4-b1812575e7dd,train/obs_017322,train/obs_017322/metadata.json,obs_007,LEARNABLE,0.01,"[128,192]",3RScan:634d11d3-6833-255d-8cb0-12c4fb3ea031,train,True,0,3RScan,
obs_008401,train,train,3RScan,634d11d3-6833-255d-8cb0-12c4fb3ea031,train/obs_008401,train/obs_008401/metadata.json,obs_023,LEARNABLE,0.01,"[128,192]",3RScan:634d11d3-6833-255d-8cb0-12c4fb3ea031,train,True,1,3RScan,
obs_022536,train,train,3RScan,0f2f2717-b736-2f71-8d6a-28817c01a17f,train/obs_022536,train/obs_022536/metadata.json,obs_017,EASY,0.01,"[128,192]",3RScan:0f2f2711-b736-2f71-8c6a-245a9d820a8c,train,True,0,3RScan,old_train_or_checkpoint_validation
obs_007664,validation,train,3RScan,7ab2a9c3-ebc6-2056-8965-ecbce808b905,train/obs_007664,train/obs_007664/metadata.json,obs_014,EASY,0.01,"[128,192]",3RScan:0f2f2711-b736-2f71-8c6a-245a9d820a8c,train,True,1,3RScan,old_train_or_checkpoint_validation
obs_008021,train,train,3RScan,a38a57de-8a91-2e91-90b2-910244171e92,train/obs_008021,train/obs_008021/metadata.json,obs_010,EASY,0.01,"[128,192]",3RScan:a38a57de-8a91-2e91-90b2-910244171e92,train,True,0,3RScan,
obs_011384,train,train,3RScan,a38a57de-8a91-2e91-90b2-910244171e92,train/obs_011384,train/obs_011384/metadata.json,obs_006,EASY,0.01,"[128,192]",3RScan:a38a57de-8a91-2e91-90b2-910244171e92,train,True,1,3RScan,
obs_013795,train,train,3RScan,1d2f8518-d757-207c-8d4a-b2f43254c68f,train/obs_013795,train/obs_013795/metadata.json,obs_001,LEARNABLE,0.01,"[128,192]",3RScan:1e0ccbe6-9783-2bd7-8d51-ca9e9226bf35,train,False,0,3RScan,
obs_011707,train,train,3RScan,42384914-60a7-271e-9c5f-f0e1eee114ae,train/obs_011707,train/obs_011707/metadata.json,obs_010,LEARNABLE,0.01,"[128,192]",3RScan:1e0ccbe6-9783-2bd7-8d51-ca9e9226bf35,train,False,1,3RScan,
obs_007070,train,train,3RScan,48005c65-7d67-29ec-85e0-6a925eb15a27,train/obs_007070,train/obs_007070/metadata.json,obs_014,EASY,0.01,"[128,192]",3RScan:48005c65-7d67-29ec-85e0-6a925eb15a27,train,False,0,3RScan,
obs_017003,train,train,3RScan,48005c65-7d67-29ec-85e0-6a925eb15a27,train/obs_017003,train/obs_017003/metadata.json,obs_015,LEARNABLE,0.01,"[128,192]",3RScan:48005c65-7d67-29ec-85e0-6a925eb15a27,train,False,1,3RScan,
obs_004691,test,train,3RScan,10a993b0-b1ad-2404-85b7-3eac1e66b413,train/obs_004691,train/obs_004691/metadata.json,obs_006,LEARNABLE,0.01,"[128,192]",3RScan:9c27de4f-6184-2cda-81d6-9c806607918e,train,True,0,3RScan,
obs_005642,train,train,3RScan,1d2f8512-d757-207c-8c76-9ce179890827,train/obs_005642,train/obs_005642/metadata.json,obs_002,LEARNABLE,0.01,"[128,192]",3RScan:9c27de4f-6184-2cda-81d6-9c806607918e,train,True,1,3RScan,
obs_023232,train,train,3RScan,c7895f29-339c-2d13-83e9-90dbe61fa8be,train/obs_023232,train/obs_023232/metadata.json,obs_023,LEARNABLE,0.01,"[128,192]",3RScan:c7895f27-339c-2d13-836b-c12dca280261,train,True,0,3RScan,
obs_023755,train,train,3RScan,c7895f29-339c-2d13-83e9-90dbe61fa8be,train/obs_023755,train/obs_023755/metadata.json,obs_011,EASY,0.01,"[128,192]",3RScan:c7895f27-339c-2d13-836b-c12dca280261,train,True,1,3RScan,
obs_005344,test,train,3RScan,501ebf0f-a3bb-263f-867d-7c2af21b54d0,train/obs_005344,train/obs_005344/metadata.json,obs_003,LEARNABLE,0.01,"[128,192]",3RScan:501ebf0b-a3bb-263f-86fd-7ef000a19588,train,False,0,3RScan,
obs_000438,test,train,3RScan,501ebf0f-a3bb-263f-867d-7c2af21b54d0,train/obs_000438,train/obs_000438/metadata.json,obs_002,EASY,0.01,"[128,192]",3RScan:501ebf0b-a3bb-263f-86fd-7ef000a19588,train,False,1,3RScan,
obs_022636,train,train,3RScan,0cac7631-8d6f-2d13-8fa2-3060b22cb329,train/obs_022636,train/obs_022636/metadata.json,obs_015,EASY,0.01,"[128,192]",3RScan:0cac7633-8d6f-2d13-8e91-8b46e2b70f34,train,False,0,3RScan,
obs_007085,train,train,3RScan,0cac7631-8d6f-2d13-8fa2-3060b22cb329,train/obs_007085,train/obs_007085/metadata.json,obs_001,LEARNABLE,0.01,"[128,192]",3RScan:0cac7633-8d6f-2d13-8e91-8b46e2b70f34,train,False,1,3RScan,
obs_002749,train,train,3RScan,4e858c93-fd93-2cb4-86d6-12f652012a40,train/obs_002749,train/obs_002749/metadata.json,obs_011,LEARNABLE,0.01,"[128,192]",3RScan:4e858c93-fd93-2cb4-86d6-12f652012a40,train,True,0,3RScan,
obs_018820,train,train,3RScan,4e858c95-fd93-2cb4-853e-1233ae90402a,train/obs_018820,train/obs_018820/metadata.json,obs_023,LEARNABLE,0.01,"[128,192]",3RScan:4e858c93-fd93-2cb4-86d6-12f652012a40,train,True,1,3RScan,
obs_019044,train,train,3RScan,b05fdd8a-fca0-2d4f-8ac5-f6ae697787f5,train/obs_019044,train/obs_019044/metadata.json,obs_015,LEARNABLE,0.01,"[128,192]",3RScan:b05fdd8a-fca0-2d4f-8ac5-f6ae697787f5,train,True,0,3RScan,
obs_017139,train,train,3RScan,b05fdd8a-fca0-2d4f-8ac5-f6ae697787f5,train/obs_017139,train/obs_017139/metadata.json,obs_009,LEARNABLE,0.01,"[128,192]",3RScan:b05fdd8a-fca0-2d4f-8ac5-f6ae697787f5,train,True,1,3RScan,
obs_006435,train,train,3RScan,c7895f4c-339c-2d13-8383-527f405b18c3,train/obs_006435,train/obs_006435/metadata.json,obs_009,EASY,0.01,"[128,192]",3RScan:c7895f46-339c-2d13-81c6-395674134ef2,train,False,0,3RScan,
obs_010622,test,train,3RScan,c7895f46-339c-2d13-81c6-395674134ef2,train/obs_010622,train/obs_010622/metadata.json,obs_004,EASY,0.01,"[128,192]",3RScan:c7895f46-339c-2d13-81c6-395674134ef2,train,False,1,3RScan,
obs_013024,train,train,3RScan,c670793a-2ecb-2de2-8276-7d00f11b8f69,train/obs_013024,train/obs_013024/metadata.json,obs_002,EASY,0.01,"[128,192]",3RScan:c6707938-2ecb-2de2-811c-69f6f7a0e638,train,False,0,3RScan,
obs_011051,train,train,3RScan,c670793d-2ecb-2de2-81fe-76776e342133,train/obs_011051,train/obs_011051/metadata.json,obs_017,EASY,0.01,"[128,192]",3RScan:c6707938-2ecb-2de2-811c-69f6f7a0e638,train,False,1,3RScan,
obs_012308,validation,train,3RScan,09582207-e2c2-2de1-972c-225d968c2ab4,train/obs_012308,train/obs_012308/metadata.json,obs_020,LEARNABLE,0.01,"[128,192]",3RScan:0958220d-e2c2-2de1-9710-c37018da1883,train,True,0,3RScan,
obs_008209,validation,train,3RScan,09582207-e2c2-2de1-972c-225d968c2ab4,train/obs_008209,train/obs_008209/metadata.json,obs_014,EASY,0.01,"[128,192]",3RScan:0958220d-e2c2-2de1-9710-c37018da1883,train,True,1,3RScan,
obs_006831,train,train,3RScan,6993478e-1286-2e5b-82d0-eb36d75214de,train/obs_006831,train/obs_006831/metadata.json,obs_002,LEARNABLE,0.01,"[128,192]",3RScan:6993478e-1286-2e5b-82d0-eb36d75214de,train,True,0,3RScan,
obs_016578,train,train,3RScan,6993478e-1286-2e5b-82d0-eb36d75214de,train/obs_016578,train/obs_016578/metadata.json,obs_010,LEARNABLE,0.01,"[128,192]",3RScan:6993478e-1286-2e5b-82d0-eb36d75214de,train,True,1,3RScan,
obs_019557,train,train,3RScan,0cac762d-8d6f-2d13-8c70-b523afdf6989,train/obs_019557,train/obs_019557/metadata.json,obs_007,LEARNABLE,0.01,"[128,192]",3RScan:0cac762b-8d6f-2d13-8de2-832a3c07864b,train,True,0,3RScan,
obs_002705,train,train,3RScan,0cac762b-8d6f-2d13-8de2-832a3c07864b,train/obs_002705,train/obs_002705/metadata.json,obs_005,LEARNABLE,0.01,"[128,192]",3RScan:0cac762b-8d6f-2d13-8de2-832a3c07864b,train,True,1,3RScan,
obs_002382,train,train,3RScan,8eabc445-5af7-2f32-85ae-90deb8eb1b0b,train/obs_002382,train/obs_002382/metadata.json,obs_014,LEARNABLE,0.01,"[128,192]",3RScan:4138582f-a238-2435-8332-6902542c2823,train,True,0,3RScan,old_train_or_checkpoint_validation
obs_022662,train,train,3RScan,8eabc445-5af7-2f32-85ae-90deb8eb1b0b,train/obs_022662,train/obs_022662/metadata.json,obs_004,EASY,0.01,"[128,192]",3RScan:4138582f-a238-2435-8332-6902542c2823,train,True,1,3RScan,old_train_or_checkpoint_validation
obs_015437,train,train,3RScan,20c993c1-698f-29c5-86b8-50a2a0907e2b,train/obs_015437,train/obs_015437/metadata.json,obs_008,EASY,0.01,"[128,192]",3RScan:20c993c1-698f-29c5-86b8-50a2a0907e2b,train,False,0,3RScan,
obs_019853,train,train,3RScan,20c993c1-698f-29c5-86b8-50a2a0907e2b,train/obs_019853,train/obs_019853/metadata.json,obs_013,LEARNABLE,0.01,"[128,192]",3RScan:20c993c1-698f-29c5-86b8-50a2a0907e2b,train,False,1,3RScan,
obs_020737,test,train,3RScan,8eabc43e-5af7-2f32-84f8-4bb45c0d6460,train/obs_020737,train/obs_020737/metadata.json,obs_007,LEARNABLE,0.01,"[128,192]",3RScan:8eabc43a-5af7-2f32-85d7-b62167a48e58,train,True,0,3RScan,
obs_010160,test,train,3RScan,8eabc43e-5af7-2f32-84f8-4bb45c0d6460,train/obs_010160,train/obs_010160/metadata.json,obs_008,LEARNABLE,0.01,"[128,192]",3RScan:8eabc43a-5af7-2f32-85d7-b62167a48e58,train,True,1,3RScan,
obs_003316,train,train,3RScan,0ad2d389-79e2-2212-9b0a-5f0e6f4982b5,train/obs_003316,train/obs_003316/metadata.json,obs_021,LEARNABLE,0.01,"[128,192]",3RScan:0ad2d386-79e2-2212-9b40-43d081db442a,train,True,0,3RScan,
obs_023788,train,train,3RScan,0ad2d389-79e2-2212-9b0a-5f0e6f4982b5,train/obs_023788,train/obs_023788/metadata.json,obs_001,LEARNABLE,0.01,"[128,192]",3RScan:0ad2d386-79e2-2212-9b40-43d081db442a,train,True,1,3RScan,
obs_022455,train,train,3RScan,fcf66d98-622d-291c-851a-a16c117a91bb,train/obs_022455,train/obs_022455/metadata.json,obs_004,EASY,0.01,"[128,192]",3RScan:fcf66d94-622d-291c-85fc-284b68d64c81,train,True,0,3RScan,old_train_or_checkpoint_validation
obs_011302,train,train,3RScan,fcf66d98-622d-291c-851a-a16c117a91bb,train/obs_011302,train/obs_011302/metadata.json,obs_013,LEARNABLE,0.01,"[128,192]",3RScan:fcf66d94-622d-291c-85fc-284b68d64c81,train,True,1,3RScan,old_train_or_checkpoint_validation
obs_014609,train,train,3RScan,5630cfde-12bf-2860-8563-d68bdd98fab0,train/obs_014609,train/obs_014609/metadata.json,obs_001,LEARNABLE,0.01,"[128,192]",3RScan:c92fb5b5-f771-2064-8570-dbe16cb33764,train,True,0,3RScan,
obs_019132,validation,train,3RScan,10b1793e-3938-2467-8b92-f56541e7ef9e,train/obs_019132,train/obs_019132/metadata.json,obs_000,LEARNABLE,0.01,"[128,192]",3RScan:c92fb5b5-f771-2064-8570-dbe16cb33764,train,True,1,3RScan,
obs_016625,train,train,3RScan,6a360541-fa53-2915-9432-e4b7e065aa73,train/obs_016625,train/obs_016625/metadata.json,obs_014,LEARNABLE,0.01,"[128,192]",3RScan:0cac767e-8d6f-2d13-8d1a-d5e9b184df15,train,True,0,3RScan,
obs_003385,test,train,3RScan,7272e189-a01b-20f6-8a2e-05b6c8395143,train/obs_003385,train/obs_003385/metadata.json,obs_013,EASY,0.01,"[128,192]",3RScan:0cac767e-8d6f-2d13-8d1a-d5e9b184df15,train,True,1,3RScan,
obs_022487,train,train,3RScan,751a557f-fe61-2c3b-8f60-a1ba913060c4,train/obs_022487,train/obs_022487/metadata.json,obs_005,EASY,0.01,"[128,192]",3RScan:751a55a1-fe61-2c3b-8df5-925bfeac2496,train,True,0,3RScan,
obs_001906,train,train,3RScan,751a557f-fe61-2c3b-8f60-a1ba913060c4,train/obs_001906,train/obs_001906/metadata.json,obs_001,LEARNABLE,0.01,"[128,192]",3RScan:751a55a1-fe61-2c3b-8df5-925bfeac2496,train,True,1,3RScan,
obs_001705,validation,train,3RScan,1d234026-e280-2b1a-8fe1-713e28269f4d,train/obs_001705,train/obs_001705/metadata.json,obs_003,LEARNABLE,0.01,"[128,192]",3RScan:1d234022-e280-2b1a-8cec-e9787bb0d7b2,train,True,0,3RScan,
obs_012847,train,train,3RScan,1d234022-e280-2b1a-8cec-e9787bb0d7b2,train/obs_012847,train/obs_012847/metadata.json,obs_008,EASY,0.01,"[128,192]",3RScan:1d234022-e280-2b1a-8cec-e9787bb0d7b2,train,True,1,3RScan,
obs_023038,train,train,3RScan,751a558a-fe61-2c3b-8f24-9c288e5fca94,train/obs_023038,train/obs_023038/metadata.json,obs_020,LEARNABLE,0.01,"[128,192]",3RScan:751a55a3-fe61-2c3b-8d1b-daad80d1af30,train,True,0,3RScan,
obs_013354,train,train,3RScan,751a55a3-fe61-2c3b-8d1b-daad80d1af30,train/obs_013354,train/obs_013354/metadata.json,obs_007,LEARNABLE,0.01,"[128,192]",3RScan:751a55a3-fe61-2c3b-8d1b-daad80d1af30,train,True,1,3RScan,
obs_021781,train,train,3RScan,bf9a3dac-45a5-2e80-8073-0fe4e80c0e99,train/obs_021781,train/obs_021781/metadata.json,obs_023,EASY,0.01,"[128,192]",3RScan:bf9a3dac-45a5-2e80-8073-0fe4e80c0e99,train,True,0,3RScan,
obs_023892,train,train,3RScan,bf9a3dac-45a5-2e80-8073-0fe4e80c0e99,train/obs_023892,train/obs_023892/metadata.json,obs_020,LEARNABLE,0.01,"[128,192]",3RScan:bf9a3dac-45a5-2e80-8073-0fe4e80c0e99,train,True,1,3RScan,
obs_020635,train,train,3RScan,a8952593-9035-254b-8f40-bc82e6bcbbb1,train/obs_020635,train/obs_020635/metadata.json,obs_015,EASY,0.01,"[128,192]",3RScan:a8952595-9035-254b-8c74-9c22ced19216,train,False,0,3RScan,
obs_014466,train,train,3RScan,a8952593-9035-254b-8f40-bc82e6bcbbb1,train/obs_014466,train/obs_014466/metadata.json,obs_004,EASY,0.01,"[128,192]",3RScan:a8952595-9035-254b-8c74-9c22ced19216,train,False,1,3RScan,
obs_001062,train,train,3RScan,bf9a3dcf-45a5-2e80-8196-c38271d91bcf,train/obs_001062,train/obs_001062/metadata.json,obs_010,EASY,0.01,"[128,192]",3RScan:bf9a3dcb-45a5-2e80-83df-181fa8da160f,train,True,0,3RScan,
obs_003414,train,train,3RScan,bf9a3dcf-45a5-2e80-8196-c38271d91bcf,train/obs_003414,train/obs_003414/metadata.json,obs_015,EASY,0.01,"[128,192]",3RScan:bf9a3dcb-45a5-2e80-83df-181fa8da160f,train,True,1,3RScan,
obs_005674,train,train,3RScan,ba6fdaa2-a4c1-2dca-81a8-2aacd785edd7,train/obs_005674,train/obs_005674/metadata.json,obs_012,EASY,0.01,"[128,192]",3RScan:ba6fdaa2-a4c1-2dca-81a8-2aacd785edd7,train,True,0,3RScan,
obs_010438,train,train,3RScan,ba6fdaa2-a4c1-2dca-81a8-2aacd785edd7,train/obs_010438,train/obs_010438/metadata.json,obs_019,LEARNABLE,0.01,"[128,192]",3RScan:ba6fdaa2-a4c1-2dca-81a8-2aacd785edd7,train,True,1,3RScan,
obs_014838,train,train,3RScan,a8952591-9035-254b-8f0a-d23a65253b5f,train/obs_014838,train/obs_014838/metadata.json,obs_018,LEARNABLE,0.01,"[128,192]",3RScan:a895258d-9035-254b-8e61-2307a9926e62,train,False,0,3RScan,
obs_010421,train,train,3RScan,a8952591-9035-254b-8f0a-d23a65253b5f,train/obs_010421,train/obs_010421/metadata.json,obs_004,LEARNABLE,0.01,"[128,192]",3RScan:a895258d-9035-254b-8e61-2307a9926e62,train,False,1,3RScan,
obs_022447,train,train,3RScan,2451c041-fae8-24f6-9213-b8b6af8d86c1,train/obs_022447,train/obs_022447/metadata.json,obs_008,LEARNABLE,0.01,"[128,192]",3RScan:0cac7578-8d6f-2d13-8c2d-bfa7a04f8af3,train,True,0,3RScan,
obs_020973,test,train,3RScan,ddc73793-765b-241a-9ecd-b0cebb7cf916,train/obs_020973,train/obs_020973/metadata.json,obs_012,LEARNABLE,0.01,"[128,192]",3RScan:0cac7578-8d6f-2d13-8c2d-bfa7a04f8af3,train,True,1,3RScan,
obs_009277,train,train,3RScan,c7895f40-339c-2d13-82c7-8a2810cdf02e,train/obs_009277,train/obs_009277/metadata.json,obs_016,EASY,0.01,"[128,192]",3RScan:c7895f42-339c-2d13-814f-994062b318b0,train,False,0,3RScan,
obs_015614,train,train,3RScan,c7895f44-339c-2d13-8103-3e9dcc3be375,train/obs_015614,train/obs_015614/metadata.json,obs_004,EASY,0.01,"[128,192]",3RScan:c7895f42-339c-2d13-814f-994062b318b0,train,False,1,3RScan,
obs_000848,train,train,3RScan,355465d0-d29b-29f9-94f2-7707ac505bae,train/obs_000848,train/obs_000848/metadata.json,obs_013,LEARNABLE,0.01,"[128,192]",3RScan:355465d0-d29b-29f9-94f2-7707ac505bae,train,True,0,3RScan,
obs_000760,train,train,3RScan,355465d0-d29b-29f9-94f2-7707ac505bae,train/obs_000760,train/obs_000760/metadata.json,obs_017,LEARNABLE,0.01,"[128,192]",3RScan:355465d0-d29b-29f9-94f2-7707ac505bae,train,True,1,3RScan,
obs_013852,train,train,3RScan,ebc42041-82a4-2113-8583-cc8c1be818b3,train/obs_013852,train/obs_013852/metadata.json,obs_003,LEARNABLE,0.01,"[128,192]",3RScan:ebc42041-82a4-2113-8583-cc8c1be818b3,train,True,0,3RScan,
obs_001503,train,train,3RScan,ebc42041-82a4-2113-8583-cc8c1be818b3,train/obs_001503,train/obs_001503/metadata.json,obs_000,LEARNABLE,0.01,"[128,192]",3RScan:ebc42041-82a4-2113-8583-cc8c1be818b3,train,True,1,3RScan,
obs_008502,train,train,3RScan,352e9c3a-69fb-27a7-897c-83e7341b28eb,train/obs_008502,train/obs_008502/metadata.json,obs_011,LEARNABLE,0.01,"[128,192]",3RScan:352e9c36-69fb-27a7-889f-69b450a22b74,train,True,0,3RScan,
obs_017409,train,train,3RScan,352e9c3a-69fb-27a7-897c-83e7341b28eb,train/obs_017409,train/obs_017409/metadata.json,obs_010,EASY,0.01,"[128,192]",3RScan:352e9c36-69fb-27a7-889f-69b450a22b74,train,True,1,3RScan,
obs_010288,train,train,3RScan,5341b7e1-8a66-2cdd-87a3-02aad508ff86,train/obs_010288,train/obs_010288/metadata.json,obs_021,LEARNABLE,0.01,"[128,192]",3RScan:5341b7e1-8a66-2cdd-87a3-02aad508ff86,train,True,0,3RScan,
obs_018019,train,train,3RScan,75c259a5-9ca2-2844-9441-d72912c1e696,train/obs_018019,train/obs_018019/metadata.json,obs_009,LEARNABLE,0.01,"[128,192]",3RScan:5341b7e1-8a66-2cdd-87a3-02aad508ff86,train,True,1,3RScan,
obs_023517,train,train,3RScan,8eabc41a-5af7-2f32-8677-c1e3f9b04e62,train/obs_023517,train/obs_023517/metadata.json,obs_005,LEARNABLE,0.01,"[128,192]",3RScan:752cc595-920c-26f5-8d66-d08f8f111c92,train,True,0,3RScan,
obs_013670,validation,train,3RScan,8eabc418-5af7-2f32-85a1-a2709b29c46d,train/obs_013670,train/obs_013670/metadata.json,obs_005,EASY,0.01,"[128,192]",3RScan:752cc595-920c-26f5-8d66-d08f8f111c92,train,True,1,3RScan,
obs_002187,train,train,3RScan,1713f859-5300-2104-841c-c60e88ded469,train/obs_002187,train/obs_002187/metadata.json,obs_023,LEARNABLE,0.01,"[128,192]",3RScan:1713f852-5300-2104-8658-73b77b66af61,train,True,0,3RScan,
obs_003590,train,train,3RScan,1713f857-5300-2104-85c7-5e6e0b50713c,train/obs_003590,train/obs_003590/metadata.json,obs_021,LEARNABLE,0.01,"[128,192]",3RScan:1713f852-5300-2104-8658-73b77b66af61,train,True,1,3RScan,
obs_018667,train,train,3RScan,5555107d-36f1-29c0-896a-5c8ccfb81965,train/obs_018667,train/obs_018667/metadata.json,obs_002,EASY,0.01,"[128,192]",3RScan:5555107f-36f1-29c0-8903-9b66fb2301d0,train,True,0,3RScan,
obs_000317,train,train,3RScan,5555107d-36f1-29c0-896a-5c8ccfb81965,train/obs_000317,train/obs_000317/metadata.json,obs_005,LEARNABLE,0.01,"[128,192]",3RScan:5555107f-36f1-29c0-8903-9b66fb2301d0,train,True,1,3RScan,
obs_011174,train,train,3RScan,8f0f1447-55de-28ce-83c5-092887498eea,train/obs_011174,train/obs_011174/metadata.json,obs_000,EASY,0.01,"[128,192]",3RScan:8f0f144b-55de-28ce-8053-2828b87a0cc9,train,True,0,3RScan,
obs_015922,test,train,3RScan,8f0f144d-55de-28ce-8075-69a0a3b631b5,train/obs_015922,train/obs_015922/metadata.json,obs_021,LEARNABLE,0.01,"[128,192]",3RScan:8f0f144b-55de-28ce-8053-2828b87a0cc9,train,True,1,3RScan,
obs_004913,train,train,3RScan,422885e5-192d-25fc-871f-83fa4d7af432,train/obs_004913,train/obs_004913/metadata.json,obs_009,LEARNABLE,0.01,"[128,192]",3RScan:422885e5-192d-25fc-871f-83fa4d7af432,train,True,0,3RScan,parent_pilot_development
obs_001169,train,train,3RScan,422885e5-192d-25fc-871f-83fa4d7af432,train/obs_001169,train/obs_001169/metadata.json,obs_017,LEARNABLE,0.01,"[128,192]",3RScan:422885e5-192d-25fc-871f-83fa4d7af432,train,True,1,3RScan,parent_pilot_development
obs_000602,train,train,3RScan,5341b7bf-8a66-2cdd-8794-026113b7c312,train/obs_000602,train/obs_000602/metadata.json,obs_021,EASY,0.01,"[128,192]",3RScan:5341b7bf-8a66-2cdd-8794-026113b7c312,train,True,0,3RScan,
obs_014416,train,train,3RScan,4138584f-a238-2435-8242-4c9b86032127,train/obs_014416,train/obs_014416/metadata.json,obs_015,LEARNABLE,0.01,"[128,192]",3RScan:5341b7bf-8a66-2cdd-8794-026113b7c312,train,True,1,3RScan,
obs_005144,test,train,3RScan,8eabc3ff-5af7-2f32-8637-ee6fa1bf7708,train/obs_005144,train/obs_005144/metadata.json,obs_017,LEARNABLE,0.01,"[128,192]",3RScan:4fbad320-465b-2a5d-85d7-dc83aa09a9fa,train,True,0,3RScan,
obs_023585,test,train,3RScan,8eabc3ff-5af7-2f32-8637-ee6fa1bf7708,train/obs_023585,train/obs_023585/metadata.json,obs_007,LEARNABLE,0.01,"[128,192]",3RScan:4fbad320-465b-2a5d-85d7-dc83aa09a9fa,train,True,1,3RScan,
obs_000328,train,train,3RScan,ab835fa7-54c6-29a1-997b-3804159c15ea,train/obs_000328,train/obs_000328/metadata.json,obs_003,LEARNABLE,0.01,"[128,192]",3RScan:ab835fa7-54c6-29a1-997b-3804159c15ea,train,True,0,3RScan,
obs_009189,train,train,3RScan,ab835fa7-54c6-29a1-997b-3804159c15ea,train/obs_009189,train/obs_009189/metadata.json,obs_001,LEARNABLE,0.01,"[128,192]",3RScan:ab835fa7-54c6-29a1-997b-3804159c15ea,train,True,1,3RScan,
obs_013524,train,train,3RScan,41385867-a238-2435-8152-dc84ef14eae1,train/obs_013524,train/obs_013524/metadata.json,obs_003,LEARNABLE,0.01,"[128,192]",3RScan:5341b7e9-8a66-2cdd-86a9-62cf7da55c0a,train,True,0,3RScan,
obs_012859,train,train,3RScan,41385867-a238-2435-8152-dc84ef14eae1,train/obs_012859,train/obs_012859/metadata.json,obs_002,LEARNABLE,0.01,"[128,192]",3RScan:5341b7e9-8a66-2cdd-86a9-62cf7da55c0a,train,True,1,3RScan,
obs_018268,train,train,3RScan,6a36054d-fa53-2915-94a6-7e44f4f7a6cf,train/obs_018268,train/obs_018268/metadata.json,obs_015,LEARNABLE,0.01,"[128,192]",3RScan:6a36054b-fa53-2915-946e-4ec15f811f6e,train,True,0,3RScan,
obs_004101,train,train,3RScan,6a36054d-fa53-2915-94a6-7e44f4f7a6cf,train/obs_004101,train/obs_004101/metadata.json,obs_019,EASY,0.01,"[128,192]",3RScan:6a36054b-fa53-2915-946e-4ec15f811f6e,train,True,1,3RScan,
obs_012656,train,train,3RScan,9766cbfd-6321-2e2f-8348-7da212a30beb,train/obs_012656,train/obs_012656/metadata.json,obs_011,LEARNABLE,0.01,"[128,192]",3RScan:cf00577c-b8f0-2aa8-869e-175d8b655d12,train,True,0,3RScan,
obs_010676,train,train,3RScan,7f30f36c-42f9-27ed-87c6-23ceb65f1f9b,train/obs_010676,train/obs_010676/metadata.json,obs_006,LEARNABLE,0.01,"[128,192]",3RScan:cf00577c-b8f0-2aa8-869e-175d8b655d12,train,True,1,3RScan,
obs_011422,train,train,3RScan,210cdbbd-9e8d-2832-87c1-a1a2c71cde80,train/obs_011422,train/obs_011422/metadata.json,obs_001,EASY,0.01,"[128,192]",3RScan:210cdbb2-9e8d-2832-87e5-7e474cf621ea,train,True,0,3RScan,
obs_015526,train,train,3RScan,210cdbbd-9e8d-2832-87c1-a1a2c71cde80,train/obs_015526,train/obs_015526/metadata.json,obs_022,LEARNABLE,0.01,"[128,192]",3RScan:210cdbb2-9e8d-2832-87e5-7e474cf621ea,train,True,1,3RScan,
obs_015736,train,train,3RScan,6bde60e8-9162-246f-8f82-83326a675ee0,train/obs_015736,train/obs_015736/metadata.json,obs_000,LEARNABLE,0.01,"[128,192]",3RScan:6bde60e6-9162-246f-8d7f-823d12b5e358,train,True,0,3RScan,
obs_009261,train,train,3RScan,6bde60ea-9162-246f-8e87-899570bd80e6,train/obs_009261,train/obs_009261/metadata.json,obs_019,LEARNABLE,0.01,"[128,192]",3RScan:6bde60e6-9162-246f-8d7f-823d12b5e358,train,True,1,3RScan,
obs_021784,train,train,3RScan,422885b1-192d-25fc-868c-110216f86479,train/obs_021784,train/obs_021784/metadata.json,obs_013,LEARNABLE,0.01,"[128,192]",3RScan:422885c3-192d-25fc-844a-645180810bfd,train,True,0,3RScan,
obs_012137,train,train,3RScan,422885c3-192d-25fc-844a-645180810bfd,train/obs_012137,train/obs_012137/metadata.json,obs_021,EASY,0.01,"[128,192]",3RScan:422885c3-192d-25fc-844a-645180810bfd,train,True,1,3RScan,
obs_005087,train,train,3RScan,10b17938-3938-2467-8a37-21820ba7efc8,train/obs_005087,train/obs_005087/metadata.json,obs_010,LEARNABLE,0.01,"[128,192]",3RScan:10b17936-3938-2467-88ba-ba5fe2debf14,train,True,0,3RScan,
obs_017773,train,train,3RScan,10b17938-3938-2467-8a37-21820ba7efc8,train/obs_017773,train/obs_017773/metadata.json,obs_005,LEARNABLE,0.01,"[128,192]",3RScan:10b17936-3938-2467-88ba-ba5fe2debf14,train,True,1,3RScan,
obs_014251,train,train,3RScan,0cac761f-8d6f-2d13-8c29-90f19c5f65c6,train/obs_014251,train/obs_014251/metadata.json,obs_002,LEARNABLE,0.01,"[128,192]",3RScan:dbeb4d09-faf9-2324-9b85-dabd70dba4d0,train,True,0,3RScan,
obs_016711,train,train,3RScan,dbeb4d09-faf9-2324-9b85-dabd70dba4d0,train/obs_016711,train/obs_016711/metadata.json,obs_022,LEARNABLE,0.01,"[128,192]",3RScan:dbeb4d09-faf9-2324-9b85-dabd70dba4d0,train,True,1,3RScan,
obs_007804,train,train,3RScan,0cac75f0-8d6f-2d13-8d86-371deca33bb4,train/obs_007804,train/obs_007804/metadata.json,obs_018,EASY,0.01,"[128,192]",3RScan:0cac75f0-8d6f-2d13-8d86-371deca33bb4,train,True,0,3RScan,old_train_or_checkpoint_validation
obs_006219,validation,train,3RScan,0cac75ee-8d6f-2d13-8f1f-5f13d3b59ce3,train/obs_006219,train/obs_006219/metadata.json,obs_017,EASY,0.01,"[128,192]",3RScan:0cac75f0-8d6f-2d13-8d86-371deca33bb4,train,True,1,3RScan,old_train_or_checkpoint_validation
obs_020100,train,train,3RScan,20c9939b-698f-29c5-85a4-68c286bd7053,train/obs_020100,train/obs_020100/metadata.json,obs_009,LEARNABLE,0.01,"[128,192]",3RScan:87e6cf7b-9d1a-289f-8692-57e5757dac99,train,True,0,3RScan,
obs_010816,train,train,3RScan,20c9939b-698f-29c5-85a4-68c286bd7053,train/obs_010816,train/obs_010816/metadata.json,obs_020,LEARNABLE,0.01,"[128,192]",3RScan:87e6cf7b-9d1a-289f-8692-57e5757dac99,train,True,1,3RScan,
obs_014995,train,train,3RScan,6bde608f-9162-246f-8e28-7c487fbbdfa1,train/obs_014995,train/obs_014995/metadata.json,obs_010,LEARNABLE,0.01,"[128,192]",3RScan:6bde6091-9162-246f-8ea8-fdfd6c0a7f77,train,True,0,3RScan,
obs_017498,train,train,3RScan,6bde608f-9162-246f-8e28-7c487fbbdfa1,train/obs_017498,train/obs_017498/metadata.json,obs_000,LEARNABLE,0.01,"[128,192]",3RScan:6bde6091-9162-246f-8ea8-fdfd6c0a7f77,train,True,1,3RScan,
obs_014558,validation,train,3RScan,0cac7637-8d6f-2d13-8e6f-f79dce250314,train/obs_014558,train/obs_014558/metadata.json,obs_016,LEARNABLE,0.01,"[128,192]",3RScan:0cac7635-8d6f-2d13-8ea5-25f4dc197d1d,train,True,0,3RScan,
obs_012690,train,train,3RScan,0cac7635-8d6f-2d13-8ea5-25f4dc197d1d,train/obs_012690,train/obs_012690/metadata.json,obs_016,LEARNABLE,0.01,"[128,192]",3RScan:0cac7635-8d6f-2d13-8ea5-25f4dc197d1d,train,True,1,3RScan,
obs_009940,train,train,3RScan,38770ca9-86d7-27b8-860f-a3ee50595031,train/obs_009940,train/obs_009940/metadata.json,obs_010,LEARNABLE,0.01,"[128,192]",3RScan:38770cb0-86d7-27b8-8466-1782505891fd,train,True,0,3RScan,
obs_012971,train,train,3RScan,38770cae-86d7-27b8-8625-98c0a4a3616f,train/obs_012971,train/obs_012971/metadata.json,obs_020,LEARNABLE,0.01,"[128,192]",3RScan:38770cb0-86d7-27b8-8466-1782505891fd,train,True,1,3RScan,
obs_011222,train,train,3RScan,bcb0fe1f-4f39-2c70-9e7f-a9d783c159fc,train/obs_011222,train/obs_011222/metadata.json,obs_022,LEARNABLE,0.01,"[128,192]",3RScan:bcb0fe1f-4f39-2c70-9e7f-a9d783c159fc,train,False,0,3RScan,
obs_003862,train,train,3RScan,bcb0fe1f-4f39-2c70-9e7f-a9d783c159fc,train/obs_003862,train/obs_003862/metadata.json,obs_020,LEARNABLE,0.01,"[128,192]",3RScan:bcb0fe1f-4f39-2c70-9e7f-a9d783c159fc,train,False,1,3RScan,
obs_014095,train,train,3RScan,ddc73797-765b-241a-9e2c-097c5989baf6,train/obs_014095,train/obs_014095/metadata.json,obs_010,LEARNABLE,0.01,"[128,192]",3RScan:ddc73797-765b-241a-9e2c-097c5989baf6,train,True,0,3RScan,
obs_001691,train,train,3RScan,ddc73799-765b-241a-9c30-f75dcb7627d4,train/obs_001691,train/obs_001691/metadata.json,obs_002,LEARNABLE,0.01,"[128,192]",3RScan:ddc73797-765b-241a-9e2c-097c5989baf6,train,True,1,3RScan,
obs_004338,train,train,3RScan,c7895f2f-339c-2d13-8388-28e95af958de,train/obs_004338,train/obs_004338/metadata.json,obs_015,LEARNABLE,0.01,"[128,192]",3RScan:c7895f2f-339c-2d13-8388-28e95af958de,train,True,0,3RScan,
obs_016416,train,train,3RScan,c7895f31-339c-2d13-8385-20bd42f3ef46,train/obs_016416,train/obs_016416/metadata.json,obs_001,LEARNABLE,0.01,"[128,192]",3RScan:c7895f2f-339c-2d13-8388-28e95af958de,train,True,1,3RScan,
obs_018338,train,train,3RScan,0cac7574-8d6f-2d13-8db6-4304f437e6d5,train/obs_018338,train/obs_018338/metadata.json,obs_018,EASY,0.01,"[128,192]",3RScan:0cac7574-8d6f-2d13-8db6-4304f437e6d5,train,True,0,3RScan,
obs_017250,train,train,3RScan,0cac7574-8d6f-2d13-8db6-4304f437e6d5,train/obs_017250,train/obs_017250/metadata.json,obs_006,LEARNABLE,0.01,"[128,192]",3RScan:0cac7574-8d6f-2d13-8db6-4304f437e6d5,train,True,1,3RScan,
obs_002926,train,train,3RScan,1776ad78-4db7-2333-887f-d6b6a617255a,train/obs_002926,train/obs_002926/metadata.json,obs_016,EASY,0.01,"[128,192]",3RScan:1776ad7c-4db7-2333-88b3-edb7a9803f6f,train,True,0,3RScan,parent_pilot_development
obs_024144,train,train,3RScan,1776ad7a-4db7-2333-8afa-5fb5440b2edc,train/obs_024144,train/obs_024144/metadata.json,obs_013,LEARNABLE,0.01,"[128,192]",3RScan:1776ad7c-4db7-2333-88b3-edb7a9803f6f,train,True,1,3RScan,parent_pilot_development
obs_013311,train,train,3RScan,0cac7611-8d6f-2d13-8f47-8ec4a6375ac3,train/obs_013311,train/obs_013311/metadata.json,obs_012,LEARNABLE,0.01,"[128,192]",3RScan:b05fdd92-fca0-2d4f-89dd-723db1a8d78c,train,False,0,3RScan,
obs_007831,train,train,3RScan,0cac7611-8d6f-2d13-8f47-8ec4a6375ac3,train/obs_007831,train/obs_007831/metadata.json,obs_021,LEARNABLE,0.01,"[128,192]",3RScan:b05fdd92-fca0-2d4f-89dd-723db1a8d78c,train,False,1,3RScan,
obs_012248,train,train,3RScan,3b7b33af-1b11-283e-9abd-170c6329c0e6,train/obs_012248,train/obs_012248/metadata.json,obs_018,EASY,0.01,"[128,192]",3RScan:3b7b33af-1b11-283e-9abd-170c6329c0e6,train,True,0,3RScan,
obs_022786,train,train,3RScan,80b85893-4a8d-222f-8519-a9d06c205653,train/obs_022786,train/obs_022786/metadata.json,obs_022,EASY,0.01,"[128,192]",3RScan:3b7b33af-1b11-283e-9abd-170c6329c0e6,train,True,1,3RScan,
obs_002521,train,train,3RScan,1dd720a1-2ba0-22d9-8b6e-bb00c888a414,train/obs_002521,train/obs_002521/metadata.json,obs_012,EASY,0.01,"[128,192]",3RScan:1dd7209f-2ba0-22d9-8b9e-b5e270b2580f,train,True,0,3RScan,
obs_008682,train,train,3RScan,1dd720a1-2ba0-22d9-8b6e-bb00c888a414,train/obs_008682,train/obs_008682/metadata.json,obs_015,LEARNABLE,0.01,"[128,192]",3RScan:1dd7209f-2ba0-22d9-8b9e-b5e270b2580f,train,True,1,3RScan,
obs_004562,train,train,3RScan,1d2f8510-d757-207c-8c48-3684433860e1,train/obs_004562,train/obs_004562/metadata.json,obs_019,EASY,0.01,"[128,192]",3RScan:10b1795b-3938-2467-88fe-b10cad8913f8,train,True,0,3RScan,old_train_or_checkpoint_validation
obs_002379,train,train,3RScan,1d2f8510-d757-207c-8c48-3684433860e1,train/obs_002379,train/obs_002379/metadata.json,obs_008,EASY,0.01,"[128,192]",3RScan:10b1795b-3938-2467-88fe-b10cad8913f8,train,True,1,3RScan,old_train_or_checkpoint_validation
obs_019344,train,train,3RScan,ad408ca5-84db-2095-884e-e84bf0bb16d7,train/obs_019344,train/obs_019344/metadata.json,obs_006,LEARNABLE,0.01,"[128,192]",3RScan:ad408c9d-84db-2095-89c7-8a54f6260252,train,True,0,3RScan,old_train_or_checkpoint_validation
obs_020718,train,train,3RScan,ad408cab-84db-2095-89c7-4a7d5aead447,train/obs_020718,train/obs_020718/metadata.json,obs_009,LEARNABLE,0.01,"[128,192]",3RScan:ad408c9d-84db-2095-89c7-8a54f6260252,train,True,1,3RScan,old_train_or_checkpoint_validation
obs_004989,train,train,3RScan,8eabc410-5af7-2f32-844d-34726ad2dc7e,train/obs_004989,train/obs_004989/metadata.json,obs_014,LEARNABLE,0.01,"[128,192]",3RScan:8eabc410-5af7-2f32-844d-34726ad2dc7e,train,True,0,3RScan,
obs_006991,train,train,3RScan,8eabc410-5af7-2f32-844d-34726ad2dc7e,train/obs_006991,train/obs_006991/metadata.json,obs_023,EASY,0.01,"[128,192]",3RScan:8eabc410-5af7-2f32-844d-34726ad2dc7e,train,True,1,3RScan,
obs_017832,train,train,3RScan,5341b79d-8a66-2cdd-85e0-e95b96563cd3,train/obs_017832,train/obs_017832/metadata.json,obs_017,EASY,0.01,"[128,192]",3RScan:7272e161-a01b-20f6-8b5a-0b97efeb6545,train,True,0,3RScan,
obs_000908,test,train,3RScan,8eabc441-5af7-2f32-85e5-f1bd241503de,train/obs_000908,train/obs_000908/metadata.json,obs_008,LEARNABLE,0.01,"[128,192]",3RScan:7272e161-a01b-20f6-8b5a-0b97efeb6545,train,True,1,3RScan,
obs_011619,train,train,3RScan,634d11d1-6833-255d-8d07-73e59b2db4a9,train/obs_011619,train/obs_011619/metadata.json,obs_022,LEARNABLE,0.01,"[128,192]",3RScan:634d11cd-6833-255d-8c5c-2b0cf661494a,train,True,0,3RScan,
obs_023030,train,train,3RScan,634d11cd-6833-255d-8c5c-2b0cf661494a,train/obs_023030,train/obs_023030/metadata.json,obs_021,LEARNABLE,0.01,"[128,192]",3RScan:634d11cd-6833-255d-8c5c-2b0cf661494a,train,True,1,3RScan,
obs_006432,test,train,3RScan,137a8158-1db5-2cc0-8003-31c12610471e,train/obs_006432,train/obs_006432/metadata.json,obs_005,LEARNABLE,0.01,"[128,192]",3RScan:137a8158-1db5-2cc0-8003-31c12610471e,train,True,0,3RScan,old_train_or_checkpoint_validation
obs_011152,validation,train,3RScan,f2c76fe9-2239-29d0-87ec-f2c7ced812c1,train/obs_011152,train/obs_011152/metadata.json,obs_003,LEARNABLE,0.01,"[128,192]",3RScan:137a8158-1db5-2cc0-8003-31c12610471e,train,True,1,3RScan,old_train_or_checkpoint_validation
obs_023810,train,train,3RScan,bf9a3dd5-45a5-2e80-8306-ccbca5eea15a,train/obs_023810,train/obs_023810/metadata.json,obs_012,EASY,0.01,"[128,192]",3RScan:bf9a3dd3-45a5-2e80-8163-8a5b2573aca4,train,True,0,3RScan,
obs_016454,train,train,3RScan,bf9a3dd5-45a5-2e80-8306-ccbca5eea15a,train/obs_016454,train/obs_016454/metadata.json,obs_006,LEARNABLE,0.01,"[128,192]",3RScan:bf9a3dd3-45a5-2e80-8163-8a5b2573aca4,train,True,1,3RScan,
obs_000962,train,train,3RScan,a0905fec-66f7-2272-9d99-205da6e213fe,train/obs_000962,train/obs_000962/metadata.json,obs_022,EASY,0.01,"[128,192]",3RScan:a0905fee-66f7-2272-9d07-032a9a4e7cc9,train,False,0,3RScan,
obs_020050,train,train,3RScan,a0905fee-66f7-2272-9d07-032a9a4e7cc9,train/obs_020050,train/obs_020050/metadata.json,obs_008,LEARNABLE,0.01,"[128,192]",3RScan:a0905fee-66f7-2272-9d07-032a9a4e7cc9,train,False,1,3RScan,
obs_019705,train,train,3RScan,4fbad32b-465b-2a5d-8499-85100e88f454,train/obs_019705,train/obs_019705/metadata.json,obs_023,LEARNABLE,0.01,"[128,192]",3RScan:4fbad32b-465b-2a5d-8499-85100e88f454,train,True,0,3RScan,
obs_019762,train,train,3RScan,c12890e0-d3df-2d0d-87f7-9b8b04f663a5,train/obs_019762,train/obs_019762/metadata.json,obs_000,EASY,0.01,"[128,192]",3RScan:4fbad32b-465b-2a5d-8499-85100e88f454,train,True,1,3RScan,
obs_017273,train,train,3RScan,422885c5-192d-25fc-85e6-12a3d65c8e7b,train/obs_017273,train/obs_017273/metadata.json,obs_010,LEARNABLE,0.01,"[128,192]",3RScan:422885b3-192d-25fc-84c9-9b80eea1752d,train,False,0,3RScan,parent_pilot_development
obs_007148,train,train,3RScan,422885b3-192d-25fc-84c9-9b80eea1752d,train/obs_007148,train/obs_007148/metadata.json,obs_010,LEARNABLE,0.01,"[128,192]",3RScan:422885b3-192d-25fc-84c9-9b80eea1752d,train,False,1,3RScan,parent_pilot_development
obs_017306,test,train,3RScan,09582214-e2c2-2de1-956a-64d8da4ba7cc,train/obs_017306,train/obs_017306/metadata.json,obs_023,LEARNABLE,0.01,"[128,192]",3RScan:09582212-e2c2-2de1-9700-fa44b14fbded,train,True,0,3RScan,
obs_017644,train,train,3RScan,09582212-e2c2-2de1-9700-fa44b14fbded,train/obs_017644,train/obs_017644/metadata.json,obs_023,EASY,0.01,"[128,192]",3RScan:09582212-e2c2-2de1-9700-fa44b14fbded,train,True,1,3RScan,
obs_010163,train,train,3RScan,742e8f15-be0a-294e-9ebb-6c72dbcb9662,train/obs_010163,train/obs_010163/metadata.json,obs_001,EASY,0.01,"[128,192]",3RScan:742e8f15-be0a-294e-9ebb-6c72dbcb9662,train,True,0,3RScan,parent_pilot_development
obs_023965,train,train,3RScan,742e8f15-be0a-294e-9ebb-6c72dbcb9662,train/obs_023965,train/obs_023965/metadata.json,obs_013,LEARNABLE,0.01,"[128,192]",3RScan:742e8f15-be0a-294e-9ebb-6c72dbcb9662,train,True,1,3RScan,parent_pilot_development
obs_005430,test,train,3RScan,bf9a3d9e-45a5-2e80-83c6-4e427c5586a2,train/obs_005430,train/obs_005430/metadata.json,obs_010,EASY,0.01,"[128,192]",3RScan:5630cfcf-12bf-2860-8784-83d28a611a83,train,True,0,3RScan,
obs_012703,train,train,3RScan,5630cfd1-12bf-2860-86b2-e7a96bc32c19,train/obs_012703,train/obs_012703/metadata.json,obs_010,LEARNABLE,0.01,"[128,192]",3RScan:5630cfcf-12bf-2860-8784-83d28a611a83,train,True,1,3RScan,
obs_018619,train,train,3RScan,1c211556-f201-2d25-87f8-b0ac6ffb74fe,train/obs_018619,train/obs_018619/metadata.json,obs_006,LEARNABLE,0.01,"[128,192]",3RScan:422885ce-192d-25fc-851a-df2d675a6559,train,True,0,3RScan,
obs_000110,validation,train,3RScan,422885ce-192d-25fc-851a-df2d675a6559,train/obs_000110,train/obs_000110/metadata.json,obs_000,LEARNABLE,0.01,"[128,192]",3RScan:422885ce-192d-25fc-851a-df2d675a6559,train,True,1,3RScan,
obs_023188,train,train,3RScan,c12890d1-d3df-2d0d-868c-f9a62ca423f7,train/obs_023188,train/obs_023188/metadata.json,obs_019,LEARNABLE,0.01,"[128,192]",3RScan:c12890d8-d3df-2d0d-87cc-da303a47b893,train,True,0,3RScan,parent_pilot_development
obs_021911,train,train,3RScan,c12890d8-d3df-2d0d-87cc-da303a47b893,train/obs_021911,train/obs_021911/metadata.json,obs_019,LEARNABLE,0.01,"[128,192]",3RScan:c12890d8-d3df-2d0d-87cc-da303a47b893,train,True,1,3RScan,parent_pilot_development
obs_010277,train,train,3RScan,bf9a3da2-45a5-2e80-8219-1f0a216399fe,train/obs_010277,train/obs_010277/metadata.json,obs_015,LEARNABLE,0.01,"[128,192]",3RScan:bf9a3da2-45a5-2e80-8219-1f0a216399fe,train,True,0,3RScan,
obs_006954,train,train,3RScan,10b1794e-3938-2467-89a7-ebc89e84cf88,train/obs_006954,train/obs_006954/metadata.json,obs_015,LEARNABLE,0.01,"[128,192]",3RScan:bf9a3da2-45a5-2e80-8219-1f0a216399fe,train,True,1,3RScan,
obs_007286,train,train,3RScan,d7d40d4c-7a5d-2b36-95c1-5f6c9147caf0,train/obs_007286,train/obs_007286/metadata.json,obs_019,LEARNABLE,0.01,"[128,192]",3RScan:d7d40d4e-7a5d-2b36-97e7-34324c52ac42,train,True,0,3RScan,
obs_008098,train,train,3RScan,d7d40d4e-7a5d-2b36-97e7-34324c52ac42,train/obs_008098,train/obs_008098/metadata.json,obs_006,LEARNABLE,0.01,"[128,192]",3RScan:d7d40d4e-7a5d-2b36-97e7-34324c52ac42,train,True,1,3RScan,
obs_006660,validation,train,3RScan,c7895f5f-339c-2d13-82db-e99a08b5f679,train/obs_006660,train/obs_006660/metadata.json,obs_019,EASY,0.01,"[128,192]",3RScan:c7895f5f-339c-2d13-82db-e99a08b5f679,train,False,0,3RScan,
obs_018207,train,train,3RScan,c7895f5d-339c-2d13-8003-0763dfb1b23c,train/obs_018207,train/obs_018207/metadata.json,obs_005,LEARNABLE,0.01,"[128,192]",3RScan:c7895f5f-339c-2d13-82db-e99a08b5f679,train,False,1,3RScan,
obs_010959,train,train,3RScan,0cac7538-8d6f-2d13-8c23-d635c21d0f17,train/obs_010959,train/obs_010959/metadata.json,obs_002,LEARNABLE,0.01,"[128,192]",3RScan:0cac7536-8d6f-2d13-8dc2-2f9d7aa62dc4,train,True,0,3RScan,
obs_000902,train,train,3RScan,0cac7538-8d6f-2d13-8c23-d635c21d0f17,train/obs_000902,train/obs_000902/metadata.json,obs_003,LEARNABLE,0.01,"[128,192]",3RScan:0cac7536-8d6f-2d13-8dc2-2f9d7aa62dc4,train,True,1,3RScan,
obs_002266,validation,train,3RScan,0a4b8ef6-a83a-21f2-8672-dce34dd0d7ca,train/obs_002266,train/obs_002266/metadata.json,obs_017,EASY,0.01,"[128,192]",3RScan:f38169c7-378c-2a65-8543-3c7481e856fe,train,False,0,3RScan,old_train_or_checkpoint_validation
obs_022061,validation,train,3RScan,0a4b8ef6-a83a-21f2-8672-dce34dd0d7ca,train/obs_022061,train/obs_022061/metadata.json,obs_007,LEARNABLE,0.01,"[128,192]",3RScan:f38169c7-378c-2a65-8543-3c7481e856fe,train,False,1,3RScan,old_train_or_checkpoint_validation
obs_019717,test,train,3RScan,c8b34d02-5ea0-2d69-9179-be3dfe72d97b,train/obs_019717,train/obs_019717/metadata.json,obs_007,EASY,0.01,"[128,192]",3RScan:a0906006-66f7-2272-9e46-51000ffe6623,train,True,0,3RScan,
obs_019281,test,train,3RScan,c8b34d02-5ea0-2d69-9179-be3dfe72d97b,train/obs_019281,train/obs_019281/metadata.json,obs_003,LEARNABLE,0.01,"[128,192]",3RScan:a0906006-66f7-2272-9e46-51000ffe6623,train,True,1,3RScan,
obs_006661,test,train,3RScan,b1cf9968-9fdd-2189-97dd-d5f0d48bf70a,train/obs_006661,train/obs_006661/metadata.json,obs_005,LEARNABLE,0.01,"[128,192]",3RScan:b1cf9968-9fdd-2189-97dd-d5f0d48bf70a,train,True,0,3RScan,
obs_022827,train,train,3RScan,b1cf996a-9fdd-2189-95b2-2a97331daf35,train/obs_022827,train/obs_022827/metadata.json,obs_016,LEARNABLE,0.01,"[128,192]",3RScan:b1cf9968-9fdd-2189-97dd-d5f0d48bf70a,train,True,1,3RScan,
obs_002974,train,train,3RScan,5630cfe9-12bf-2860-840b-7363340dd0c4,train/obs_002974,train/obs_002974/metadata.json,obs_002,EASY,0.01,"[128,192]",3RScan:cdcaf5c1-ddd8-2ed6-9553-bcaa06ad43da,train,False,0,3RScan,
obs_015805,train,train,3RScan,cdcaf5c1-ddd8-2ed6-9553-bcaa06ad43da,train/obs_015805,train/obs_015805/metadata.json,obs_022,EASY,0.01,"[128,192]",3RScan:cdcaf5c1-ddd8-2ed6-9553-bcaa06ad43da,train,False,1,3RScan,
obs_020871,train,train,3RScan,dcb6a329-5526-23f1-9d81-7718f682269c,train/obs_020871,train/obs_020871/metadata.json,obs_013,LEARNABLE,0.01,"[128,192]",3RScan:0ad2d382-79e2-2212-98b3-641bf9d552c1,train,True,0,3RScan,
obs_001396,train,train,3RScan,dcb6a32b-5526-23f1-9cbc-3d257a8096fa,train/obs_001396,train/obs_001396/metadata.json,obs_002,LEARNABLE,0.01,"[128,192]",3RScan:0ad2d382-79e2-2212-98b3-641bf9d552c1,train,True,1,3RScan,
obs_003684,train,train,3RScan,170725d4-9f1b-2d87-812a-b126916caa9f,train/obs_003684,train/obs_003684/metadata.json,obs_021,EASY,0.01,"[128,192]",3RScan:fcf66da6-622d-291c-8685-46cd96a8af4e,train,True,0,3RScan,parent_pilot_development
obs_009481,test,train,3RScan,fcf66da6-622d-291c-8685-46cd96a8af4e,train/obs_009481,train/obs_009481/metadata.json,obs_020,LEARNABLE,0.01,"[128,192]",3RScan:fcf66da6-622d-291c-8685-46cd96a8af4e,train,True,1,3RScan,parent_pilot_development
obs_015313,train,train,3RScan,77941466-cfdf-29cb-865f-0e2fcea3af87,train/obs_015313,train/obs_015313/metadata.json,obs_021,LEARNABLE,0.01,"[128,192]",3RScan:77941460-cfdf-29cb-86c7-1f60e2ecd07a,train,True,0,3RScan,old_train_or_checkpoint_validation
obs_001990,train,train,3RScan,77941462-cfdf-29cb-85a6-eb23498f9206,train/obs_001990,train/obs_001990/metadata.json,obs_002,EASY,0.01,"[128,192]",3RScan:77941460-cfdf-29cb-86c7-1f60e2ecd07a,train,True,1,3RScan,old_train_or_checkpoint_validation
obs_003828,train,train,3RScan,a0906000-66f7-2272-9dcf-c57990d8eab4,train/obs_003828,train/obs_003828/metadata.json,obs_004,EASY,0.01,"[128,192]",3RScan:a0905ffc-66f7-2272-9f05-966bab3ce8ad,train,True,0,3RScan,
obs_020001,train,train,3RScan,a0905ffe-66f7-2272-9c39-02f47d8bbb0f,train/obs_020001,train/obs_020001/metadata.json,obs_012,LEARNABLE,0.01,"[128,192]",3RScan:a0905ffc-66f7-2272-9f05-966bab3ce8ad,train,True,1,3RScan,
obs_011056,train,train,3RScan,6bde604b-9162-246f-8fb2-2dea80e7fb4c,train/obs_011056,train/obs_011056/metadata.json,obs_013,EASY,0.01,"[128,192]",3RScan:6bde604b-9162-246f-8fb2-2dea80e7fb4c,train,True,0,3RScan,old_train_or_checkpoint_validation
obs_009323,train,train,3RScan,6bde604b-9162-246f-8fb2-2dea80e7fb4c,train/obs_009323,train/obs_009323/metadata.json,obs_008,EASY,0.01,"[128,192]",3RScan:6bde604b-9162-246f-8fb2-2dea80e7fb4c,train,True,1,3RScan,old_train_or_checkpoint_validation
obs_019251,train,train,3RScan,569d8f0d-72aa-2f24-8ac6-c6ee8d927c4b,train/obs_019251,train/obs_019251/metadata.json,obs_007,EASY,0.01,"[128,192]",3RScan:569d8f0d-72aa-2f24-8ac6-c6ee8d927c4b,train,True,0,3RScan,
obs_015198,train,train,3RScan,569d8f0f-72aa-2f24-89a6-77f8b8779ae9,train/obs_015198,train/obs_015198/metadata.json,obs_014,LEARNABLE,0.01,"[128,192]",3RScan:569d8f0d-72aa-2f24-8ac6-c6ee8d927c4b,train,True,1,3RScan,
obs_006936,test,train,3RScan,b8837e2c-57ec-29c6-89f3-98eb20a959bb,train/obs_006936,train/obs_006936/metadata.json,obs_003,EASY,0.01,"[128,192]",3RScan:b8837e28-57ec-29c6-89cf-e1768353440f,train,True,0,3RScan,
obs_009473,test,train,3RScan,b8837e2c-57ec-29c6-89f3-98eb20a959bb,train/obs_009473,train/obs_009473/metadata.json,obs_004,LEARNABLE,0.01,"[128,192]",3RScan:b8837e28-57ec-29c6-89cf-e1768353440f,train,True,1,3RScan,
obs_018914,train,train,3RScan,0cac755e-8d6f-2d13-8c6a-c0979ca34a4f,train/obs_018914,train/obs_018914/metadata.json,obs_014,EASY,0.01,"[128,192]",3RScan:0cac755e-8d6f-2d13-8c6a-c0979ca34a4f,train,True,0,3RScan,
obs_003080,train,train,3RScan,0cac755e-8d6f-2d13-8c6a-c0979ca34a4f,train/obs_003080,train/obs_003080/metadata.json,obs_000,LEARNABLE,0.01,"[128,192]",3RScan:0cac755e-8d6f-2d13-8c6a-c0979ca34a4f,train,True,1,3RScan,
obs_008882,validation,train,3RScan,bf9a3db6-45a5-2e80-825a-e599db74ba26,train/obs_008882,train/obs_008882/metadata.json,obs_003,EASY,0.01,"[128,192]",3RScan:bf9a3db6-45a5-2e80-825a-e599db74ba26,train,True,0,3RScan,old_train_or_checkpoint_validation
obs_022951,validation,train,3RScan,bf9a3db6-45a5-2e80-825a-e599db74ba26,train/obs_022951,train/obs_022951/metadata.json,obs_015,LEARNABLE,0.01,"[128,192]",3RScan:bf9a3db6-45a5-2e80-825a-e599db74ba26,train,True,1,3RScan,old_train_or_checkpoint_validation
obs_012114,train,train,3RScan,e44d238c-52a2-2879-89d9-a29ba04436e0,train/obs_012114,train/obs_012114/metadata.json,obs_013,EASY,0.01,"[128,192]",3RScan:e44d238f-52a2-2879-88ec-e383a4d9abf3,train,False,0,3RScan,
obs_013278,train,train,3RScan,e44d238c-52a2-2879-89d9-a29ba04436e0,train/obs_013278,train/obs_013278/metadata.json,obs_020,EASY,0.01,"[128,192]",3RScan:e44d238f-52a2-2879-88ec-e383a4d9abf3,train,False,1,3RScan,
obs_015536,train,train,3RScan,0cac7540-8d6f-2d13-8eee-36ba2a428e3f,train/obs_015536,train/obs_015536/metadata.json,obs_022,EASY,0.01,"[128,192]",3RScan:0cac7540-8d6f-2d13-8eee-36ba2a428e3f,train,False,0,3RScan,
obs_007603,train,train,3RScan,0cac7540-8d6f-2d13-8eee-36ba2a428e3f,train/obs_007603,train/obs_007603/metadata.json,obs_013,EASY,0.01,"[128,192]",3RScan:0cac7540-8d6f-2d13-8eee-36ba2a428e3f,train,False,1,3RScan,
obs_004977,train,train,3RScan,bf9a3da6-45a5-2e80-80d3-4788c8e970f8,train/obs_004977,train/obs_004977/metadata.json,obs_002,EASY,0.01,"[128,192]",3RScan:bf9a3da4-45a5-2e80-8082-be634b241693,train,False,0,3RScan,
obs_007059,train,train,3RScan,bf9a3da6-45a5-2e80-80d3-4788c8e970f8,train/obs_007059,train/obs_007059/metadata.json,obs_022,LEARNABLE,0.01,"[128,192]",3RScan:bf9a3da4-45a5-2e80-8082-be634b241693,train,False,1,3RScan,
obs_011260,train,train,3RScan,5341b7c3-8a66-2cdd-8651-225a7489523a,train/obs_011260,train/obs_011260/metadata.json,obs_018,LEARNABLE,0.01,"[128,192]",3RScan:5341b7c3-8a66-2cdd-8651-225a7489523a,train,True,0,3RScan,
obs_022531,train,train,3RScan,75c25999-9ca2-2844-9761-7642c9829210,train/obs_022531,train/obs_022531/metadata.json,obs_002,LEARNABLE,0.01,"[128,192]",3RScan:5341b7c3-8a66-2cdd-8651-225a7489523a,train,True,1,3RScan,
obs_009862,train,train,3RScan,c7895f78-339c-2d13-82bb-cc990cbbc90f,train/obs_009862,train/obs_009862/metadata.json,obs_005,LEARNABLE,0.01,"[128,192]",3RScan:c7895f7c-339c-2d13-819f-3bb0b26c91f6,train,True,0,3RScan,
obs_012747,train,train,3RScan,c7895f78-339c-2d13-82bb-cc990cbbc90f,train/obs_012747,train/obs_012747/metadata.json,obs_007,LEARNABLE,0.01,"[128,192]",3RScan:c7895f7c-339c-2d13-819f-3bb0b26c91f6,train,True,1,3RScan,
obs_011748,test,train,3RScan,d7d40d73-7a5d-2b36-9709-0be87127a141,train/obs_011748,train/obs_011748/metadata.json,obs_018,LEARNABLE,0.01,"[128,192]",3RScan:5630cfcb-12bf-2860-87ee-b4e4a5bf0cb0,train,True,0,3RScan,
obs_014699,train,train,3RScan,cdcaf5b9-ddd8-2ed6-9407-e5600914b733,train/obs_014699,train/obs_014699/metadata.json,obs_023,EASY,0.01,"[128,192]",3RScan:5630cfcb-12bf-2860-87ee-b4e4a5bf0cb0,train,True,1,3RScan,
obs_023607,train,train,3RScan,8e0f1c53-9e28-2339-8588-2b24d9e9f3e8,train/obs_023607,train/obs_023607/metadata.json,obs_000,LEARNABLE,0.01,"[128,192]",3RScan:e3004a81-9f2a-2778-874e-fa76b0e67096,train,True,0,3RScan,
obs_013220,train,train,3RScan,e3004a81-9f2a-2778-874e-fa76b0e67096,train/obs_013220,train/obs_013220/metadata.json,obs_011,LEARNABLE,0.01,"[128,192]",3RScan:e3004a81-9f2a-2778-874e-fa76b0e67096,train,True,1,3RScan,
obs_005687,train,train,3RScan,75c25989-9ca2-2844-97b4-31b81f7554b8,train/obs_005687,train/obs_005687/metadata.json,obs_007,LEARNABLE,0.01,"[128,192]",3RScan:8eabc45f-5af7-2f32-8528-640861d2a135,train,True,0,3RScan,
obs_017466,train,train,3RScan,75c25989-9ca2-2844-97b4-31b81f7554b8,train/obs_017466,train/obs_017466/metadata.json,obs_022,LEARNABLE,0.01,"[128,192]",3RScan:8eabc45f-5af7-2f32-8528-640861d2a135,train,True,1,3RScan,
obs_005895,train,train,3RScan,ddc737a9-765b-241a-9dd7-bf14079f4804,train/obs_005895,train/obs_005895/metadata.json,obs_018,LEARNABLE,0.01,"[128,192]",3RScan:ddc737a7-765b-241a-9f27-0958b929deb5,train,True,0,3RScan,
obs_004734,test,train,3RScan,ddc737ab-765b-241a-9c5d-cf3cd8838f28,train/obs_004734,train/obs_004734/metadata.json,obs_000,LEARNABLE,0.01,"[128,192]",3RScan:ddc737a7-765b-241a-9f27-0958b929deb5,train,True,1,3RScan,
obs_009108,train,train,3RScan,c9fb7aa3-2a5b-2cf7-902b-f67851cd12fa,train/obs_009108,train/obs_009108/metadata.json,obs_003,LEARNABLE,0.01,"[128,192]",3RScan:c9fb7aa1-2a5b-2cf7-9222-6f111cb28b2b,train,True,0,3RScan,
obs_008503,train,train,3RScan,c9fb7aa3-2a5b-2cf7-902b-f67851cd12fa,train/obs_008503,train/obs_008503/metadata.json,obs_023,LEARNABLE,0.01,"[128,192]",3RScan:c9fb7aa1-2a5b-2cf7-9222-6f111cb28b2b,train,True,1,3RScan,
obs_002667,validation,train,3RScan,1d233ffe-e280-2b1a-8f1e-7ddb66c98d36,train/obs_002667,train/obs_002667/metadata.json,obs_008,EASY,0.01,"[128,192]",3RScan:1d233ffe-e280-2b1a-8f1e-7ddb66c98d36,train,False,0,3RScan,
obs_001977,validation,train,3RScan,1d233ffe-e280-2b1a-8f1e-7ddb66c98d36,train/obs_001977,train/obs_001977/metadata.json,obs_022,EASY,0.01,"[128,192]",3RScan:1d233ffe-e280-2b1a-8f1e-7ddb66c98d36,train,False,1,3RScan,
obs_016620,train,train,3RScan,bcb0fe1b-4f39-2c70-9f8c-2256ea9752ab,train/obs_016620,train/obs_016620/metadata.json,obs_021,LEARNABLE,0.01,"[128,192]",3RScan:bcb0fe1b-4f39-2c70-9f8c-2256ea9752ab,train,True,0,3RScan,
obs_006737,train,train,3RScan,bcb0fe1b-4f39-2c70-9f8c-2256ea9752ab,train/obs_006737,train/obs_006737/metadata.json,obs_012,LEARNABLE,0.01,"[128,192]",3RScan:bcb0fe1b-4f39-2c70-9f8c-2256ea9752ab,train,True,1,3RScan,
obs_001750,test,train,3RScan,baf673b0-8e94-22f8-8136-0b6b5028de14,train/obs_001750,train/obs_001750/metadata.json,obs_016,LEARNABLE,0.01,"[128,192]",3RScan:0cac7564-8d6f-2d13-8cb2-8b01c0a1b3d5,train,False,0,3RScan,
obs_021283,test,train,3RScan,baf673b0-8e94-22f8-8136-0b6b5028de14,train/obs_021283,train/obs_021283/metadata.json,obs_007,EASY,0.01,"[128,192]",3RScan:0cac7564-8d6f-2d13-8cb2-8b01c0a1b3d5,train,False,1,3RScan,
obs_003480,train,train,3RScan,dbeb4d1f-faf9-2324-98d1-605c3c0c0658,train/obs_003480,train/obs_003480/metadata.json,obs_002,LEARNABLE,0.01,"[128,192]",3RScan:0cac7664-8d6f-2d13-8e1d-b97c9ab20b12,train,True,0,3RScan,
obs_012817,train,train,3RScan,0cac7664-8d6f-2d13-8e1d-b97c9ab20b12,train/obs_012817,train/obs_012817/metadata.json,obs_000,LEARNABLE,0.01,"[128,192]",3RScan:0cac7664-8d6f-2d13-8e1d-b97c9ab20b12,train,True,1,3RScan,
obs_009830,test,train,3RScan,6a360567-fa53-2915-9617-da8aa432752d,train/obs_009830,train/obs_009830/metadata.json,obs_013,EASY,0.01,"[128,192]",3RScan:6a360567-fa53-2915-9617-da8aa432752d,train,True,0,3RScan,
obs_013131,test,train,3RScan,6a360567-fa53-2915-9617-da8aa432752d,train/obs_013131,train/obs_013131/metadata.json,obs_006,LEARNABLE,0.01,"[128,192]",3RScan:6a360567-fa53-2915-9617-da8aa432752d,train,True,1,3RScan,
obs_012552,train,train,3RScan,8e0f1c28-9e28-2339-8584-ff06ff93c341,train/obs_012552,train/obs_012552/metadata.json,obs_010,LEARNABLE,0.01,"[128,192]",3RScan:8e0f1c28-9e28-2339-8584-ff06ff93c341,train,True,0,3RScan,
obs_012277,train,train,3RScan,8e0f1c28-9e28-2339-8584-ff06ff93c341,train/obs_012277,train/obs_012277/metadata.json,obs_005,LEARNABLE,0.01,"[128,192]",3RScan:8e0f1c28-9e28-2339-8584-ff06ff93c341,train,True,1,3RScan,
obs_021558,train,train,3RScan,422885b9-192d-25fc-84f4-6f7c1afd29af,train/obs_021558,train/obs_021558/metadata.json,obs_005,LEARNABLE,0.01,"[128,192]",3RScan:422885b9-192d-25fc-84f4-6f7c1afd29af,train,True,0,3RScan,
obs_009861,train,train,3RScan,422885cc-192d-25fc-86e3-c83d43c86b00,train/obs_009861,train/obs_009861/metadata.json,obs_003,LEARNABLE,0.01,"[128,192]",3RScan:422885b9-192d-25fc-84f4-6f7c1afd29af,train,True,1,3RScan,
obs_017190,train,train,3RScan,73315a27-185c-2c8a-848a-46d989c1112a,train/obs_017190,train/obs_017190/metadata.json,obs_023,LEARNABLE,0.01,"[128,192]",3RScan:73315a27-185c-2c8a-848a-46d989c1112a,train,True,0,3RScan,
obs_017050,train,train,3RScan,f6f1d5ae-a401-23c0-89ad-8ddea9ae5a6c,train/obs_017050,train/obs_017050/metadata.json,obs_011,EASY,0.01,"[128,192]",3RScan:73315a27-185c-2c8a-848a-46d989c1112a,train,True,1,3RScan,
obs_014545,train,train,3RScan,fcf66db6-622d-291c-8740-9e40c21de689,train/obs_014545,train/obs_014545/metadata.json,obs_013,LEARNABLE,0.01,"[128,192]",3RScan:fcf66db2-622d-291c-8493-4f2517282f3f,train,True,0,3RScan,
obs_001232,train,train,3RScan,fcf66db8-622d-291c-8502-863b391b9ef1,train/obs_001232,train/obs_001232/metadata.json,obs_012,LEARNABLE,0.01,"[128,192]",3RScan:fcf66db2-622d-291c-8493-4f2517282f3f,train,True,1,3RScan,
obs_000323,train,train,3RScan,2e4a3962-d452-21a0-9fd2-7a325c600a49,train/obs_000323,train/obs_000323/metadata.json,obs_007,LEARNABLE,0.01,"[128,192]",3RScan:ba6fdab4-a4c1-2dca-83e2-f5878fdf688a,train,True,0,3RScan,
obs_017327,train,train,3RScan,ba6fdab4-a4c1-2dca-83e2-f5878fdf688a,train/obs_017327,train/obs_017327/metadata.json,obs_015,LEARNABLE,0.01,"[128,192]",3RScan:ba6fdab4-a4c1-2dca-83e2-f5878fdf688a,train,True,1,3RScan,
obs_009688,train,train,3RScan,77361fce-d054-2a22-8bb2-a870ab051854,train/obs_009688,train/obs_009688/metadata.json,obs_009,LEARNABLE,0.01,"[128,192]",3RScan:77361fce-d054-2a22-8bb2-a870ab051854,train,True,0,3RScan,
obs_015759,train,train,3RScan,77361fce-d054-2a22-8bb2-a870ab051854,train/obs_015759,train/obs_015759/metadata.json,obs_023,LEARNABLE,0.01,"[128,192]",3RScan:77361fce-d054-2a22-8bb2-a870ab051854,train,True,1,3RScan,
obs_023140,train,train,3RScan,bf9a3dd7-45a5-2e80-8330-58904c51c1a9,train/obs_023140,train/obs_023140/metadata.json,obs_010,EASY,0.01,"[128,192]",3RScan:bf9a3dd7-45a5-2e80-8330-58904c51c1a9,train,False,0,3RScan,
obs_001233,train,train,3RScan,bf9a3dd7-45a5-2e80-8330-58904c51c1a9,train/obs_001233,train/obs_001233/metadata.json,obs_014,LEARNABLE,0.01,"[128,192]",3RScan:bf9a3dd7-45a5-2e80-8330-58904c51c1a9,train,False,1,3RScan,
obs_000799,train,train,3RScan,787ed590-9d98-2c97-80db-89baaa605049,train/obs_000799,train/obs_000799/metadata.json,obs_019,EASY,0.01,"[128,192]",3RScan:feefd90b-9d00-2ce5-8119-b936443cc39b,train,True,0,3RScan,
obs_012372,train,train,3RScan,feefd90b-9d00-2ce5-8119-b936443cc39b,train/obs_012372,train/obs_012372/metadata.json,obs_019,LEARNABLE,0.01,"[128,192]",3RScan:feefd90b-9d00-2ce5-8119-b936443cc39b,train,True,1,3RScan,
obs_002055,train,train,3RScan,c6942e7f-695b-27bf-8145-4b47b41edad6,train/obs_002055,train/obs_002055/metadata.json,obs_005,LEARNABLE,0.01,"[128,192]",3RScan:a090600e-66f7-2272-9cfe-63b80d55da17,train,True,0,3RScan,
obs_003659,train,train,3RScan,87e6cf6d-9d1a-289f-879a-543d3fa7ba74,train/obs_003659,train/obs_003659/metadata.json,obs_009,EASY,0.01,"[128,192]",3RScan:a090600e-66f7-2272-9cfe-63b80d55da17,train,True,1,3RScan,
obs_013914,train,train,3RScan,422885ad-192d-25fc-8631-c3a978a9d3d4,train/obs_013914,train/obs_013914/metadata.json,obs_012,LEARNABLE,0.01,"[128,192]",3RScan:422885bf-192d-25fc-8509-1fd7def9cc19,train,True,0,3RScan,
obs_020461,train,train,3RScan,422885bf-192d-25fc-8509-1fd7def9cc19,train/obs_020461,train/obs_020461/metadata.json,obs_015,EASY,0.01,"[128,192]",3RScan:422885bf-192d-25fc-8509-1fd7def9cc19,train,True,1,3RScan,
obs_011603,train,train,3RScan,5341b7d7-8a66-2cdd-8413-00cf17af67ba,train/obs_011603,train/obs_011603/metadata.json,obs_015,LEARNABLE,0.01,"[128,192]",3RScan:6a360523-fa53-2915-9506-4b95fa02cc56,train,False,0,3RScan,
obs_000434,train,train,3RScan,6a36051f-fa53-2915-9497-19bbbf3df0c4,train/obs_000434,train/obs_000434/metadata.json,obs_014,EASY,0.01,"[128,192]",3RScan:6a360523-fa53-2915-9506-4b95fa02cc56,train,False,1,3RScan,
obs_018115,train,train,3RScan,9766cbf7-6321-2e2f-81e1-2b46533c64dd,train/obs_018115,train/obs_018115/metadata.json,obs_010,LEARNABLE,0.01,"[128,192]",3RScan:0988ea72-eb32-2e61-8344-99e2283c2728,train,True,0,3RScan,
obs_019476,test,train,3RScan,9766cbf5-6321-2e2f-8131-78c4e204635d,train/obs_019476,train/obs_019476/metadata.json,obs_023,LEARNABLE,0.01,"[128,192]",3RScan:0988ea72-eb32-2e61-8344-99e2283c2728,train,True,1,3RScan,
obs_003658,train,train,3RScan,7272e182-a01b-20f6-89b8-3bdec0091c89,train/obs_003658,train/obs_003658/metadata.json,obs_005,LEARNABLE,0.01,"[128,192]",3RScan:13124cc2-cec3-27a6-86ad-946fe3a73493,train,True,0,3RScan,old_train_or_checkpoint_validation|published_development_gallery
obs_013950,validation,train,3RScan,6a36053b-fa53-2915-9716-6b5361c7791a,train/obs_013950,train/obs_013950/metadata.json,obs_023,LEARNABLE,0.01,"[128,192]",3RScan:13124cc2-cec3-27a6-86ad-946fe3a73493,train,True,1,3RScan,old_train_or_checkpoint_validation|published_development_gallery
obs_000042,test,train,3RScan,20c993c5-698f-29c5-8604-3248ede4091f,train/obs_000042,train/obs_000042/metadata.json,obs_007,LEARNABLE,0.01,"[128,192]",3RScan:20c993c5-698f-29c5-8604-3248ede4091f,train,True,0,3RScan,
obs_009064,test,train,3RScan,20c993c5-698f-29c5-8604-3248ede4091f,train/obs_009064,train/obs_009064/metadata.json,obs_010,EASY,0.01,"[128,192]",3RScan:20c993c5-698f-29c5-8604-3248ede4091f,train,True,1,3RScan,
obs_002066,train,train,3RScan,7747a518-9431-24e8-866a-28726ff8089d,train/obs_002066,train/obs_002066/metadata.json,obs_009,EASY,0.01,"[128,192]",3RScan:7747a514-9431-24e8-8505-5979f3f20906,train,True,0,3RScan,old_train_or_checkpoint_validation|published_development_gallery
obs_004157,train,train,3RScan,7747a51a-9431-24e8-86e1-5a0dd7958f9e,train/obs_004157,train/obs_004157/metadata.json,obs_023,LEARNABLE,0.01,"[128,192]",3RScan:7747a514-9431-24e8-8505-5979f3f20906,train,True,1,3RScan,old_train_or_checkpoint_validation|published_development_gallery
obs_022122,train,train,3RScan,ba6fda9e-a4c1-2dca-8381-c08ad16a6170,train/obs_022122,train/obs_022122/metadata.json,obs_017,LEARNABLE,0.01,"[128,192]",3RScan:ba6fda9e-a4c1-2dca-8381-c08ad16a6170,train,True,0,3RScan,
obs_014079,train,train,3RScan,ba6fda9e-a4c1-2dca-8381-c08ad16a6170,train/obs_014079,train/obs_014079/metadata.json,obs_000,LEARNABLE,0.01,"[128,192]",3RScan:ba6fda9e-a4c1-2dca-8381-c08ad16a6170,train,True,1,3RScan,
obs_006770,train,train,3RScan,75c259b3-9ca2-2844-95ae-2c9c3eadbf00,train/obs_006770,train/obs_006770/metadata.json,obs_017,LEARNABLE,0.01,"[128,192]",3RScan:5341b7e7-8a66-2cdd-87ce-86596253cfa4,train,True,0,3RScan,
obs_000554,train,train,3RScan,5341b7e7-8a66-2cdd-87ce-86596253cfa4,train/obs_000554,train/obs_000554/metadata.json,obs_008,LEARNABLE,0.01,"[128,192]",3RScan:5341b7e7-8a66-2cdd-87ce-86596253cfa4,train,True,1,3RScan,
obs_003932,train,train,3RScan,d7d40d56-7a5d-2b36-970b-9aad70998d20,train/obs_003932,train/obs_003932/metadata.json,obs_023,EASY,0.01,"[128,192]",3RScan:d7d40d5c-7a5d-2b36-9433-ee98b893988d,train,True,0,3RScan,
obs_023136,train,train,3RScan,d7d40d56-7a5d-2b36-970b-9aad70998d20,train/obs_023136,train/obs_023136/metadata.json,obs_021,EASY,0.01,"[128,192]",3RScan:d7d40d5c-7a5d-2b36-9433-ee98b893988d,train,True,1,3RScan,
obs_001236,train,train,3RScan,ae73fa15-5a60-2398-8646-dd46c46a9a3d,train/obs_001236,train/obs_001236/metadata.json,obs_002,LEARNABLE,0.01,"[128,192]",3RScan:ae73fa17-5a60-2398-86e8-aa1145c0c9b7,train,True,0,3RScan,
obs_010668,test,train,3RScan,ae73fa17-5a60-2398-86e8-aa1145c0c9b7,train/obs_010668,train/obs_010668/metadata.json,obs_022,EASY,0.01,"[128,192]",3RScan:ae73fa17-5a60-2398-86e8-aa1145c0c9b7,train,True,1,3RScan,
obs_008545,train,train,3RScan,2e4a395e-d452-21a0-9e17-3e0b72d47337,train/obs_008545,train/obs_008545/metadata.json,obs_023,EASY,0.01,"[128,192]",3RScan:ba6fda9c-a4c1-2dca-8185-456923749a4e,train,True,0,3RScan,
obs_019108,train,train,3RScan,ba6fda9a-a4c1-2dca-8264-792c15aa9ef9,train/obs_019108,train/obs_019108/metadata.json,obs_003,LEARNABLE,0.01,"[128,192]",3RScan:ba6fda9c-a4c1-2dca-8185-456923749a4e,train,True,1,3RScan,
obs_007017,train,train,3RScan,def7fbb9-48c2-2895-9249-16ce01ca2e59,train/obs_007017,train/obs_007017/metadata.json,obs_003,EASY,0.01,"[128,192]",3RScan:def7fbc1-48c2-2895-91d9-cb5e6f3e3589,train,True,0,3RScan,
obs_002197,train,train,3RScan,def7fbb9-48c2-2895-9249-16ce01ca2e59,train/obs_002197,train/obs_002197/metadata.json,obs_017,EASY,0.01,"[128,192]",3RScan:def7fbc1-48c2-2895-91d9-cb5e6f3e3589,train,True,1,3RScan,
obs_011759,train,train,3RScan,bcb0fe0c-4f39-2c70-9cef-9824247c5b4a,train/obs_011759,train/obs_011759/metadata.json,obs_009,EASY,0.01,"[128,192]",3RScan:bcb0fe0a-4f39-2c70-9d5f-a7263a0180ca,train,False,0,3RScan,
obs_005630,train,train,3RScan,bcb0fe0a-4f39-2c70-9d5f-a7263a0180ca,train/obs_005630,train/obs_005630/metadata.json,obs_011,LEARNABLE,0.01,"[128,192]",3RScan:bcb0fe0a-4f39-2c70-9d5f-a7263a0180ca,train,False,1,3RScan,
obs_018985,train,train,3RScan,751a5592-fe61-2c3b-8f3b-7440579b4138,train/obs_018985,train/obs_018985/metadata.json,obs_020,EASY,0.01,"[128,192]",3RScan:751a5598-fe61-2c3b-8cf2-1c23632af9b4,train,True,0,3RScan,
obs_002208,train,train,3RScan,751a5592-fe61-2c3b-8f3b-7440579b4138,train/obs_002208,train/obs_002208/metadata.json,obs_006,EASY,0.01,"[128,192]",3RScan:751a5598-fe61-2c3b-8cf2-1c23632af9b4,train,True,1,3RScan,
obs_007504,train,train,3RScan,b05fdd66-fca0-2d4f-88bb-210da4439475,train/obs_007504,train/obs_007504/metadata.json,obs_009,LEARNABLE,0.01,"[128,192]",3RScan:b05fdd66-fca0-2d4f-88bb-210da4439475,train,True,0,3RScan,old_train_or_checkpoint_validation
obs_017280,validation,train,3RScan,0cac75a1-8d6f-2d13-8dab-0ecc3b317dc7,train/obs_017280,train/obs_017280/metadata.json,obs_016,EASY,0.01,"[128,192]",3RScan:b05fdd66-fca0-2d4f-88bb-210da4439475,train,True,1,3RScan,old_train_or_checkpoint_validation
obs_021229,train,train,3RScan,20c993cb-698f-29c5-86fd-1a409a569219,train/obs_021229,train/obs_021229/metadata.json,obs_003,EASY,0.01,"[128,192]",3RScan:20c993c9-698f-29c5-850e-2a93df894437,train,True,0,3RScan,
obs_020272,train,train,3RScan,20c993cb-698f-29c5-86fd-1a409a569219,train/obs_020272,train/obs_020272/metadata.json,obs_007,LEARNABLE,0.01,"[128,192]",3RScan:20c993c9-698f-29c5-850e-2a93df894437,train,True,1,3RScan,
obs_018234,train,train,3RScan,0cac7629-8d6f-2d13-8e5a-9f17681451c8,train/obs_018234,train/obs_018234/metadata.json,obs_007,EASY,0.01,"[128,192]",3RScan:0cac7627-8d6f-2d13-8eac-41764b5f2c5b,train,True,0,3RScan,
obs_020560,train,train,3RScan,0cac7629-8d6f-2d13-8e5a-9f17681451c8,train/obs_020560,train/obs_020560/metadata.json,obs_022,LEARNABLE,0.01,"[128,192]",3RScan:0cac7627-8d6f-2d13-8eac-41764b5f2c5b,train,True,1,3RScan,
obs_009305,test,train,3RScan,8eabc453-5af7-2f32-859d-405eb6a2e0d0,train/obs_009305,train/obs_009305/metadata.json,obs_000,LEARNABLE,0.01,"[128,192]",3RScan:8eabc451-5af7-2f32-87b5-026aa18e3190,train,True,0,3RScan,parent_pilot_development
obs_023542,test,train,3RScan,8eabc453-5af7-2f32-859d-405eb6a2e0d0,train/obs_023542,train/obs_023542/metadata.json,obs_008,EASY,0.01,"[128,192]",3RScan:8eabc451-5af7-2f32-87b5-026aa18e3190,train,True,1,3RScan,parent_pilot_development
obs_010512,train,train,3RScan,185d7421-3698-223c-8b02-a4befeb2dab9,train/obs_010512,train/obs_010512/metadata.json,obs_019,LEARNABLE,0.01,"[128,192]",3RScan:4fbad329-465b-2a5d-8401-a3f550ef3de5,train,True,0,3RScan,
obs_023436,train,train,3RScan,4fbad329-465b-2a5d-8401-a3f550ef3de5,train/obs_023436,train/obs_023436/metadata.json,obs_017,LEARNABLE,0.01,"[128,192]",3RScan:4fbad329-465b-2a5d-8401-a3f550ef3de5,train,True,1,3RScan,
obs_001624,train,train,3RScan,4a9a43e2-7736-2874-841a-f239715be4c6,train/obs_001624,train/obs_001624/metadata.json,obs_021,EASY,0.01,"[128,192]",3RScan:4a9a43e0-7736-2874-87ac-c589da4d0f00,train,True,0,3RScan,
obs_009907,train,train,3RScan,4a9a43e0-7736-2874-87ac-c589da4d0f00,train/obs_009907,train/obs_009907/metadata.json,obs_016,EASY,0.01,"[128,192]",3RScan:4a9a43e0-7736-2874-87ac-c589da4d0f00,train,True,1,3RScan,
obs_010969,train,train,3RScan,0cac7595-8d6f-2d13-8cad-f51af4c9aba2,train/obs_010969,train/obs_010969/metadata.json,obs_003,EASY,0.01,"[128,192]",3RScan:0cac7597-8d6f-2d13-8c9c-6f8542021d5c,train,False,0,3RScan,
obs_006065,train,train,3RScan,0cac7595-8d6f-2d13-8cad-f51af4c9aba2,train/obs_006065,train/obs_006065/metadata.json,obs_013,LEARNABLE,0.01,"[128,192]",3RScan:0cac7597-8d6f-2d13-8c9c-6f8542021d5c,train,False,1,3RScan,
obs_010539,train,train,3RScan,0cac757e-8d6f-2d13-8f1d-ef6123d53655,train/obs_010539,train/obs_010539/metadata.json,obs_014,EASY,0.01,"[128,192]",3RScan:0cac7580-8d6f-2d13-8c9d-d45247b5244b,train,True,0,3RScan,
obs_006920,train,train,3RScan,c7895f0f-339c-2d13-807d-cb2e7fe646fd,train/obs_006920,train/obs_006920/metadata.json,obs_023,LEARNABLE,0.01,"[128,192]",3RScan:0cac7580-8d6f-2d13-8c9d-d45247b5244b,train,True,1,3RScan,
obs_011667,train,train,3RScan,8eabc44b-5af7-2f32-8553-18fd693ab49f,train/obs_011667,train/obs_011667/metadata.json,obs_020,LEARNABLE,0.01,"[128,192]",3RScan:8eabc44b-5af7-2f32-8553-18fd693ab49f,train,True,0,3RScan,
obs_012603,train,train,3RScan,8eabc44f-5af7-2f32-87af-ff14de136a7c,train/obs_012603,train/obs_012603/metadata.json,obs_016,LEARNABLE,0.01,"[128,192]",3RScan:8eabc44b-5af7-2f32-8553-18fd693ab49f,train,True,1,3RScan,
obs_016424,train,train,3RScan,210cdbc5-9e8d-2832-853e-137542cf1a9b,train/obs_016424,train/obs_016424/metadata.json,obs_016,EASY,0.01,"[128,192]",3RScan:210cdba9-9e8d-2832-862b-b37293fcc0e1,train,True,0,3RScan,
obs_020949,validation,train,3RScan,210cdba9-9e8d-2832-862b-b37293fcc0e1,train/obs_020949,train/obs_020949/metadata.json,obs_011,EASY,0.01,"[128,192]",3RScan:210cdba9-9e8d-2832-862b-b37293fcc0e1,train,True,1,3RScan,
obs_003284,train,train,3RScan,1d234028-e280-2b1a-8fad-ce89afd4e4af,train/obs_003284,train/obs_003284/metadata.json,obs_003,EASY,0.01,"[128,192]",3RScan:1d23402c-e280-2b1a-8e31-9a88c9c1fb91,train,True,0,3RScan,parent_pilot_development
obs_010640,train,train,3RScan,1d23402a-e280-2b1a-8efa-1627e97fe9e6,train/obs_010640,train/obs_010640/metadata.json,obs_001,EASY,0.01,"[128,192]",3RScan:1d23402c-e280-2b1a-8e31-9a88c9c1fb91,train,True,1,3RScan,parent_pilot_development
obs_020644,validation,train,3RScan,c12890cc-d3df-2d0d-85cd-eebc3e1c4b62,train/obs_020644,train/obs_020644/metadata.json,obs_009,EASY,0.01,"[128,192]",3RScan:c12890cc-d3df-2d0d-85cd-eebc3e1c4b62,train,True,0,3RScan,
obs_006408,train,train,3RScan,c12890d5-d3df-2d0d-86d3-b8dac6bea6a9,train/obs_006408,train/obs_006408/metadata.json,obs_008,LEARNABLE,0.01,"[128,192]",3RScan:c12890cc-d3df-2d0d-85cd-eebc3e1c4b62,train,True,1,3RScan,
obs_013732,test,train,3RScan,6bde604d-9162-246f-8d7d-631c1e992162,train/obs_013732,train/obs_013732/metadata.json,obs_012,LEARNABLE,0.01,"[128,192]",3RScan:6bde6053-9162-246f-8d5d-54e5e3dd721d,train,True,0,3RScan,
obs_010627,test,train,3RScan,6bde604d-9162-246f-8d7d-631c1e992162,train/obs_010627,train/obs_010627/metadata.json,obs_008,LEARNABLE,0.01,"[128,192]",3RScan:6bde6053-9162-246f-8d5d-54e5e3dd721d,train,True,1,3RScan,
obs_000555,train,train,3RScan,0cac75ca-8d6f-2d13-8dfc-9932bfbb834d,train/obs_000555,train/obs_000555/metadata.json,obs_016,LEARNABLE,0.01,"[128,192]",3RScan:0cac75c8-8d6f-2d13-8c08-b3c40c58e0f7,train,True,0,3RScan,
obs_015108,train,train,3RScan,0cac75ca-8d6f-2d13-8dfc-9932bfbb834d,train/obs_015108,train/obs_015108/metadata.json,obs_011,LEARNABLE,0.01,"[128,192]",3RScan:0cac75c8-8d6f-2d13-8c08-b3c40c58e0f7,train,True,1,3RScan,
obs_002915,train,train,3RScan,4a9a43e8-7736-2874-8519-29915757c372,train/obs_002915,train/obs_002915/metadata.json,obs_001,LEARNABLE,0.01,"[128,192]",3RScan:4a9a43e4-7736-2874-8479-0e81135ccdb0,train,True,0,3RScan,
obs_010464,train,train,3RScan,4a9a43e6-7736-2874-8723-08ae98eccd16,train/obs_010464,train/obs_010464/metadata.json,obs_021,EASY,0.01,"[128,192]",3RScan:4a9a43e4-7736-2874-8479-0e81135ccdb0,train,True,1,3RScan,
obs_008337,train,train,3RScan,c7895f1b-339c-2d13-8348-d178c1c4b687,train/obs_008337,train/obs_008337/metadata.json,obs_010,LEARNABLE,0.01,"[128,192]",3RScan:c7895f1d-339c-2d13-820f-f998ab956707,train,True,0,3RScan,
obs_021415,train,train,3RScan,c7895f1f-339c-2d13-8172-b32de97f8cce,train/obs_021415,train/obs_021415/metadata.json,obs_000,LEARNABLE,0.01,"[128,192]",3RScan:c7895f1d-339c-2d13-820f-f998ab956707,train,True,1,3RScan,
obs_000433,validation,train,3RScan,185d741d-3698-223c-8837-9dafd682c7f0,train/obs_000433,train/obs_000433/metadata.json,obs_002,LEARNABLE,0.01,"[128,192]",3RScan:4acaebba-6c10-2a2a-8650-34c2f160db99,train,True,0,3RScan,old_train_or_checkpoint_validation
obs_009633,validation,train,3RScan,185d741d-3698-223c-8837-9dafd682c7f0,train/obs_009633,train/obs_009633/metadata.json,obs_003,EASY,0.01,"[128,192]",3RScan:4acaebba-6c10-2a2a-8650-34c2f160db99,train,True,1,3RScan,old_train_or_checkpoint_validation
obs_007898,train,train,3RScan,6bde6099-9162-246f-8d20-43caaaf32911,train/obs_007898,train/obs_007898/metadata.json,obs_017,LEARNABLE,0.01,"[128,192]",3RScan:6bde609b-9162-246f-8f90-c3d2444a5ab8,train,True,0,3RScan,
obs_009117,train,train,3RScan,6bde6099-9162-246f-8d20-43caaaf32911,train/obs_009117,train/obs_009117/metadata.json,obs_008,LEARNABLE,0.01,"[128,192]",3RScan:6bde609b-9162-246f-8f90-c3d2444a5ab8,train,True,1,3RScan,
obs_006790,train,train,3RScan,4fbad31e-465b-2a5d-84b7-c0ddea978db4,train/obs_006790,train/obs_006790/metadata.json,obs_012,EASY,0.01,"[128,192]",3RScan:4fbad31e-465b-2a5d-84b7-c0ddea978db4,train,True,0,3RScan,
obs_006080,train,train,3RScan,9af05c68-5794-2e19-8c5a-979f448da545,train/obs_006080,train/obs_006080/metadata.json,obs_022,EASY,0.01,"[128,192]",3RScan:4fbad31e-465b-2a5d-84b7-c0ddea978db4,train,True,1,3RScan,
obs_016151,validation,train,3RScan,aa20278c-8bc8-2c5b-9d18-016312e4463a,train/obs_016151,train/obs_016151/metadata.json,obs_000,EASY,0.01,"[128,192]",3RScan:531cff08-0021-28f6-8e08-ba2eeb945e09,train,True,0,3RScan,
obs_003306,train,train,3RScan,e2847ff7-a506-2b60-869c-2780e8694ae0,train/obs_003306,train/obs_003306/metadata.json,obs_008,EASY,0.01,"[128,192]",3RScan:531cff08-0021-28f6-8e08-ba2eeb945e09,train,True,1,3RScan,
obs_007533,train,train,3RScan,77361fc8-d054-2a22-8868-c3de4283fff7,train/obs_007533,train/obs_007533/metadata.json,obs_018,EASY,0.01,"[128,192]",3RScan:77361fca-d054-2a22-8974-547ca1fbb90f,train,False,0,3RScan,
obs_009691,train,train,3RScan,77361fca-d054-2a22-8974-547ca1fbb90f,train/obs_009691,train/obs_009691/metadata.json,obs_011,EASY,0.01,"[128,192]",3RScan:77361fca-d054-2a22-8974-547ca1fbb90f,train,False,1,3RScan,
obs_022360,train,train,3RScan,422885d9-192d-25fc-85de-b954f526b2ac,train/obs_022360,train/obs_022360/metadata.json,obs_014,EASY,0.01,"[128,192]",3RScan:422885e9-192d-25fc-87a9-7013fe4114f2,train,True,0,3RScan,
obs_022769,train,train,3RScan,422885de-192d-25fc-8753-c094c3aaae0b,train/obs_022769,train/obs_022769/metadata.json,obs_019,LEARNABLE,0.01,"[128,192]",3RScan:422885e9-192d-25fc-87a9-7013fe4114f2,train,True,1,3RScan,
obs_020570,train,train,3RScan,d7d40d44-7a5d-2b36-96d7-23cb75af862f,train/obs_020570,train/obs_020570/metadata.json,obs_022,LEARNABLE,0.01,"[128,192]",3RScan:d7d40d48-7a5d-2b36-97ad-692c9b56b508,train,True,0,3RScan,
obs_001583,test,train,3RScan,d7d40d48-7a5d-2b36-97ad-692c9b56b508,train/obs_001583,train/obs_001583/metadata.json,obs_013,EASY,0.01,"[128,192]",3RScan:d7d40d48-7a5d-2b36-97ad-692c9b56b508,train,True,1,3RScan,
obs_007886,train,train,3RScan,b8837e3a-57ec-29c6-8b54-d440ca79a11f,train/obs_007886,train/obs_007886/metadata.json,obs_016,EASY,0.01,"[128,192]",3RScan:b8837e3a-57ec-29c6-8b54-d440ca79a11f,train,True,0,3RScan,parent_pilot_development
obs_014292,train,train,3RScan,b8837e3a-57ec-29c6-8b54-d440ca79a11f,train/obs_014292,train/obs_014292/metadata.json,obs_000,EASY,0.01,"[128,192]",3RScan:b8837e3a-57ec-29c6-8b54-d440ca79a11f,train,True,1,3RScan,parent_pilot_development
obs_018388,train,train,3RScan,422885c7-192d-25fc-85f5-67ba0d80ade5,train/obs_018388,train/obs_018388/metadata.json,obs_006,EASY,0.01,"[128,192]",3RScan:422885c7-192d-25fc-85f5-67ba0d80ade5,train,True,0,3RScan,
obs_012012,train,train,3RScan,422885b7-192d-25fc-86da-e1beaae7c8ba,train/obs_012012,train/obs_012012/metadata.json,obs_023,LEARNABLE,0.01,"[128,192]",3RScan:422885c7-192d-25fc-85f5-67ba0d80ade5,train,True,1,3RScan,
obs_023348,train,train,3RScan,13124cc6-cec3-27a6-86dc-7f23b894c85c,train/obs_023348,train/obs_023348/metadata.json,obs_005,LEARNABLE,0.01,"[128,192]",3RScan:b05fddcf-fca0-2d4f-8a01-c6bdcc9fba8d,train,True,0,3RScan,
obs_021606,train,train,3RScan,0cac7672-8d6f-2d13-8d84-a0418e452bb7,train/obs_021606,train/obs_021606/metadata.json,obs_009,EASY,0.01,"[128,192]",3RScan:b05fddcf-fca0-2d4f-8a01-c6bdcc9fba8d,train,True,1,3RScan,
obs_023199,train,train,3RScan,6bde6083-9162-246f-8c9c-e170212059b2,train/obs_023199,train/obs_023199/metadata.json,obs_011,EASY,0.01,"[128,192]",3RScan:6bde6081-9162-246f-8c4e-ffaf709d17b1,train,False,0,3RScan,
obs_006771,train,train,3RScan,6bde6083-9162-246f-8c9c-e170212059b2,train/obs_006771,train/obs_006771/metadata.json,obs_019,EASY,0.01,"[128,192]",3RScan:6bde6081-9162-246f-8c4e-ffaf709d17b1,train,False,1,3RScan,
obs_013770,train,train,3RScan,8eabc428-5af7-2f32-8659-97a21d90a06b,train/obs_013770,train/obs_013770/metadata.json,obs_017,LEARNABLE,0.01,"[128,192]",3RScan:8eabc42c-5af7-2f32-87c4-bf646779aa62,train,True,0,3RScan,
obs_003832,train,train,3RScan,8eabc42c-5af7-2f32-87c4-bf646779aa62,train/obs_003832,train/obs_003832/metadata.json,obs_012,EASY,0.01,"[128,192]",3RScan:8eabc42c-5af7-2f32-87c4-bf646779aa62,train,True,1,3RScan,
obs_022626,train,train,3RScan,7747a521-9431-24e8-84e7-7e01eaee08c4,train/obs_022626,train/obs_022626/metadata.json,obs_014,LEARNABLE,0.01,"[128,192]",3RScan:7747a51f-9431-24e8-8720-19e267b3b828,train,True,0,3RScan,old_train_or_checkpoint_validation
obs_012355,train,train,3RScan,7747a523-9431-24e8-86ca-377091c35f6e,train/obs_012355,train/obs_012355/metadata.json,obs_013,LEARNABLE,0.01,"[128,192]",3RScan:7747a51f-9431-24e8-8720-19e267b3b828,train,True,1,3RScan,old_train_or_checkpoint_validation
obs_010956,train,train,3RScan,4d3d82b0-8cf4-2e04-80a8-c955ea964c2f,train/obs_010956,train/obs_010956/metadata.json,obs_016,EASY,0.01,"[128,192]",3RScan:4d3d82b0-8cf4-2e04-80a8-c955ea964c2f,train,True,0,3RScan,
obs_017299,train,train,3RScan,4d3d82ae-8cf4-2e04-80de-20f96c814d9c,train/obs_017299,train/obs_017299/metadata.json,obs_007,LEARNABLE,0.01,"[128,192]",3RScan:4d3d82b0-8cf4-2e04-80a8-c955ea964c2f,train,True,1,3RScan,
obs_011048,train,train,3RScan,0cac7652-8d6f-2d13-8f0e-a1dd07a8a847,train/obs_011048,train/obs_011048/metadata.json,obs_008,EASY,0.01,"[128,192]",3RScan:0cac7654-8d6f-2d13-8e68-ddd1767454ad,train,True,0,3RScan,
obs_021550,train,train,3RScan,0cac7652-8d6f-2d13-8f0e-a1dd07a8a847,train/obs_021550,train/obs_021550/metadata.json,obs_019,LEARNABLE,0.01,"[128,192]",3RScan:0cac7654-8d6f-2d13-8e68-ddd1767454ad,train,True,1,3RScan,
obs_014348,validation,train,3RScan,7272e190-a01b-20f6-8bde-769bcd548633,train/obs_014348,train/obs_014348/metadata.json,obs_002,LEARNABLE,0.01,"[128,192]",3RScan:13124cc0-cec3-27a6-84bd-1f56cb6d11a8,train,True,0,3RScan,
obs_004636,train,train,3RScan,6a360543-fa53-2915-95a7-697af24d1d25,train/obs_004636,train/obs_004636/metadata.json,obs_011,LEARNABLE,0.01,"[128,192]",3RScan:13124cc0-cec3-27a6-84bd-1f56cb6d11a8,train,True,1,3RScan,
obs_015540,validation,train,3RScan,ab835f89-54c6-29a1-996a-526e4e686b5c,train/obs_015540,train/obs_015540/metadata.json,obs_013,LEARNABLE,0.01,"[128,192]",3RScan:283ccfeb-107c-24d5-8bbf-05519a3c7c47,train,True,0,3RScan,old_train_or_checkpoint_validation
obs_023483,validation,train,3RScan,ab835f89-54c6-29a1-996a-526e4e686b5c,train/obs_023483,train/obs_023483/metadata.json,obs_019,EASY,0.01,"[128,192]",3RScan:283ccfeb-107c-24d5-8bbf-05519a3c7c47,train,True,1,3RScan,old_train_or_checkpoint_validation
obs_016634,train,train,3RScan,4238491e-60a7-271e-9fe8-eb04b4209883,train/obs_016634,train/obs_016634/metadata.json,obs_021,EASY,0.01,"[128,192]",3RScan:4731976a-f9f7-2a1a-9737-305b709ca37f,train,True,0,3RScan,old_train_or_checkpoint_validation
obs_002855,train,train,3RScan,4731976a-f9f7-2a1a-9737-305b709ca37f,train/obs_002855,train/obs_002855/metadata.json,obs_001,LEARNABLE,0.01,"[128,192]",3RScan:4731976a-f9f7-2a1a-9737-305b709ca37f,train,True,1,3RScan,old_train_or_checkpoint_validation
obs_022079,train,train,3RScan,09582223-e2c2-2de1-94b6-750684b4f80a,train/obs_022079,train/obs_022079/metadata.json,obs_011,EASY,0.01,"[128,192]",3RScan:09582225-e2c2-2de1-9564-f6681ef5e511,train,True,0,3RScan,
obs_000991,train,train,3RScan,09582223-e2c2-2de1-94b6-750684b4f80a,train/obs_000991,train/obs_000991/metadata.json,obs_000,LEARNABLE,0.01,"[128,192]",3RScan:09582225-e2c2-2de1-9564-f6681ef5e511,train,True,1,3RScan,
obs_019545,train,train,3RScan,09582254-e2c2-2de1-9434-162187eb819e,train/obs_019545,train/obs_019545/metadata.json,obs_016,LEARNABLE,0.01,"[128,192]",3RScan:0958224e-e2c2-2de1-943b-38e36345e2e7,train,True,0,3RScan,old_train_or_checkpoint_validation
obs_014184,validation,train,3RScan,0958224e-e2c2-2de1-943b-38e36345e2e7,train/obs_014184,train/obs_014184/metadata.json,obs_006,LEARNABLE,0.01,"[128,192]",3RScan:0958224e-e2c2-2de1-943b-38e36345e2e7,train,True,1,3RScan,old_train_or_checkpoint_validation
obs_017716,test,train,3RScan,baf673aa-8e94-22f8-815f-0a3f3d250071,train/obs_017716,train/obs_017716/metadata.json,obs_002,LEARNABLE,0.01,"[128,192]",3RScan:baf673a8-8e94-22f8-837d-d39420725d90,train,False,0,3RScan,
obs_019573,test,train,3RScan,baf673aa-8e94-22f8-815f-0a3f3d250071,train/obs_019573,train/obs_019573/metadata.json,obs_013,LEARNABLE,0.01,"[128,192]",3RScan:baf673a8-8e94-22f8-837d-d39420725d90,train,False,1,3RScan,
obs_001447,train,train,3RScan,d7d40d77-7a5d-2b36-9576-25354ef37dd9,train/obs_001447,train/obs_001447/metadata.json,obs_008,EASY,0.01,"[128,192]",3RScan:5630cfcd-12bf-2860-87f0-65937859709c,train,True,0,3RScan,parent_pilot_development
obs_013477,test,train,3RScan,d7d40d79-7a5d-2b36-9740-15f8e687b25c,train/obs_013477,train/obs_013477/metadata.json,obs_021,EASY,0.01,"[128,192]",3RScan:5630cfcd-12bf-2860-87f0-65937859709c,train,True,1,3RScan,parent_pilot_development
obs_010702,train,train,3RScan,ddc737ad-765b-241a-9d9f-1f19fab18318,train/obs_010702,train/obs_010702/metadata.json,obs_008,LEARNABLE,0.01,"[128,192]",3RScan:ddc737ad-765b-241a-9d9f-1f19fab18318,train,True,0,3RScan,old_train_or_checkpoint_validation
obs_007916,train,train,3RScan,ddc737ad-765b-241a-9d9f-1f19fab18318,train/obs_007916,train/obs_007916/metadata.json,obs_022,LEARNABLE,0.01,"[128,192]",3RScan:ddc737ad-765b-241a-9d9f-1f19fab18318,train,True,1,3RScan,old_train_or_checkpoint_validation
obs_013081,train,train,3RScan,fcf66daa-622d-291c-8548-a1163ee299b4,train/obs_013081,train/obs_013081/metadata.json,obs_015,LEARNABLE,0.01,"[128,192]",3RScan:fcf66daa-622d-291c-8548-a1163ee299b4,train,True,0,3RScan,
obs_008046,train,train,3RScan,fcf66d7d-622d-291c-8542-f708b096b45f,train/obs_008046,train/obs_008046/metadata.json,obs_003,LEARNABLE,0.01,"[128,192]",3RScan:fcf66daa-622d-291c-8548-a1163ee299b4,train,True,1,3RScan,
obs_009441,train,train,3RScan,d7d40d40-7a5d-2b36-977c-4e35fdd5f03a,train/obs_009441,train/obs_009441/metadata.json,obs_009,EASY,0.01,"[128,192]",3RScan:d7d40d3e-7a5d-2b36-97b3-dd11abc0e876,train,False,0,3RScan,
obs_000628,train,train,3RScan,d7d40d40-7a5d-2b36-977c-4e35fdd5f03a,train/obs_000628,train/obs_000628/metadata.json,obs_007,LEARNABLE,0.01,"[128,192]",3RScan:d7d40d3e-7a5d-2b36-97b3-dd11abc0e876,train,False,1,3RScan,
obs_009597,train,train,3RScan,1d234014-e280-2b1a-8eab-fe44989693aa,train/obs_009597,train/obs_009597/metadata.json,obs_010,EASY,0.01,"[128,192]",3RScan:1d23401e-e280-2b1a-8cef-f28df9df2618,train,False,0,3RScan,
obs_000869,train,train,3RScan,1d234014-e280-2b1a-8eab-fe44989693aa,train/obs_000869,train/obs_000869/metadata.json,obs_015,LEARNABLE,0.01,"[128,192]",3RScan:1d23401e-e280-2b1a-8cef-f28df9df2618,train,False,1,3RScan,
obs_015808,train,train,3RScan,752cc5a3-920c-26f5-8ff3-49518eff94c6,train/obs_015808,train/obs_015808/metadata.json,obs_014,LEARNABLE,0.01,"[128,192]",3RScan:4fbad31a-465b-2a5d-8566-f4e4845c1a78,train,True,0,3RScan,
obs_012750,train,train,3RScan,4fbad31a-465b-2a5d-8566-f4e4845c1a78,train/obs_012750,train/obs_012750/metadata.json,obs_014,LEARNABLE,0.01,"[128,192]",3RScan:4fbad31a-465b-2a5d-8566-f4e4845c1a78,train,True,1,3RScan,
obs_012654,validation,train,3RScan,43b8cae1-6678-2e38-9865-c19c07c25015,train/obs_012654,train/obs_012654/metadata.json,obs_007,LEARNABLE,0.01,"[128,192]",3RScan:43b8cae1-6678-2e38-9865-c19c07c25015,train,True,0,3RScan,
obs_018929,validation,train,3RScan,43b8cae1-6678-2e38-9865-c19c07c25015,train/obs_018929,train/obs_018929/metadata.json,obs_006,EASY,0.01,"[128,192]",3RScan:43b8cae1-6678-2e38-9865-c19c07c25015,train,True,1,3RScan,
obs_004677,train,train,3RScan,2e36954b-e133-204c-92ad-1a66c6f63e1a,train/obs_004677,train/obs_004677/metadata.json,obs_000,LEARNABLE,0.01,"[128,192]",3RScan:2e36954b-e133-204c-92ad-1a66c6f63e1a,train,True,0,3RScan,
obs_002567,train,train,3RScan,2e36954b-e133-204c-92ad-1a66c6f63e1a,train/obs_002567,train/obs_002567/metadata.json,obs_012,EASY,0.01,"[128,192]",3RScan:2e36954b-e133-204c-92ad-1a66c6f63e1a,train,True,1,3RScan,
obs_012127,test,train,3RScan,19f1a892-a988-2bf8-8c91-0705cf396888,train/obs_012127,train/obs_012127/metadata.json,obs_021,EASY,0.01,"[128,192]",3RScan:0cac767c-8d6f-2d13-8e22-50ba98af68e6,train,True,0,3RScan,
obs_015430,test,train,3RScan,19f1a892-a988-2bf8-8c91-0705cf396888,train/obs_015430,train/obs_015430/metadata.json,obs_010,LEARNABLE,0.01,"[128,192]",3RScan:0cac767c-8d6f-2d13-8e22-50ba98af68e6,train,True,1,3RScan,
obs_018241,test,train,3RScan,73315a2d-185c-2c8a-87e9-d8dfe07ae3cb,train/obs_018241,train/obs_018241/metadata.json,obs_003,LEARNABLE,0.01,"[128,192]",3RScan:73315a2d-185c-2c8a-87e9-d8dfe07ae3cb,train,True,0,3RScan,
obs_014360,train,train,3RScan,73315a33-185c-2c8a-87a3-7915ecadfa45,train/obs_014360,train/obs_014360/metadata.json,obs_023,LEARNABLE,0.01,"[128,192]",3RScan:73315a2d-185c-2c8a-87e9-d8dfe07ae3cb,train,True,1,3RScan,
obs_062614,train,train,ARKitScenes,47331894_3dod_mesh,train/obs_062614,train/obs_062614/metadata.json,obs_020,EASY,0.01,"[128,192]",ARKitScenes:470864,train,True,0,ARKitScenes,
obs_090894,train,train,ARKitScenes,47331901_3dod_mesh,train/obs_090894,train/obs_090894/metadata.json,obs_001,LEARNABLE,0.01,"[128,192]",ARKitScenes:470864,train,True,1,ARKitScenes,
obs_052888,train,train,ARKitScenes,43896024_3dod_mesh,train/obs_052888,train/obs_052888/metadata.json,obs_023,LEARNABLE,0.01,"[128,192]",ARKitScenes:437985,train,True,0,ARKitScenes,
obs_078027,train,train,ARKitScenes,43896031_3dod_mesh,train/obs_078027,train/obs_078027/metadata.json,obs_004,LEARNABLE,0.01,"[128,192]",ARKitScenes:437985,train,True,1,ARKitScenes,
obs_028566,train,train,ARKitScenes,42899271_3dod_mesh,train/obs_028566,train/obs_028566/metadata.json,obs_022,EASY,0.01,"[128,192]",ARKitScenes:434901,train,True,0,ARKitScenes,
obs_035369,train,train,ARKitScenes,42899270_3dod_mesh,train/obs_035369,train/obs_035369/metadata.json,obs_005,EASY,0.01,"[128,192]",ARKitScenes:434901,train,True,1,ARKitScenes,
obs_087949,train,train,ARKitScenes,47333565_3dod_mesh,train/obs_087949,train/obs_087949/metadata.json,obs_005,LEARNABLE,0.01,"[128,192]",ARKitScenes:469644,train,True,0,ARKitScenes,
obs_073664,train,train,ARKitScenes,47333568_3dod_mesh,train/obs_073664,train/obs_073664/metadata.json,obs_017,LEARNABLE,0.01,"[128,192]",ARKitScenes:469644,train,True,1,ARKitScenes,
obs_058462,train,train,ARKitScenes,48018372_3dod_mesh,train/obs_058462,train/obs_058462/metadata.json,obs_001,EASY,0.01,"[128,192]",ARKitScenes:483313,train,True,0,ARKitScenes,
obs_049267,test,train,ARKitScenes,48018367_3dod_mesh,train/obs_049267,train/obs_049267/metadata.json,obs_020,LEARNABLE,0.01,"[128,192]",ARKitScenes:483313,train,True,1,ARKitScenes,
obs_076290,test,train,ARKitScenes,47333369_3dod_mesh,train/obs_076290,train/obs_076290/metadata.json,obs_006,EASY,0.01,"[128,192]",ARKitScenes:467166,train,True,0,ARKitScenes,
obs_028733,test,train,ARKitScenes,47333369_3dod_mesh,train/obs_028733,train/obs_028733/metadata.json,obs_004,LEARNABLE,0.01,"[128,192]",ARKitScenes:467166,train,True,1,ARKitScenes,
obs_056146,train,train,ARKitScenes,47334487_3dod_mesh,train/obs_056146,train/obs_056146/metadata.json,obs_003,LEARNABLE,0.01,"[128,192]",ARKitScenes:468101,train,True,0,ARKitScenes,
obs_094508,train,train,ARKitScenes,47334489_3dod_mesh,train/obs_094508,train/obs_094508/metadata.json,obs_016,LEARNABLE,0.01,"[128,192]",ARKitScenes:468101,train,True,1,ARKitScenes,
obs_024318,train,train,ARKitScenes,42445841_3dod_mesh,train/obs_024318,train/obs_024318/metadata.json,obs_003,EASY,0.01,"[128,192]",ARKitScenes:422029,train,True,0,ARKitScenes,
obs_027374,train,train,ARKitScenes,42445843_3dod_mesh,train/obs_027374,train/obs_027374/metadata.json,obs_012,LEARNABLE,0.01,"[128,192]",ARKitScenes:422029,train,True,1,ARKitScenes,
obs_034760,train,train,ARKitScenes,47334861_3dod_mesh,train/obs_034760,train/obs_034760/metadata.json,obs_000,LEARNABLE,0.01,"[128,192]",ARKitScenes:481791,train,True,0,ARKitScenes,
obs_036381,train,train,ARKitScenes,47334861_3dod_mesh,train/obs_036381,train/obs_036381/metadata.json,obs_001,LEARNABLE,0.01,"[128,192]",ARKitScenes:481791,train,True,1,ARKitScenes,
obs_060526,train,train,ARKitScenes,44796596_3dod_mesh,train/obs_060526,train/obs_060526/metadata.json,obs_007,EASY,0.01,"[128,192]",ARKitScenes:466159,train,False,0,ARKitScenes,
obs_077735,train,train,ARKitScenes,44796596_3dod_mesh,train/obs_077735,train/obs_077735/metadata.json,obs_018,LEARNABLE,0.01,"[128,192]",ARKitScenes:466159,train,False,1,ARKitScenes,
obs_051595,train,train,ARKitScenes,47115158_3dod_mesh,train/obs_051595,train/obs_051595/metadata.json,obs_019,LEARNABLE,0.01,"[128,192]",ARKitScenes:469603,train,True,0,ARKitScenes,
obs_079110,train,train,ARKitScenes,47115156_3dod_mesh,train/obs_079110,train/obs_079110/metadata.json,obs_004,LEARNABLE,0.01,"[128,192]",ARKitScenes:469603,train,True,1,ARKitScenes,
obs_061187,train,train,ARKitScenes,47430901_3dod_mesh,train/obs_061187,train/obs_061187/metadata.json,obs_008,EASY,0.01,"[128,192]",ARKitScenes:469744,train,False,0,ARKitScenes,
obs_099333,train,train,ARKitScenes,47430901_3dod_mesh,train/obs_099333,train/obs_099333/metadata.json,obs_023,LEARNABLE,0.01,"[128,192]",ARKitScenes:469744,train,False,1,ARKitScenes,
obs_049505,train,train,ARKitScenes,47204506_3dod_mesh,train/obs_049505,train/obs_049505/metadata.json,obs_017,EASY,0.01,"[128,192]",ARKitScenes:471663,train,True,0,ARKitScenes,
obs_098733,train,train,ARKitScenes,47204506_3dod_mesh,train/obs_098733,train/obs_098733/metadata.json,obs_005,LEARNABLE,0.01,"[128,192]",ARKitScenes:471663,train,True,1,ARKitScenes,
obs_078535,train,train,ARKitScenes,47429765_3dod_mesh,train/obs_078535,train/obs_078535/metadata.json,obs_021,LEARNABLE,0.01,"[128,192]",ARKitScenes:471416,train,False,0,ARKitScenes,
obs_045356,train,train,ARKitScenes,47429764_3dod_mesh,train/obs_045356,train/obs_045356/metadata.json,obs_022,LEARNABLE,0.01,"[128,192]",ARKitScenes:471416,train,False,1,ARKitScenes,
obs_079696,train,train,ARKitScenes,47115543_3dod_mesh,train/obs_079696,train/obs_079696/metadata.json,obs_002,EASY,0.01,"[128,192]",ARKitScenes:470655,train,True,0,ARKitScenes,
obs_034221,train,train,ARKitScenes,47115548_3dod_mesh,train/obs_034221,train/obs_034221/metadata.json,obs_002,EASY,0.01,"[128,192]",ARKitScenes:470655,train,True,1,ARKitScenes,
obs_061318,train,train,ARKitScenes,48018312_3dod_mesh,train/obs_061318,train/obs_061318/metadata.json,obs_007,LEARNABLE,0.01,"[128,192]",ARKitScenes:483322,train,True,0,ARKitScenes,
obs_028016,test,train,ARKitScenes,48018311_3dod_mesh,train/obs_028016,train/obs_028016/metadata.json,obs_021,LEARNABLE,0.01,"[128,192]",ARKitScenes:483322,train,True,1,ARKitScenes,
obs_061709,validation,train,ARKitScenes,47115118_3dod_mesh,train/obs_061709,train/obs_061709/metadata.json,obs_004,LEARNABLE,0.01,"[128,192]",ARKitScenes:469635,train,False,0,ARKitScenes,
obs_086027,train,train,ARKitScenes,47115127_3dod_mesh,train/obs_086027,train/obs_086027/metadata.json,obs_002,LEARNABLE,0.01,"[128,192]",ARKitScenes:469635,train,False,1,ARKitScenes,
obs_030967,train,train,ARKitScenes,47334130_3dod_mesh,train/obs_030967,train/obs_030967/metadata.json,obs_007,LEARNABLE,0.01,"[128,192]",ARKitScenes:469835,train,False,0,ARKitScenes,
obs_086198,test,train,ARKitScenes,47334131_3dod_mesh,train/obs_086198,train/obs_086198/metadata.json,obs_018,LEARNABLE,0.01,"[128,192]",ARKitScenes:469835,train,False,1,ARKitScenes,
obs_060957,validation,train,ARKitScenes,47333035_3dod_mesh,train/obs_060957,train/obs_060957/metadata.json,obs_022,LEARNABLE,0.01,"[128,192]",ARKitScenes:469467,train,False,0,ARKitScenes,
obs_064472,validation,train,ARKitScenes,47333033_3dod_mesh,train/obs_064472,train/obs_064472/metadata.json,obs_003,LEARNABLE,0.01,"[128,192]",ARKitScenes:469467,train,False,1,ARKitScenes,
obs_026418,train,train,ARKitScenes,42899801_3dod_mesh,train/obs_026418,train/obs_026418/metadata.json,obs_006,EASY,0.01,"[128,192]",ARKitScenes:435736,train,True,0,ARKitScenes,
obs_034017,train,train,ARKitScenes,42899799_3dod_mesh,train/obs_034017,train/obs_034017/metadata.json,obs_015,LEARNABLE,0.01,"[128,192]",ARKitScenes:435736,train,True,1,ARKitScenes,
obs_081315,train,train,ARKitScenes,47331520_3dod_mesh,train/obs_081315,train/obs_081315/metadata.json,obs_017,EASY,0.01,"[128,192]",ARKitScenes:470551,train,False,0,ARKitScenes,
obs_082439,train,train,ARKitScenes,47331520_3dod_mesh,train/obs_082439,train/obs_082439/metadata.json,obs_006,LEARNABLE,0.01,"[128,192]",ARKitScenes:470551,train,False,1,ARKitScenes,
obs_076294,train,train,ARKitScenes,47333865_3dod_mesh,train/obs_076294,train/obs_076294/metadata.json,obs_020,LEARNABLE,0.01,"[128,192]",ARKitScenes:467357,train,False,0,ARKitScenes,
obs_045621,train,train,ARKitScenes,47333863_3dod_mesh,train/obs_045621,train/obs_045621/metadata.json,obs_015,LEARNABLE,0.01,"[128,192]",ARKitScenes:467357,train,False,1,ARKitScenes,
obs_064247,train,train,ARKitScenes,47431136_3dod_mesh,train/obs_064247,train/obs_064247/metadata.json,obs_012,EASY,0.01,"[128,192]",ARKitScenes:481495,train,True,0,ARKitScenes,
obs_069844,train,train,ARKitScenes,47431136_3dod_mesh,train/obs_069844,train/obs_069844/metadata.json,obs_017,EASY,0.01,"[128,192]",ARKitScenes:481495,train,True,1,ARKitScenes,
obs_068468,train,train,ARKitScenes,47204609_3dod_mesh,train/obs_068468,train/obs_068468/metadata.json,obs_006,LEARNABLE,0.01,"[128,192]",ARKitScenes:471942,train,True,0,ARKitScenes,
obs_090547,train,train,ARKitScenes,47204609_3dod_mesh,train/obs_090547,train/obs_090547/metadata.json,obs_001,LEARNABLE,0.01,"[128,192]",ARKitScenes:471942,train,True,1,ARKitScenes,
obs_075767,train,train,ARKitScenes,47429753_3dod_mesh,train/obs_075767,train/obs_075767/metadata.json,obs_005,LEARNABLE,0.01,"[128,192]",ARKitScenes:471429,train,True,0,ARKitScenes,
obs_081248,train,train,ARKitScenes,47429750_3dod_mesh,train/obs_081248,train/obs_081248/metadata.json,obs_004,LEARNABLE,0.01,"[128,192]",ARKitScenes:471429,train,True,1,ARKitScenes,
obs_029653,train,train,ARKitScenes,42446466_3dod_mesh,train/obs_029653,train/obs_029653/metadata.json,obs_022,LEARNABLE,0.01,"[128,192]",ARKitScenes:422522,train,True,0,ARKitScenes,
obs_046511,train,train,ARKitScenes,42446466_3dod_mesh,train/obs_046511,train/obs_046511/metadata.json,obs_000,LEARNABLE,0.01,"[128,192]",ARKitScenes:422522,train,True,1,ARKitScenes,
obs_080734,train,train,ARKitScenes,41125976_3dod_mesh,train/obs_080734,train/obs_080734/metadata.json,obs_018,LEARNABLE,0.01,"[128,192]",ARKitScenes:382699,train,True,0,ARKitScenes,
obs_049901,train,train,ARKitScenes,41125976_3dod_mesh,train/obs_049901,train/obs_049901/metadata.json,obs_016,LEARNABLE,0.01,"[128,192]",ARKitScenes:382699,train,True,1,ARKitScenes,
obs_065792,train,train,ARKitScenes,42445152_3dod_mesh,train/obs_065792,train/obs_065792/metadata.json,obs_015,LEARNABLE,0.01,"[128,192]",ARKitScenes:420678,train,False,0,ARKitScenes,
obs_059882,train,train,ARKitScenes,42445149_3dod_mesh,train/obs_059882,train/obs_059882/metadata.json,obs_022,LEARNABLE,0.01,"[128,192]",ARKitScenes:420678,train,False,1,ARKitScenes,
obs_091180,train,train,ARKitScenes,47115338_3dod_mesh,train/obs_091180,train/obs_091180/metadata.json,obs_003,LEARNABLE,0.01,"[128,192]",ARKitScenes:470313,train,True,0,ARKitScenes,
obs_092575,train,train,ARKitScenes,47115334_3dod_mesh,train/obs_092575,train/obs_092575/metadata.json,obs_017,LEARNABLE,0.01,"[128,192]",ARKitScenes:470313,train,True,1,ARKitScenes,
obs_094001,train,train,ARKitScenes,42445670_3dod_mesh,train/obs_094001,train/obs_094001/metadata.json,obs_019,LEARNABLE,0.01,"[128,192]",ARKitScenes:422163,train,True,0,ARKitScenes,
obs_062291,train,train,ARKitScenes,42445677_3dod_mesh,train/obs_062291,train/obs_062291/metadata.json,obs_012,LEARNABLE,0.01,"[128,192]",ARKitScenes:422163,train,True,1,ARKitScenes,
obs_099072,validation,train,ARKitScenes,41126916_3dod_mesh,train/obs_099072,train/obs_099072/metadata.json,obs_009,LEARNABLE,0.01,"[128,192]",ARKitScenes:382841,train,True,0,ARKitScenes,
obs_084303,train,train,ARKitScenes,41126908_3dod_mesh,train/obs_084303,train/obs_084303/metadata.json,obs_000,LEARNABLE,0.01,"[128,192]",ARKitScenes:382841,train,True,1,ARKitScenes,
obs_037063,test,train,ARKitScenes,47331089_3dod_mesh,train/obs_037063,train/obs_037063/metadata.json,obs_018,LEARNABLE,0.01,"[128,192]",ARKitScenes:470297,train,False,0,ARKitScenes,
obs_052021,train,train,ARKitScenes,47331080_3dod_mesh,train/obs_052021,train/obs_052021/metadata.json,obs_002,LEARNABLE,0.01,"[128,192]",ARKitScenes:470297,train,False,1,ARKitScenes,
obs_058120,train,train,ARKitScenes,47430685_3dod_mesh,train/obs_058120,train/obs_058120/metadata.json,obs_000,LEARNABLE,0.01,"[128,192]",ARKitScenes:472314,train,True,0,ARKitScenes,
obs_045643,validation,train,ARKitScenes,47430689_3dod_mesh,train/obs_045643,train/obs_045643/metadata.json,obs_010,LEARNABLE,0.01,"[128,192]",ARKitScenes:472314,train,True,1,ARKitScenes,
obs_033720,validation,train,ARKitScenes,47334643_3dod_mesh,train/obs_033720,train/obs_033720/metadata.json,obs_010,LEARNABLE,0.01,"[128,192]",ARKitScenes:481502,train,True,0,ARKitScenes,
obs_058577,train,train,ARKitScenes,47334647_3dod_mesh,train/obs_058577,train/obs_058577/metadata.json,obs_001,LEARNABLE,0.01,"[128,192]",ARKitScenes:481502,train,True,1,ARKitScenes,
obs_076943,train,train,ARKitScenes,47204813_3dod_mesh,train/obs_076943,train/obs_076943/metadata.json,obs_011,LEARNABLE,0.01,"[128,192]",ARKitScenes:472306,train,False,0,ARKitScenes,
obs_029610,train,train,ARKitScenes,47204816_3dod_mesh,train/obs_029610,train/obs_029610/metadata.json,obs_018,LEARNABLE,0.01,"[128,192]",ARKitScenes:472306,train,False,1,ARKitScenes,
obs_065572,train,train,ARKitScenes,47204363_3dod_mesh,train/obs_065572,train/obs_065572/metadata.json,obs_016,LEARNABLE,0.01,"[128,192]",ARKitScenes:470995,train,False,0,ARKitScenes,
obs_055055,train,train,ARKitScenes,47204363_3dod_mesh,train/obs_055055,train/obs_055055/metadata.json,obs_009,LEARNABLE,0.01,"[128,192]",ARKitScenes:470995,train,False,1,ARKitScenes,
obs_094553,train,train,ARKitScenes,47331170_3dod_mesh,train/obs_094553,train/obs_094553/metadata.json,obs_004,LEARNABLE,0.01,"[128,192]",ARKitScenes:471427,train,False,0,ARKitScenes,
obs_029323,train,train,ARKitScenes,47331165_3dod_mesh,train/obs_029323,train/obs_029323/metadata.json,obs_015,LEARNABLE,0.01,"[128,192]",ARKitScenes:471427,train,False,1,ARKitScenes,
obs_094735,validation,train,ARKitScenes,42898616_3dod_mesh,train/obs_094735,train/obs_094735/metadata.json,obs_021,LEARNABLE,0.01,"[128,192]",ARKitScenes:426133,train,True,0,ARKitScenes,
obs_075120,validation,train,ARKitScenes,42898616_3dod_mesh,train/obs_075120,train/obs_075120/metadata.json,obs_001,LEARNABLE,0.01,"[128,192]",ARKitScenes:426133,train,True,1,ARKitScenes,
obs_091244,train,train,ARKitScenes,47332127_3dod_mesh,train/obs_091244,train/obs_091244/metadata.json,obs_010,EASY,0.01,"[128,192]",ARKitScenes:471016,train,True,0,ARKitScenes,
obs_075671,train,train,ARKitScenes,47332124_3dod_mesh,train/obs_075671,train/obs_075671/metadata.json,obs_017,LEARNABLE,0.01,"[128,192]",ARKitScenes:471016,train,True,1,ARKitScenes,
obs_067018,train,train,ARKitScenes,40958733_3dod_mesh,train/obs_067018,train/obs_067018/metadata.json,obs_015,LEARNABLE,0.01,"[128,192]",ARKitScenes:379801,train,False,0,ARKitScenes,
obs_040714,train,train,ARKitScenes,40958733_3dod_mesh,train/obs_040714,train/obs_040714/metadata.json,obs_010,LEARNABLE,0.01,"[128,192]",ARKitScenes:379801,train,False,1,ARKitScenes,
obs_059925,train,train,ARKitScenes,42444735_3dod_mesh,train/obs_059925,train/obs_059925/metadata.json,obs_014,EASY,0.01,"[128,192]",ARKitScenes:421267,train,True,0,ARKitScenes,
obs_068636,train,train,ARKitScenes,42444735_3dod_mesh,train/obs_068636,train/obs_068636/metadata.json,obs_001,LEARNABLE,0.01,"[128,192]",ARKitScenes:421267,train,True,1,ARKitScenes,
obs_050573,test,train,ARKitScenes,47334697_3dod_mesh,train/obs_050573,train/obs_050573/metadata.json,obs_013,LEARNABLE,0.01,"[128,192]",ARKitScenes:481534,train,True,0,ARKitScenes,
obs_089135,train,train,ARKitScenes,47334699_3dod_mesh,train/obs_089135,train/obs_089135/metadata.json,obs_020,EASY,0.01,"[128,192]",ARKitScenes:481534,train,True,1,ARKitScenes,
obs_059099,test,train,ARKitScenes,43896176_3dod_mesh,train/obs_059099,train/obs_059099/metadata.json,obs_023,LEARNABLE,0.01,"[128,192]",ARKitScenes:438118,train,True,0,ARKitScenes,
obs_093313,train,train,ARKitScenes,43896177_3dod_mesh,train/obs_093313,train/obs_093313/metadata.json,obs_014,LEARNABLE,0.01,"[128,192]",ARKitScenes:438118,train,True,1,ARKitScenes,
obs_081762,train,train,ARKitScenes,41007603_3dod_mesh,train/obs_081762,train/obs_081762/metadata.json,obs_015,EASY,0.01,"[128,192]",ARKitScenes:380024,train,False,0,ARKitScenes,
obs_073149,train,train,ARKitScenes,41007602_3dod_mesh,train/obs_073149,train/obs_073149/metadata.json,obs_001,LEARNABLE,0.01,"[128,192]",ARKitScenes:380024,train,False,1,ARKitScenes,
obs_041721,train,train,ARKitScenes,45261246_3dod_mesh,train/obs_041721,train/obs_041721/metadata.json,obs_006,LEARNABLE,0.01,"[128,192]",ARKitScenes:466964,train,False,0,ARKitScenes,
obs_100139,train,train,ARKitScenes,45261248_3dod_mesh,train/obs_100139,train/obs_100139/metadata.json,obs_000,LEARNABLE,0.01,"[128,192]",ARKitScenes:466964,train,False,1,ARKitScenes,
obs_050092,train,train,ARKitScenes,47430732_3dod_mesh,train/obs_050092,train/obs_050092/metadata.json,obs_021,LEARNABLE,0.01,"[128,192]",ARKitScenes:472625,train,False,0,ARKitScenes,
obs_061873,train,train,ARKitScenes,47430732_3dod_mesh,train/obs_061873,train/obs_061873/metadata.json,obs_020,LEARNABLE,0.01,"[128,192]",ARKitScenes:472625,train,False,1,ARKitScenes,
obs_096738,train,train,ARKitScenes,44358302_3dod_mesh,train/obs_096738,train/obs_096738/metadata.json,obs_021,LEARNABLE,0.01,"[128,192]",ARKitScenes:438963,train,True,0,ARKitScenes,
obs_053068,train,train,ARKitScenes,44358297_3dod_mesh,train/obs_053068,train/obs_053068/metadata.json,obs_015,LEARNABLE,0.01,"[128,192]",ARKitScenes:438963,train,True,1,ARKitScenes,
obs_025853,test,train,ARKitScenes,47333647_3dod_mesh,train/obs_025853,train/obs_025853/metadata.json,obs_022,LEARNABLE,0.01,"[128,192]",ARKitScenes:469647,train,True,0,ARKitScenes,
obs_070145,train,train,ARKitScenes,47333649_3dod_mesh,train/obs_070145,train/obs_070145/metadata.json,obs_015,LEARNABLE,0.01,"[128,192]",ARKitScenes:469647,train,True,1,ARKitScenes,
obs_092126,train,train,ARKitScenes,42898984_3dod_mesh,train/obs_092126,train/obs_092126/metadata.json,obs_004,LEARNABLE,0.01,"[128,192]",ARKitScenes:434965,train,True,0,ARKitScenes,
obs_097117,train,train,ARKitScenes,42898984_3dod_mesh,train/obs_097117,train/obs_097117/metadata.json,obs_011,EASY,0.01,"[128,192]",ARKitScenes:434965,train,True,1,ARKitScenes,
obs_037711,validation,train,ARKitScenes,41126621_3dod_mesh,train/obs_037711,train/obs_037711/metadata.json,obs_021,LEARNABLE,0.01,"[128,192]",ARKitScenes:382950,train,True,0,ARKitScenes,
obs_071723,validation,train,ARKitScenes,41126621_3dod_mesh,train/obs_071723,train/obs_071723/metadata.json,obs_020,LEARNABLE,0.01,"[128,192]",ARKitScenes:382950,train,True,1,ARKitScenes,
obs_100391,train,train,ARKitScenes,47895187_3dod_mesh,train/obs_100391,train/obs_100391/metadata.json,obs_015,LEARNABLE,0.01,"[128,192]",ARKitScenes:471677,train,True,0,ARKitScenes,
obs_086127,train,train,ARKitScenes,47895191_3dod_mesh,train/obs_086127,train/obs_086127/metadata.json,obs_018,LEARNABLE,0.01,"[128,192]",ARKitScenes:471677,train,True,1,ARKitScenes,
obs_091031,test,train,ARKitScenes,42899760_3dod_mesh,train/obs_091031,train/obs_091031/metadata.json,obs_003,LEARNABLE,0.01,"[128,192]",ARKitScenes:435375,train,True,0,ARKitScenes,
obs_044569,test,train,ARKitScenes,42899760_3dod_mesh,train/obs_044569,train/obs_044569/metadata.json,obs_009,EASY,0.01,"[128,192]",ARKitScenes:435375,train,True,1,ARKitScenes,
obs_097757,validation,train,ARKitScenes,47333827_3dod_mesh,train/obs_097757,train/obs_097757/metadata.json,obs_019,LEARNABLE,0.01,"[128,192]",ARKitScenes:468074,train,True,0,ARKitScenes,
obs_058570,train,train,ARKitScenes,47333826_3dod_mesh,train/obs_058570,train/obs_058570/metadata.json,obs_002,LEARNABLE,0.01,"[128,192]",ARKitScenes:468074,train,True,1,ARKitScenes,
obs_081439,train,train,ARKitScenes,42898930_3dod_mesh,train/obs_081439,train/obs_081439/metadata.json,obs_007,EASY,0.01,"[128,192]",ARKitScenes:434643,train,False,0,ARKitScenes,parent_pilot_development
obs_094879,train,train,ARKitScenes,42898930_3dod_mesh,train/obs_094879,train/obs_094879/metadata.json,obs_021,LEARNABLE,0.01,"[128,192]",ARKitScenes:434643,train,False,1,ARKitScenes,parent_pilot_development
obs_051486,train,train,ARKitScenes,47334080_3dod_mesh,train/obs_051486,train/obs_051486/metadata.json,obs_014,EASY,0.01,"[128,192]",ARKitScenes:469819,train,True,0,ARKitScenes,
obs_098096,train,train,ARKitScenes,47334079_3dod_mesh,train/obs_098096,train/obs_098096/metadata.json,obs_017,LEARNABLE,0.01,"[128,192]",ARKitScenes:469819,train,True,1,ARKitScenes,
obs_093694,train,train,ARKitScenes,41254697_3dod_mesh,train/obs_093694,train/obs_093694/metadata.json,obs_013,LEARNABLE,0.01,"[128,192]",ARKitScenes:383967,train,False,0,ARKitScenes,
obs_068986,train,train,ARKitScenes,41254697_3dod_mesh,train/obs_068986,train/obs_068986/metadata.json,obs_019,LEARNABLE,0.01,"[128,192]",ARKitScenes:383967,train,False,1,ARKitScenes,
obs_075075,validation,train,ARKitScenes,47334837_3dod_mesh,train/obs_075075,train/obs_075075/metadata.json,obs_002,LEARNABLE,0.01,"[128,192]",ARKitScenes:481809,train,False,0,ARKitScenes,
obs_041277,train,train,ARKitScenes,47334834_3dod_mesh,train/obs_041277,train/obs_041277/metadata.json,obs_003,LEARNABLE,0.01,"[128,192]",ARKitScenes:481809,train,False,1,ARKitScenes,
obs_033546,train,train,ARKitScenes,42898966_3dod_mesh,train/obs_033546,train/obs_033546/metadata.json,obs_005,LEARNABLE,0.01,"[128,192]",ARKitScenes:434625,train,True,0,ARKitScenes,
obs_046404,validation,train,ARKitScenes,42898959_3dod_mesh,train/obs_046404,train/obs_046404/metadata.json,obs_009,LEARNABLE,0.01,"[128,192]",ARKitScenes:434625,train,True,1,ARKitScenes,
obs_026010,train,train,ARKitScenes,48017969_3dod_mesh,train/obs_026010,train/obs_026010/metadata.json,obs_022,LEARNABLE,0.01,"[128,192]",ARKitScenes:482881,train,True,0,ARKitScenes,
obs_034175,test,train,ARKitScenes,48017972_3dod_mesh,train/obs_034175,train/obs_034175/metadata.json,obs_003,LEARNABLE,0.01,"[128,192]",ARKitScenes:482881,train,True,1,ARKitScenes,
obs_082551,train,train,ARKitScenes,41048229_3dod_mesh,train/obs_082551,train/obs_082551/metadata.json,obs_021,LEARNABLE,0.01,"[128,192]",ARKitScenes:381654,train,True,0,ARKitScenes,
obs_095437,train,train,ARKitScenes,41048229_3dod_mesh,train/obs_095437,train/obs_095437/metadata.json,obs_016,LEARNABLE,0.01,"[128,192]",ARKitScenes:381654,train,True,1,ARKitScenes,
obs_072678,test,train,ARKitScenes,47332810_3dod_mesh,train/obs_072678,train/obs_072678/metadata.json,obs_020,LEARNABLE,0.01,"[128,192]",ARKitScenes:469220,train,False,0,ARKitScenes,
obs_059523,test,train,ARKitScenes,47332810_3dod_mesh,train/obs_059523,train/obs_059523/metadata.json,obs_013,LEARNABLE,0.01,"[128,192]",ARKitScenes:469220,train,False,1,ARKitScenes,
obs_066056,train,train,ARKitScenes,45261024_3dod_mesh,train/obs_066056,train/obs_066056/metadata.json,obs_013,LEARNABLE,0.01,"[128,192]",ARKitScenes:466535,train,True,0,ARKitScenes,
obs_048955,train,train,ARKitScenes,45261024_3dod_mesh,train/obs_048955,train/obs_048955/metadata.json,obs_003,LEARNABLE,0.01,"[128,192]",ARKitScenes:466535,train,True,1,ARKitScenes,
obs_077139,train,train,ARKitScenes,42446079_3dod_mesh,train/obs_077139,train/obs_077139/metadata.json,obs_013,EASY,0.01,"[128,192]",ARKitScenes:422012,train,True,0,ARKitScenes,
obs_061624,train,train,ARKitScenes,42446079_3dod_mesh,train/obs_061624,train/obs_061624/metadata.json,obs_002,LEARNABLE,0.01,"[128,192]",ARKitScenes:422012,train,True,1,ARKitScenes,
obs_069763,train,train,ARKitScenes,47334764_3dod_mesh,train/obs_069763,train/obs_069763/metadata.json,obs_006,LEARNABLE,0.01,"[128,192]",ARKitScenes:481806,train,True,0,ARKitScenes,
obs_096599,train,train,ARKitScenes,47334764_3dod_mesh,train/obs_096599,train/obs_096599/metadata.json,obs_012,EASY,0.01,"[128,192]",ARKitScenes:481806,train,True,1,ARKitScenes,
obs_047112,train,train,ARKitScenes,42899968_3dod_mesh,train/obs_047112,train/obs_047112/metadata.json,obs_017,LEARNABLE,0.01,"[128,192]",ARKitScenes:435664,train,True,0,ARKitScenes,
obs_093398,train,train,ARKitScenes,42899968_3dod_mesh,train/obs_093398,train/obs_093398/metadata.json,obs_014,LEARNABLE,0.01,"[128,192]",ARKitScenes:435664,train,True,1,ARKitScenes,
obs_068528,train,train,ARKitScenes,48018013_3dod_mesh,train/obs_068528,train/obs_068528/metadata.json,obs_007,LEARNABLE,0.01,"[128,192]",ARKitScenes:482850,train,True,0,ARKitScenes,
obs_031714,validation,train,ARKitScenes,48018015_3dod_mesh,train/obs_031714,train/obs_031714/metadata.json,obs_006,LEARNABLE,0.01,"[128,192]",ARKitScenes:482850,train,True,1,ARKitScenes,
obs_025919,train,train,ARKitScenes,41126723_3dod_mesh,train/obs_025919,train/obs_025919/metadata.json,obs_012,LEARNABLE,0.01,"[128,192]",ARKitScenes:382844,train,False,0,ARKitScenes,
obs_085073,train,train,ARKitScenes,41126714_3dod_mesh,train/obs_085073,train/obs_085073/metadata.json,obs_004,LEARNABLE,0.01,"[128,192]",ARKitScenes:382844,train,False,1,ARKitScenes,
obs_086983,train,train,ARKitScenes,47332950_3dod_mesh,train/obs_086983,train/obs_086983/metadata.json,obs_019,LEARNABLE,0.01,"[128,192]",ARKitScenes:469216,train,True,0,ARKitScenes,
obs_085613,train,train,ARKitScenes,47332951_3dod_mesh,train/obs_085613,train/obs_085613/metadata.json,obs_006,LEARNABLE,0.01,"[128,192]",ARKitScenes:469216,train,True,1,ARKitScenes,
obs_038550,validation,train,ARKitScenes,42444770_3dod_mesh,train/obs_038550,train/obs_038550/metadata.json,obs_015,EASY,0.01,"[128,192]",ARKitScenes:421249,train,True,0,ARKitScenes,
obs_050002,train,train,ARKitScenes,42444769_3dod_mesh,train/obs_050002,train/obs_050002/metadata.json,obs_020,LEARNABLE,0.01,"[128,192]",ARKitScenes:421249,train,True,1,ARKitScenes,
obs_038668,test,train,ARKitScenes,47895319_3dod_mesh,train/obs_038668,train/obs_038668/metadata.json,obs_006,LEARNABLE,0.01,"[128,192]",ARKitScenes:472336,train,True,0,ARKitScenes,
obs_081488,test,train,ARKitScenes,47895319_3dod_mesh,train/obs_081488,train/obs_081488/metadata.json,obs_004,LEARNABLE,0.01,"[128,192]",ARKitScenes:472336,train,True,1,ARKitScenes,
obs_048596,validation,train,ARKitScenes,41125272_3dod_mesh,train/obs_048596,train/obs_048596/metadata.json,obs_023,LEARNABLE,0.01,"[128,192]",ARKitScenes:382108,train,True,0,ARKitScenes,
obs_098564,train,train,ARKitScenes,41125285_3dod_mesh,train/obs_098564,train/obs_098564/metadata.json,obs_006,LEARNABLE,0.01,"[128,192]",ARKitScenes:382108,train,True,1,ARKitScenes,
obs_039406,train,train,ARKitScenes,47334360_3dod_mesh,train/obs_039406,train/obs_039406/metadata.json,obs_012,LEARNABLE,0.01,"[128,192]",ARKitScenes:468141,train,True,0,ARKitScenes,
obs_046599,train,train,ARKitScenes,47334361_3dod_mesh,train/obs_046599,train/obs_046599/metadata.json,obs_015,LEARNABLE,0.01,"[128,192]",ARKitScenes:468141,train,True,1,ARKitScenes,
obs_042177,train,train,ARKitScenes,47334096_3dod_mesh,train/obs_042177,train/obs_042177/metadata.json,obs_020,LEARNABLE,0.01,"[128,192]",ARKitScenes:469786,train,False,0,ARKitScenes,parent_pilot_development
obs_084167,test,train,ARKitScenes,47334093_3dod_mesh,train/obs_084167,train/obs_084167/metadata.json,obs_022,LEARNABLE,0.01,"[128,192]",ARKitScenes:469786,train,False,1,ARKitScenes,parent_pilot_development
obs_041655,train,train,ARKitScenes,47333924_3dod_mesh,train/obs_041655,train/obs_041655/metadata.json,obs_018,LEARNABLE,0.01,"[128,192]",ARKitScenes:467306,train,True,0,ARKitScenes,
obs_059194,train,train,ARKitScenes,47333925_3dod_mesh,train/obs_059194,train/obs_059194/metadata.json,obs_017,LEARNABLE,0.01,"[128,192]",ARKitScenes:467306,train,True,1,ARKitScenes,
obs_084662,train,train,ARKitScenes,47115260_3dod_mesh,train/obs_084662,train/obs_084662/metadata.json,obs_002,LEARNABLE,0.01,"[128,192]",ARKitScenes:469818,train,True,0,ARKitScenes,
obs_069598,train,train,ARKitScenes,47115260_3dod_mesh,train/obs_069598,train/obs_069598/metadata.json,obs_021,EASY,0.01,"[128,192]",ARKitScenes:469818,train,True,1,ARKitScenes,
obs_067449,train,train,ARKitScenes,44358584_3dod_mesh,train/obs_067449,train/obs_067449/metadata.json,obs_016,LEARNABLE,0.01,"[128,192]",ARKitScenes:460410,train,True,0,ARKitScenes,
obs_086401,train,train,ARKitScenes,44358583_3dod_mesh,train/obs_086401,train/obs_086401/metadata.json,obs_004,EASY,0.01,"[128,192]",ARKitScenes:460410,train,True,1,ARKitScenes,
obs_081394,train,train,ARKitScenes,47331292_3dod_mesh,train/obs_081394,train/obs_081394/metadata.json,obs_016,LEARNABLE,0.01,"[128,192]",ARKitScenes:468275,train,True,0,ARKitScenes,
obs_043443,train,train,ARKitScenes,47331294_3dod_mesh,train/obs_043443,train/obs_043443/metadata.json,obs_003,EASY,0.01,"[128,192]",ARKitScenes:468275,train,True,1,ARKitScenes,
obs_086766,train,train,ARKitScenes,47331311_3dod_mesh,train/obs_086766,train/obs_086766/metadata.json,obs_020,EASY,0.01,"[128,192]",ARKitScenes:468301,train,False,0,ARKitScenes,
obs_064752,train,train,ARKitScenes,47331314_3dod_mesh,train/obs_064752,train/obs_064752/metadata.json,obs_020,EASY,0.01,"[128,192]",ARKitScenes:468301,train,False,1,ARKitScenes,
obs_076590,train,train,ARKitScenes,48018960_3dod_mesh,train/obs_076590,train/obs_076590/metadata.json,obs_015,LEARNABLE,0.01,"[128,192]",ARKitScenes:483964,train,True,0,ARKitScenes,
obs_081309,train,train,ARKitScenes,48018957_3dod_mesh,train/obs_081309,train/obs_081309/metadata.json,obs_009,LEARNABLE,0.01,"[128,192]",ARKitScenes:483964,train,True,1,ARKitScenes,
obs_031153,train,train,ARKitScenes,42898248_3dod_mesh,train/obs_031153,train/obs_031153/metadata.json,obs_023,LEARNABLE,0.01,"[128,192]",ARKitScenes:423974,train,False,0,ARKitScenes,
obs_039928,train,train,ARKitScenes,42898247_3dod_mesh,train/obs_039928,train/obs_039928/metadata.json,obs_002,LEARNABLE,0.01,"[128,192]",ARKitScenes:423974,train,False,1,ARKitScenes,
obs_090587,train,train,ARKitScenes,41126897_3dod_mesh,train/obs_090587,train/obs_090587/metadata.json,obs_011,LEARNABLE,0.01,"[128,192]",ARKitScenes:382843,train,True,0,ARKitScenes,
obs_058259,test,train,ARKitScenes,41126903_3dod_mesh,train/obs_058259,train/obs_058259/metadata.json,obs_021,LEARNABLE,0.01,"[128,192]",ARKitScenes:382843,train,True,1,ARKitScenes,
obs_045229,train,train,ARKitScenes,41126500_3dod_mesh,train/obs_045229,train/obs_045229/metadata.json,obs_013,LEARNABLE,0.01,"[128,192]",ARKitScenes:382982,train,False,0,ARKitScenes,
obs_041618,train,train,ARKitScenes,41126498_3dod_mesh,train/obs_041618,train/obs_041618/metadata.json,obs_012,LEARNABLE,0.01,"[128,192]",ARKitScenes:382982,train,False,1,ARKitScenes,
obs_087084,validation,train,ARKitScenes,48458639_3dod_mesh,train/obs_087084,train/obs_087084/metadata.json,obs_022,LEARNABLE,0.01,"[128,192]",ARKitScenes:484452,train,True,0,ARKitScenes,old_train_or_checkpoint_validation
obs_045721,validation,train,ARKitScenes,48458639_3dod_mesh,train/obs_045721,train/obs_045721/metadata.json,obs_019,LEARNABLE,0.01,"[128,192]",ARKitScenes:484452,train,True,1,ARKitScenes,old_train_or_checkpoint_validation
obs_037404,validation,train,ARKitScenes,47204407_3dod_mesh,train/obs_037404,train/obs_037404/metadata.json,obs_001,LEARNABLE,0.01,"[128,192]",ARKitScenes:471307,train,True,0,ARKitScenes,
obs_063207,validation,train,ARKitScenes,47204407_3dod_mesh,train/obs_063207,train/obs_063207/metadata.json,obs_004,LEARNABLE,0.01,"[128,192]",ARKitScenes:471307,train,True,1,ARKitScenes,
obs_035616,train,train,ARKitScenes,47670150_3dod_mesh,train/obs_035616,train/obs_035616/metadata.json,obs_013,LEARNABLE,0.01,"[128,192]",ARKitScenes:482293,train,False,0,ARKitScenes,
obs_046183,train,train,ARKitScenes,47670150_3dod_mesh,train/obs_046183,train/obs_046183/metadata.json,obs_012,LEARNABLE,0.01,"[128,192]",ARKitScenes:482293,train,False,1,ARKitScenes,
obs_042069,train,train,ARKitScenes,47331762_3dod_mesh,train/obs_042069,train/obs_042069/metadata.json,obs_006,LEARNABLE,0.01,"[128,192]",ARKitScenes:466834,train,True,0,ARKitScenes,
obs_091716,train,train,ARKitScenes,47331762_3dod_mesh,train/obs_091716,train/obs_091716/metadata.json,obs_005,LEARNABLE,0.01,"[128,192]",ARKitScenes:466834,train,True,1,ARKitScenes,
obs_036815,train,train,ARKitScenes,48458657_3dod_mesh,train/obs_036815,train/obs_036815/metadata.json,obs_011,LEARNABLE,0.01,"[128,192]",ARKitScenes:484540,train,True,0,ARKitScenes,
obs_070017,validation,train,ARKitScenes,48458654_3dod_mesh,train/obs_070017,train/obs_070017/metadata.json,obs_004,LEARNABLE,0.01,"[128,192]",ARKitScenes:484540,train,True,1,ARKitScenes,
obs_100549,train,train,ARKitScenes,48018632_3dod_mesh,train/obs_100549,train/obs_100549/metadata.json,obs_019,LEARNABLE,0.01,"[128,192]",ARKitScenes:483591,train,True,0,ARKitScenes,
obs_069751,train,train,ARKitScenes,48018632_3dod_mesh,train/obs_069751,train/obs_069751/metadata.json,obs_018,LEARNABLE,0.01,"[128,192]",ARKitScenes:483591,train,True,1,ARKitScenes,
obs_056922,validation,train,ARKitScenes,42897818_3dod_mesh,train/obs_056922,train/obs_056922/metadata.json,obs_005,LEARNABLE,0.01,"[128,192]",ARKitScenes:423738,train,True,0,ARKitScenes,
obs_079192,train,train,ARKitScenes,42897815_3dod_mesh,train/obs_079192,train/obs_079192/metadata.json,obs_016,LEARNABLE,0.01,"[128,192]",ARKitScenes:423738,train,True,1,ARKitScenes,
obs_029082,validation,train,ARKitScenes,48018643_3dod_mesh,train/obs_029082,train/obs_029082/metadata.json,obs_019,LEARNABLE,0.01,"[128,192]",ARKitScenes:483589,train,True,0,ARKitScenes,old_train_or_checkpoint_validation
obs_030733,train,train,ARKitScenes,48018641_3dod_mesh,train/obs_030733,train/obs_030733/metadata.json,obs_002,EASY,0.01,"[128,192]",ARKitScenes:483589,train,True,1,ARKitScenes,old_train_or_checkpoint_validation
obs_068651,train,train,ARKitScenes,48018296_3dod_mesh,train/obs_068651,train/obs_068651/metadata.json,obs_018,LEARNABLE,0.01,"[128,192]",ARKitScenes:483088,train,True,0,ARKitScenes,
obs_064149,train,train,ARKitScenes,48018296_3dod_mesh,train/obs_064149,train/obs_064149/metadata.json,obs_004,LEARNABLE,0.01,"[128,192]",ARKitScenes:483088,train,True,1,ARKitScenes,
obs_033828,train,train,ARKitScenes,42899440_3dod_mesh,train/obs_033828,train/obs_033828/metadata.json,obs_019,LEARNABLE,0.01,"[128,192]",ARKitScenes:434869,train,True,0,ARKitScenes,
obs_056012,train,train,ARKitScenes,42899440_3dod_mesh,train/obs_056012,train/obs_056012/metadata.json,obs_007,LEARNABLE,0.01,"[128,192]",ARKitScenes:434869,train,True,1,ARKitScenes,
obs_080989,train,train,ARKitScenes,47333940_3dod_mesh,train/obs_080989,train/obs_080989/metadata.json,obs_023,LEARNABLE,0.01,"[128,192]",ARKitScenes:467301,train,True,0,ARKitScenes,
obs_073932,train,train,ARKitScenes,47333937_3dod_mesh,train/obs_073932,train/obs_073932/metadata.json,obs_002,LEARNABLE,0.01,"[128,192]",ARKitScenes:467301,train,True,1,ARKitScenes,
obs_089071,train,train,ARKitScenes,44796326_3dod_mesh,train/obs_089071,train/obs_089071/metadata.json,obs_012,LEARNABLE,0.01,"[128,192]",ARKitScenes:464789,train,False,0,ARKitScenes,
obs_055513,train,train,ARKitScenes,44796326_3dod_mesh,train/obs_055513,train/obs_055513/metadata.json,obs_020,LEARNABLE,0.01,"[128,192]",ARKitScenes:464789,train,False,1,ARKitScenes,
obs_040840,train,train,ARKitScenes,43896432_3dod_mesh,train/obs_040840,train/obs_040840/metadata.json,obs_004,LEARNABLE,0.01,"[128,192]",ARKitScenes:438367,train,True,0,ARKitScenes,
obs_033365,train,train,ARKitScenes,43896432_3dod_mesh,train/obs_033365,train/obs_033365/metadata.json,obs_001,LEARNABLE,0.01,"[128,192]",ARKitScenes:438367,train,True,1,ARKitScenes,
obs_068382,validation,train,ARKitScenes,47331645_3dod_mesh,train/obs_068382,train/obs_068382/metadata.json,obs_013,LEARNABLE,0.01,"[128,192]",ARKitScenes:466858,train,False,0,ARKitScenes,
obs_084669,train,train,ARKitScenes,47331646_3dod_mesh,train/obs_084669,train/obs_084669/metadata.json,obs_018,LEARNABLE,0.01,"[128,192]",ARKitScenes:466858,train,False,1,ARKitScenes,
obs_079349,train,train,ARKitScenes,41125932_3dod_mesh,train/obs_079349,train/obs_079349/metadata.json,obs_007,LEARNABLE,0.01,"[128,192]",ARKitScenes:382706,train,True,0,ARKitScenes,
obs_061809,train,train,ARKitScenes,41125923_3dod_mesh,train/obs_061809,train/obs_061809/metadata.json,obs_016,LEARNABLE,0.01,"[128,192]",ARKitScenes:382706,train,True,1,ARKitScenes,
obs_064424,train,train,ARKitScenes,47331356_3dod_mesh,train/obs_064424,train/obs_064424/metadata.json,obs_007,LEARNABLE,0.01,"[128,192]",ARKitScenes:470546,train,True,0,ARKitScenes,
obs_065928,validation,train,ARKitScenes,47331358_3dod_mesh,train/obs_065928,train/obs_065928/metadata.json,obs_003,LEARNABLE,0.01,"[128,192]",ARKitScenes:470546,train,True,1,ARKitScenes,
obs_072851,train,train,ARKitScenes,48018063_3dod_mesh,train/obs_072851,train/obs_072851/metadata.json,obs_015,LEARNABLE,0.01,"[128,192]",ARKitScenes:482862,train,True,0,ARKitScenes,
obs_058760,train,train,ARKitScenes,48018065_3dod_mesh,train/obs_058760,train/obs_058760/metadata.json,obs_015,LEARNABLE,0.01,"[128,192]",ARKitScenes:482862,train,True,1,ARKitScenes,
obs_086495,train,train,ARKitScenes,47334871_3dod_mesh,train/obs_086495,train/obs_086495/metadata.json,obs_007,LEARNABLE,0.01,"[128,192]",ARKitScenes:481788,train,True,0,ARKitScenes,
obs_079968,train,train,ARKitScenes,47334868_3dod_mesh,train/obs_079968,train/obs_079968/metadata.json,obs_001,LEARNABLE,0.01,"[128,192]",ARKitScenes:481788,train,True,1,ARKitScenes,
obs_037966,validation,train,ARKitScenes,47333623_3dod_mesh,train/obs_037966,train/obs_037966/metadata.json,obs_004,LEARNABLE,0.01,"[128,192]",ARKitScenes:469642,train,True,0,ARKitScenes,
obs_029860,train,train,ARKitScenes,47333624_3dod_mesh,train/obs_029860,train/obs_029860/metadata.json,obs_000,LEARNABLE,0.01,"[128,192]",ARKitScenes:469642,train,True,1,ARKitScenes,
obs_037093,train,train,ARKitScenes,44796450_3dod_mesh,train/obs_037093,train/obs_037093/metadata.json,obs_022,LEARNABLE,0.01,"[128,192]",ARKitScenes:464977,train,True,0,ARKitScenes,
obs_039560,train,train,ARKitScenes,44796455_3dod_mesh,train/obs_039560,train/obs_039560/metadata.json,obs_017,LEARNABLE,0.01,"[128,192]",ARKitScenes:464977,train,True,1,ARKitScenes,
obs_031507,train,train,ARKitScenes,45260999_3dod_mesh,train/obs_031507,train/obs_031507/metadata.json,obs_009,EASY,0.01,"[128,192]",ARKitScenes:466539,train,False,0,ARKitScenes,
obs_070423,train,train,ARKitScenes,45260999_3dod_mesh,train/obs_070423,train/obs_070423/metadata.json,obs_016,LEARNABLE,0.01,"[128,192]",ARKitScenes:466539,train,False,1,ARKitScenes,
obs_050475,train,train,ARKitScenes,48018210_3dod_mesh,train/obs_050475,train/obs_050475/metadata.json,obs_012,LEARNABLE,0.01,"[128,192]",ARKitScenes:483098,train,True,0,ARKitScenes,
obs_064088,train,train,ARKitScenes,48018213_3dod_mesh,train/obs_064088,train/obs_064088/metadata.json,obs_004,LEARNABLE,0.01,"[128,192]",ARKitScenes:483098,train,True,1,ARKitScenes,
obs_079403,test,train,ARKitScenes,47115201_3dod_mesh,train/obs_079403,train/obs_079403/metadata.json,obs_001,EASY,0.01,"[128,192]",ARKitScenes:469822,train,True,0,ARKitScenes,
obs_092966,validation,train,ARKitScenes,47115199_3dod_mesh,train/obs_092966,train/obs_092966/metadata.json,obs_016,LEARNABLE,0.01,"[128,192]",ARKitScenes:469822,train,True,1,ARKitScenes,
obs_055189,train,train,ARKitScenes,45662874_3dod_mesh,train/obs_055189,train/obs_055189/metadata.json,obs_005,LEARNABLE,0.01,"[128,192]",ARKitScenes:468496,train,False,0,ARKitScenes,
obs_034776,train,train,ARKitScenes,45662874_3dod_mesh,train/obs_034776,train/obs_034776/metadata.json,obs_015,LEARNABLE,0.01,"[128,192]",ARKitScenes:468496,train,False,1,ARKitScenes,
obs_072761,train,train,ARKitScenes,42898560_3dod_mesh,train/obs_072761,train/obs_072761/metadata.json,obs_006,LEARNABLE,0.01,"[128,192]",ARKitScenes:434700,train,True,0,ARKitScenes,
obs_070835,train,train,ARKitScenes,42898577_3dod_mesh,train/obs_070835,train/obs_070835/metadata.json,obs_012,LEARNABLE,0.01,"[128,192]",ARKitScenes:434700,train,True,1,ARKitScenes,
obs_076320,train,train,ARKitScenes,45261651_3dod_mesh,train/obs_076320,train/obs_076320/metadata.json,obs_018,LEARNABLE,0.01,"[128,192]",ARKitScenes:468393,train,False,0,ARKitScenes,
obs_041264,train,train,ARKitScenes,45261653_3dod_mesh,train/obs_041264,train/obs_041264/metadata.json,obs_009,LEARNABLE,0.01,"[128,192]",ARKitScenes:468393,train,False,1,ARKitScenes,
obs_052497,train,train,ARKitScenes,47895301_3dod_mesh,train/obs_052497,train/obs_052497/metadata.json,obs_016,EASY,0.01,"[128,192]",ARKitScenes:472347,train,True,0,ARKitScenes,
obs_100458,train,train,ARKitScenes,47895301_3dod_mesh,train/obs_100458,train/obs_100458/metadata.json,obs_009,LEARNABLE,0.01,"[128,192]",ARKitScenes:472347,train,True,1,ARKitScenes,
obs_052438,train,train,ARKitScenes,44796349_3dod_mesh,train/obs_052438,train/obs_052438/metadata.json,obs_003,LEARNABLE,0.01,"[128,192]",ARKitScenes:464947,train,False,0,ARKitScenes,
obs_083938,train,train,ARKitScenes,44796349_3dod_mesh,train/obs_083938,train/obs_083938/metadata.json,obs_015,LEARNABLE,0.01,"[128,192]",ARKitScenes:464947,train,False,1,ARKitScenes,
obs_094803,train,train,ARKitScenes,47115240_3dod_mesh,train/obs_094803,train/obs_094803/metadata.json,obs_005,LEARNABLE,0.01,"[128,192]",ARKitScenes:470052,train,True,0,ARKitScenes,
obs_065398,train,train,ARKitScenes,47115240_3dod_mesh,train/obs_065398,train/obs_065398/metadata.json,obs_014,LEARNABLE,0.01,"[128,192]",ARKitScenes:470052,train,True,1,ARKitScenes,
obs_076920,train,train,ARKitScenes,43896412_3dod_mesh,train/obs_076920,train/obs_076920/metadata.json,obs_020,LEARNABLE,0.01,"[128,192]",ARKitScenes:438370,train,True,0,ARKitScenes,
obs_054360,train,train,ARKitScenes,43896412_3dod_mesh,train/obs_054360,train/obs_054360/metadata.json,obs_000,LEARNABLE,0.01,"[128,192]",ARKitScenes:438370,train,True,1,ARKitScenes,
obs_039171,train,train,ARKitScenes,48018760_3dod_mesh,train/obs_039171,train/obs_039171/metadata.json,obs_017,EASY,0.01,"[128,192]",ARKitScenes:484003,train,False,0,ARKitScenes,
obs_038755,train,train,ARKitScenes,48018760_3dod_mesh,train/obs_038755,train/obs_038755/metadata.json,obs_000,LEARNABLE,0.01,"[128,192]",ARKitScenes:484003,train,False,1,ARKitScenes,
obs_069551,train,train,ARKitScenes,44358645_3dod_mesh,train/obs_069551,train/obs_069551/metadata.json,obs_018,LEARNABLE,0.01,"[128,192]",ARKitScenes:464761,train,True,0,ARKitScenes,old_train_or_checkpoint_validation
obs_044851,train,train,ARKitScenes,44358634_3dod_mesh,train/obs_044851,train/obs_044851/metadata.json,obs_022,LEARNABLE,0.01,"[128,192]",ARKitScenes:464761,train,True,1,ARKitScenes,old_train_or_checkpoint_validation
obs_070735,validation,train,ARKitScenes,47895932_3dod_mesh,train/obs_070735,train/obs_070735/metadata.json,obs_022,EASY,0.01,"[128,192]",ARKitScenes:482626,train,True,0,ARKitScenes,old_train_or_checkpoint_validation
obs_064568,train,train,ARKitScenes,47895931_3dod_mesh,train/obs_064568,train/obs_064568/metadata.json,obs_001,LEARNABLE,0.01,"[128,192]",ARKitScenes:482626,train,True,1,ARKitScenes,old_train_or_checkpoint_validation
obs_068403,train,train,ARKitScenes,42899118_3dod_mesh,train/obs_068403,train/obs_068403/metadata.json,obs_015,LEARNABLE,0.01,"[128,192]",ARKitScenes:434964,train,True,0,ARKitScenes,
obs_058881,train,train,ARKitScenes,42899119_3dod_mesh,train/obs_058881,train/obs_058881/metadata.json,obs_004,EASY,0.01,"[128,192]",ARKitScenes:434964,train,True,1,ARKitScenes,
obs_091609,validation,train,ARKitScenes,41069140_3dod_mesh,train/obs_091609,train/obs_091609/metadata.json,obs_015,LEARNABLE,0.01,"[128,192]",ARKitScenes:381734,train,True,0,ARKitScenes,
obs_037762,validation,train,ARKitScenes,41069132_3dod_mesh,train/obs_037762,train/obs_037762/metadata.json,obs_017,LEARNABLE,0.01,"[128,192]",ARKitScenes:381734,train,True,1,ARKitScenes,
obs_079343,train,train,ARKitScenes,47204888_3dod_mesh,train/obs_079343,train/obs_079343/metadata.json,obs_007,LEARNABLE,0.01,"[128,192]",ARKitScenes:472595,train,True,0,ARKitScenes,
obs_060941,train,train,ARKitScenes,47204892_3dod_mesh,train/obs_060941,train/obs_060941/metadata.json,obs_009,LEARNABLE,0.01,"[128,192]",ARKitScenes:472595,train,True,1,ARKitScenes,
obs_061220,train,train,ARKitScenes,47331819_3dod_mesh,train/obs_061220,train/obs_061220/metadata.json,obs_018,LEARNABLE,0.01,"[128,192]",ARKitScenes:470866,train,False,0,ARKitScenes,
obs_052581,test,train,ARKitScenes,47331813_3dod_mesh,train/obs_052581,train/obs_052581/metadata.json,obs_003,EASY,0.01,"[128,192]",ARKitScenes:470866,train,False,1,ARKitScenes,
obs_084185,train,train,ARKitScenes,47332932_3dod_mesh,train/obs_084185,train/obs_084185/metadata.json,obs_015,LEARNABLE,0.01,"[128,192]",ARKitScenes:469219,train,False,0,ARKitScenes,
obs_041920,train,train,ARKitScenes,47332929_3dod_mesh,train/obs_041920,train/obs_041920/metadata.json,obs_006,EASY,0.01,"[128,192]",ARKitScenes:469219,train,False,1,ARKitScenes,
obs_088152,train,train,ARKitScenes,41126603_3dod_mesh,train/obs_088152,train/obs_088152/metadata.json,obs_017,EASY,0.01,"[128,192]",ARKitScenes:382964,train,True,0,ARKitScenes,
obs_036012,train,train,ARKitScenes,41126598_3dod_mesh,train/obs_036012,train/obs_036012/metadata.json,obs_002,EASY,0.01,"[128,192]",ARKitScenes:382964,train,True,1,ARKitScenes,
obs_070031,train,train,ARKitScenes,47332323_3dod_mesh,train/obs_070031,train/obs_070031/metadata.json,obs_016,LEARNABLE,0.01,"[128,192]",ARKitScenes:472082,train,False,0,ARKitScenes,
obs_084228,train,train,ARKitScenes,47332326_3dod_mesh,train/obs_084228,train/obs_084228/metadata.json,obs_017,EASY,0.01,"[128,192]",ARKitScenes:472082,train,False,1,ARKitScenes,
obs_074614,train,train,ARKitScenes,47670109_3dod_mesh,train/obs_074614,train/obs_074614/metadata.json,obs_005,EASY,0.01,"[128,192]",ARKitScenes:482484,train,False,0,ARKitScenes,
obs_051054,train,train,ARKitScenes,47670105_3dod_mesh,train/obs_051054,train/obs_051054/metadata.json,obs_008,LEARNABLE,0.01,"[128,192]",ARKitScenes:482484,train,False,1,ARKitScenes,
obs_064464,test,train,ARKitScenes,48458452_3dod_mesh,train/obs_064464,train/obs_064464/metadata.json,obs_007,LEARNABLE,0.01,"[128,192]",ARKitScenes:484164,train,True,0,ARKitScenes,
obs_051978,test,train,ARKitScenes,48458452_3dod_mesh,train/obs_051978,train/obs_051978/metadata.json,obs_019,LEARNABLE,0.01,"[128,192]",ARKitScenes:484164,train,True,1,ARKitScenes,
obs_096997,train,train,ARKitScenes,42446068_3dod_mesh,train/obs_096997,train/obs_096997/metadata.json,obs_005,LEARNABLE,0.01,"[128,192]",ARKitScenes:422521,train,True,0,ARKitScenes,
obs_056808,train,train,ARKitScenes,42446072_3dod_mesh,train/obs_056808,train/obs_056808/metadata.json,obs_019,LEARNABLE,0.01,"[128,192]",ARKitScenes:422521,train,True,1,ARKitScenes,
obs_095970,train,train,ARKitScenes,47332019_3dod_mesh,train/obs_095970,train/obs_095970/metadata.json,obs_003,LEARNABLE,0.01,"[128,192]",ARKitScenes:470876,train,True,0,ARKitScenes,
obs_097428,train,train,ARKitScenes,47332019_3dod_mesh,train/obs_097428,train/obs_097428/metadata.json,obs_017,LEARNABLE,0.01,"[128,192]",ARKitScenes:470876,train,True,1,ARKitScenes,
obs_053401,validation,train,ARKitScenes,41069042_3dod_mesh,train/obs_053401,train/obs_053401/metadata.json,obs_004,LEARNABLE,0.01,"[128,192]",ARKitScenes:381649,train,True,0,ARKitScenes,
obs_042780,train,train,ARKitScenes,41069046_3dod_mesh,train/obs_042780,train/obs_042780/metadata.json,obs_020,LEARNABLE,0.01,"[128,192]",ARKitScenes:381649,train,True,1,ARKitScenes,
obs_057541,train,train,ARKitScenes,47115362_3dod_mesh,train/obs_057541,train/obs_057541/metadata.json,obs_008,LEARNABLE,0.01,"[128,192]",ARKitScenes:470325,train,True,0,ARKitScenes,
obs_095808,train,train,ARKitScenes,47115362_3dod_mesh,train/obs_095808,train/obs_095808/metadata.json,obs_009,LEARNABLE,0.01,"[128,192]",ARKitScenes:470325,train,True,1,ARKitScenes,
obs_070830,train,train,ARKitScenes,44796212_3dod_mesh,train/obs_070830,train/obs_070830/metadata.json,obs_006,LEARNABLE,0.01,"[128,192]",ARKitScenes:464752,train,False,0,ARKitScenes,
obs_076577,train,train,ARKitScenes,44796208_3dod_mesh,train/obs_076577,train/obs_076577/metadata.json,obs_005,LEARNABLE,0.01,"[128,192]",ARKitScenes:464752,train,False,1,ARKitScenes,
obs_049419,test,train,ARKitScenes,47333134_3dod_mesh,train/obs_049419,train/obs_049419/metadata.json,obs_020,LEARNABLE,0.01,"[128,192]",ARKitScenes:469461,train,False,0,ARKitScenes,
obs_094134,test,train,ARKitScenes,47333134_3dod_mesh,train/obs_094134,train/obs_094134/metadata.json,obs_015,EASY,0.01,"[128,192]",ARKitScenes:469461,train,False,1,ARKitScenes,
obs_057710,train,train,ARKitScenes,41125611_3dod_mesh,train/obs_057710,train/obs_057710/metadata.json,obs_002,LEARNABLE,0.01,"[128,192]",ARKitScenes:382429,train,True,0,ARKitScenes,
obs_086637,train,train,ARKitScenes,41125611_3dod_mesh,train/obs_086637,train/obs_086637/metadata.json,obs_008,LEARNABLE,0.01,"[128,192]",ARKitScenes:382429,train,True,1,ARKitScenes,
obs_095343,train,train,ARKitScenes,42446522_3dod_mesh,train/obs_095343,train/obs_095343/metadata.json,obs_021,LEARNABLE,0.01,"[128,192]",ARKitScenes:422391,train,False,0,ARKitScenes,
obs_071832,train,train,ARKitScenes,42446517_3dod_mesh,train/obs_071832,train/obs_071832/metadata.json,obs_022,LEARNABLE,0.01,"[128,192]",ARKitScenes:422391,train,False,1,ARKitScenes,
obs_073482,train,train,ARKitScenes,48458506_3dod_mesh,train/obs_073482,train/obs_073482/metadata.json,obs_023,EASY,0.01,"[128,192]",ARKitScenes:483935,train,True,0,ARKitScenes,
obs_061046,train,train,ARKitScenes,48458503_3dod_mesh,train/obs_061046,train/obs_061046/metadata.json,obs_005,LEARNABLE,0.01,"[128,192]",ARKitScenes:483935,train,True,1,ARKitScenes,
obs_087847,test,train,ARKitScenes,41126979_3dod_mesh,train/obs_087847,train/obs_087847/metadata.json,obs_023,LEARNABLE,0.01,"[128,192]",ARKitScenes:383239,train,True,0,ARKitScenes,
obs_046647,train,train,ARKitScenes,41126980_3dod_mesh,train/obs_046647,train/obs_046647/metadata.json,obs_013,EASY,0.01,"[128,192]",ARKitScenes:383239,train,True,1,ARKitScenes,
obs_046026,train,train,ARKitScenes,47430048_3dod_mesh,train/obs_046026,train/obs_046026/metadata.json,obs_015,LEARNABLE,0.01,"[128,192]",ARKitScenes:470507,train,True,0,ARKitScenes,
obs_051168,train,train,ARKitScenes,47430048_3dod_mesh,train/obs_051168,train/obs_051168/metadata.json,obs_002,LEARNABLE,0.01,"[128,192]",ARKitScenes:470507,train,True,1,ARKitScenes,
obs_075778,validation,train,ARKitScenes,47895249_3dod_mesh,train/obs_075778,train/obs_075778/metadata.json,obs_011,LEARNABLE,0.01,"[128,192]",ARKitScenes:472050,train,True,0,ARKitScenes,
obs_046446,validation,train,ARKitScenes,47895249_3dod_mesh,train/obs_046446,train/obs_046446/metadata.json,obs_020,LEARNABLE,0.01,"[128,192]",ARKitScenes:472050,train,True,1,ARKitScenes,
obs_034259,train,train,ARKitScenes,41254579_3dod_mesh,train/obs_034259,train/obs_034259/metadata.json,obs_001,LEARNABLE,0.01,"[128,192]",ARKitScenes:383721,train,True,0,ARKitScenes,
obs_075641,train,train,ARKitScenes,41254579_3dod_mesh,train/obs_075641,train/obs_075641/metadata.json,obs_005,LEARNABLE,0.01,"[128,192]",ARKitScenes:383721,train,True,1,ARKitScenes,
obs_051901,train,train,ARKitScenes,42899432_3dod_mesh,train/obs_051901,train/obs_051901/metadata.json,obs_023,LEARNABLE,0.01,"[128,192]",ARKitScenes:434872,train,True,0,ARKitScenes,old_train_or_checkpoint_validation
obs_033553,validation,train,ARKitScenes,42899433_3dod_mesh,train/obs_033553,train/obs_033553/metadata.json,obs_011,LEARNABLE,0.01,"[128,192]",ARKitScenes:434872,train,True,1,ARKitScenes,old_train_or_checkpoint_validation
obs_029587,train,train,ARKitScenes,41159571_3dod_mesh,train/obs_029587,train/obs_029587/metadata.json,obs_005,LEARNABLE,0.01,"[128,192]",ARKitScenes:381872,train,False,0,ARKitScenes,
obs_051414,train,train,ARKitScenes,41159571_3dod_mesh,train/obs_051414,train/obs_051414/metadata.json,obs_011,EASY,0.01,"[128,192]",ARKitScenes:381872,train,False,1,ARKitScenes,
obs_067370,train,train,ARKitScenes,48458427_3dod_mesh,train/obs_067370,train/obs_067370/metadata.json,obs_009,LEARNABLE,0.01,"[128,192]",ARKitScenes:483951,train,True,0,ARKitScenes,
obs_090179,train,train,ARKitScenes,48458430_3dod_mesh,train/obs_090179,train/obs_090179/metadata.json,obs_000,LEARNABLE,0.01,"[128,192]",ARKitScenes:483951,train,True,1,ARKitScenes,
obs_079164,train,train,ARKitScenes,47334169_3dod_mesh,train/obs_079164,train/obs_079164/metadata.json,obs_000,LEARNABLE,0.01,"[128,192]",ARKitScenes:470130,train,True,0,ARKitScenes,
obs_099551,train,train,ARKitScenes,47334169_3dod_mesh,train/obs_099551,train/obs_099551/metadata.json,obs_016,LEARNABLE,0.01,"[128,192]",ARKitScenes:470130,train,True,1,ARKitScenes,
obs_074047,train,train,ARKitScenes,43649464_3dod_mesh,train/obs_074047,train/obs_074047/metadata.json,obs_008,LEARNABLE,0.01,"[128,192]",ARKitScenes:437134,train,True,0,ARKitScenes,
obs_052435,train,train,ARKitScenes,43649464_3dod_mesh,train/obs_052435,train/obs_052435/metadata.json,obs_018,LEARNABLE,0.01,"[128,192]",ARKitScenes:437134,train,True,1,ARKitScenes,
obs_029475,train,train,ARKitScenes,47333443_3dod_mesh,train/obs_029475,train/obs_029475/metadata.json,obs_000,EASY,0.01,"[128,192]",ARKitScenes:467176,train,False,0,ARKitScenes,
obs_079056,train,train,ARKitScenes,47333441_3dod_mesh,train/obs_079056,train/obs_079056/metadata.json,obs_004,EASY,0.01,"[128,192]",ARKitScenes:467176,train,False,1,ARKitScenes,
obs_089415,train,train,ARKitScenes,47331789_3dod_mesh,train/obs_089415,train/obs_089415/metadata.json,obs_005,LEARNABLE,0.01,"[128,192]",ARKitScenes:466827,train,False,0,ARKitScenes,
obs_036046,train,train,ARKitScenes,47331784_3dod_mesh,train/obs_036046,train/obs_036046/metadata.json,obs_018,LEARNABLE,0.01,"[128,192]",ARKitScenes:466827,train,False,1,ARKitScenes,
obs_027785,train,train,ARKitScenes,47430948_3dod_mesh,train/obs_027785,train/obs_027785/metadata.json,obs_012,LEARNABLE,0.01,"[128,192]",ARKitScenes:469821,train,True,0,ARKitScenes,
obs_084480,train,train,ARKitScenes,47430944_3dod_mesh,train/obs_084480,train/obs_084480/metadata.json,obs_010,LEARNABLE,0.01,"[128,192]",ARKitScenes:469821,train,True,1,ARKitScenes,
obs_097867,train,train,ARKitScenes,44796692_3dod_mesh,train/obs_097867,train/obs_097867/metadata.json,obs_021,LEARNABLE,0.01,"[128,192]",ARKitScenes:466235,train,False,0,ARKitScenes,
obs_100600,train,train,ARKitScenes,44796692_3dod_mesh,train/obs_100600,train/obs_100600/metadata.json,obs_018,LEARNABLE,0.01,"[128,192]",ARKitScenes:466235,train,False,1,ARKitScenes,
obs_072056,validation,train,ARKitScenes,42444514_3dod_mesh,train/obs_072056,train/obs_072056/metadata.json,obs_002,LEARNABLE,0.01,"[128,192]",ARKitScenes:421061,train,True,0,ARKitScenes,
obs_039730,test,train,ARKitScenes,42444517_3dod_mesh,train/obs_039730,train/obs_039730/metadata.json,obs_016,LEARNABLE,0.01,"[128,192]",ARKitScenes:421061,train,True,1,ARKitScenes,
obs_028505,train,train,ARKitScenes,45261619_3dod_mesh,train/obs_028505,train/obs_028505/metadata.json,obs_012,LEARNABLE,0.01,"[128,192]",ARKitScenes:467293,train,False,0,ARKitScenes,
obs_074275,train,train,ARKitScenes,45261620_3dod_mesh,train/obs_074275,train/obs_074275/metadata.json,obs_017,LEARNABLE,0.01,"[128,192]",ARKitScenes:467293,train,False,1,ARKitScenes,
obs_070504,train,train,ARKitScenes,41159579_3dod_mesh,train/obs_070504,train/obs_070504/metadata.json,obs_023,LEARNABLE,0.01,"[128,192]",ARKitScenes:382124,train,True,0,ARKitScenes,
obs_043569,train,train,ARKitScenes,41159586_3dod_mesh,train/obs_043569,train/obs_043569/metadata.json,obs_006,LEARNABLE,0.01,"[128,192]",ARKitScenes:382124,train,True,1,ARKitScenes,
obs_079281,train,train,ARKitScenes,47331010_3dod_mesh,train/obs_079281,train/obs_079281/metadata.json,obs_003,LEARNABLE,0.01,"[128,192]",ARKitScenes:470326,train,False,0,ARKitScenes,
obs_073787,train,train,ARKitScenes,47331006_3dod_mesh,train/obs_073787,train/obs_073787/metadata.json,obs_001,LEARNABLE,0.01,"[128,192]",ARKitScenes:470326,train,False,1,ARKitScenes,
obs_078048,train,train,ARKitScenes,43895895_3dod_mesh,train/obs_078048,train/obs_078048/metadata.json,obs_018,LEARNABLE,0.01,"[128,192]",ARKitScenes:437736,train,True,0,ARKitScenes,
obs_091085,train,train,ARKitScenes,43895892_3dod_mesh,train/obs_091085,train/obs_091085/metadata.json,obs_011,LEARNABLE,0.01,"[128,192]",ARKitScenes:437736,train,True,1,ARKitScenes,
obs_069948,validation,train,ARKitScenes,41127074_3dod_mesh,train/obs_069948,train/obs_069948/metadata.json,obs_018,LEARNABLE,0.01,"[128,192]",ARKitScenes:383236,train,True,0,ARKitScenes,
obs_072382,validation,train,ARKitScenes,41127074_3dod_mesh,train/obs_072382,train/obs_072382/metadata.json,obs_001,EASY,0.01,"[128,192]",ARKitScenes:383236,train,True,1,ARKitScenes,
obs_033116,train,train,ARKitScenes,41126396_3dod_mesh,train/obs_033116,train/obs_033116/metadata.json,obs_003,LEARNABLE,0.01,"[128,192]",ARKitScenes:382301,train,True,0,ARKitScenes,
obs_066089,train,train,ARKitScenes,41126394_3dod_mesh,train/obs_066089,train/obs_066089/metadata.json,obs_012,LEARNABLE,0.01,"[128,192]",ARKitScenes:382301,train,True,1,ARKitScenes,
obs_067427,train,train,ARKitScenes,48018771_3dod_mesh,train/obs_067427,train/obs_067427/metadata.json,obs_000,LEARNABLE,0.01,"[128,192]",ARKitScenes:483998,train,True,0,ARKitScenes,
obs_096643,train,train,ARKitScenes,48018772_3dod_mesh,train/obs_096643,train/obs_096643/metadata.json,obs_011,LEARNABLE,0.01,"[128,192]",ARKitScenes:483998,train,True,1,ARKitScenes,
obs_093989,train,train,ARKitScenes,42444716_3dod_mesh,train/obs_093989,train/obs_093989/metadata.json,obs_018,LEARNABLE,0.01,"[128,192]",ARKitScenes:421005,train,True,0,ARKitScenes,
obs_043019,train,train,ARKitScenes,42444716_3dod_mesh,train/obs_043019,train/obs_043019/metadata.json,obs_013,EASY,0.01,"[128,192]",ARKitScenes:421005,train,True,1,ARKitScenes,
obs_066609,train,train,ARKitScenes,47332792_3dod_mesh,train/obs_066609,train/obs_066609/metadata.json,obs_000,LEARNABLE,0.01,"[128,192]",ARKitScenes:469226,train,True,0,ARKitScenes,
obs_034002,train,train,ARKitScenes,47332792_3dod_mesh,train/obs_034002,train/obs_034002/metadata.json,obs_020,LEARNABLE,0.01,"[128,192]",ARKitScenes:469226,train,True,1,ARKitScenes,
obs_038210,train,train,ARKitScenes,42898977_3dod_mesh,train/obs_038210,train/obs_038210/metadata.json,obs_014,EASY,0.01,"[128,192]",ARKitScenes:434970,train,True,0,ARKitScenes,
obs_091955,validation,train,ARKitScenes,42898979_3dod_mesh,train/obs_091955,train/obs_091955/metadata.json,obs_010,EASY,0.01,"[128,192]",ARKitScenes:434970,train,True,1,ARKitScenes,
obs_048198,train,train,ARKitScenes,48018833_3dod_mesh,train/obs_048198,train/obs_048198/metadata.json,obs_001,LEARNABLE,0.01,"[128,192]",ARKitScenes:483984,train,True,0,ARKitScenes,
obs_068540,train,train,ARKitScenes,48018832_3dod_mesh,train/obs_068540,train/obs_068540/metadata.json,obs_003,EASY,0.01,"[128,192]",ARKitScenes:483984,train,True,1,ARKitScenes,
obs_079520,train,train,ARKitScenes,42899731_3dod_mesh,train/obs_079520,train/obs_079520/metadata.json,obs_005,LEARNABLE,0.01,"[128,192]",ARKitScenes:435733,train,False,0,ARKitScenes,parent_pilot_development
obs_068625,train,train,ARKitScenes,42899729_3dod_mesh,train/obs_068625,train/obs_068625/metadata.json,obs_015,LEARNABLE,0.01,"[128,192]",ARKitScenes:435733,train,False,1,ARKitScenes,parent_pilot_development
obs_030134,train,train,ARKitScenes,42899593_3dod_mesh,train/obs_030134,train/obs_030134/metadata.json,obs_001,EASY,0.01,"[128,192]",ARKitScenes:435732,train,True,0,ARKitScenes,
obs_062586,validation,train,ARKitScenes,42899596_3dod_mesh,train/obs_062586,train/obs_062586/metadata.json,obs_019,LEARNABLE,0.01,"[128,192]",ARKitScenes:435732,train,True,1,ARKitScenes,
obs_037095,train,train,ARKitScenes,47115634_3dod_mesh,train/obs_037095,train/obs_037095/metadata.json,obs_017,LEARNABLE,0.01,"[128,192]",ARKitScenes:470945,train,False,0,ARKitScenes,
obs_082626,train,train,ARKitScenes,47115624_3dod_mesh,train/obs_082626,train/obs_082626/metadata.json,obs_023,LEARNABLE,0.01,"[128,192]",ARKitScenes:470945,train,False,1,ARKitScenes,
obs_074645,train,train,ARKitScenes,45663340_3dod_mesh,train/obs_074645,train/obs_074645/metadata.json,obs_000,LEARNABLE,0.01,"[128,192]",ARKitScenes:469552,train,False,0,ARKitScenes,
obs_051568,train,train,ARKitScenes,45663342_3dod_mesh,train/obs_051568,train/obs_051568/metadata.json,obs_015,EASY,0.01,"[128,192]",ARKitScenes:469552,train,False,1,ARKitScenes,
obs_045583,train,train,ARKitScenes,42899067_3dod_mesh,train/obs_045583,train/obs_045583/metadata.json,obs_008,EASY,0.01,"[128,192]",ARKitScenes:434975,train,True,0,ARKitScenes,
obs_050820,train,train,ARKitScenes,42899067_3dod_mesh,train/obs_050820,train/obs_050820/metadata.json,obs_000,LEARNABLE,0.01,"[128,192]",ARKitScenes:434975,train,True,1,ARKitScenes,
obs_052402,train,train,ARKitScenes,47430924_3dod_mesh,train/obs_052402,train/obs_052402/metadata.json,obs_005,LEARNABLE,0.01,"[128,192]",ARKitScenes:469831,train,True,0,ARKitScenes,
obs_088501,train,train,ARKitScenes,47430924_3dod_mesh,train/obs_088501,train/obs_088501/metadata.json,obs_023,LEARNABLE,0.01,"[128,192]",ARKitScenes:469831,train,True,1,ARKitScenes,
obs_080188,train,train,ARKitScenes,42899324_3dod_mesh,train/obs_080188,train/obs_080188/metadata.json,obs_020,LEARNABLE,0.01,"[128,192]",ARKitScenes:434878,train,True,0,ARKitScenes,
obs_070054,train,train,ARKitScenes,42899324_3dod_mesh,train/obs_070054,train/obs_070054/metadata.json,obs_023,LEARNABLE,0.01,"[128,192]",ARKitScenes:434878,train,True,1,ARKitScenes,
obs_068211,test,train,ARKitScenes,42446558_3dod_mesh,train/obs_068211,train/obs_068211/metadata.json,obs_005,LEARNABLE,0.01,"[128,192]",ARKitScenes:422399,train,True,0,ARKitScenes,
obs_061737,train,train,ARKitScenes,42446574_3dod_mesh,train/obs_061737,train/obs_061737/metadata.json,obs_018,EASY,0.01,"[128,192]",ARKitScenes:422399,train,True,1,ARKitScenes,
obs_043303,test,train,ARKitScenes,44796374_3dod_mesh,train/obs_043303,train/obs_043303/metadata.json,obs_009,LEARNABLE,0.01,"[128,192]",ARKitScenes:464792,train,True,0,ARKitScenes,
obs_088752,train,train,ARKitScenes,44796379_3dod_mesh,train/obs_088752,train/obs_088752/metadata.json,obs_011,LEARNABLE,0.01,"[128,192]",ARKitScenes:464792,train,True,1,ARKitScenes,
obs_096302,validation,train,ARKitScenes,47895782_3dod_mesh,train/obs_096302,train/obs_096302/metadata.json,obs_003,LEARNABLE,0.01,"[128,192]",ARKitScenes:482296,train,False,0,ARKitScenes,
obs_035779,test,train,ARKitScenes,47895779_3dod_mesh,train/obs_035779,train/obs_035779/metadata.json,obs_006,LEARNABLE,0.01,"[128,192]",ARKitScenes:482296,train,False,1,ARKitScenes,
obs_051889,train,train,ARKitScenes,47333323_3dod_mesh,train/obs_051889,train/obs_051889/metadata.json,obs_003,LEARNABLE,0.01,"[128,192]",ARKitScenes:467109,train,True,0,ARKitScenes,
obs_098631,train,train,ARKitScenes,47333323_3dod_mesh,train/obs_098631,train/obs_098631/metadata.json,obs_014,LEARNABLE,0.01,"[128,192]",ARKitScenes:467109,train,True,1,ARKitScenes,
obs_085536,train,train,ARKitScenes,42444490_3dod_mesh,train/obs_085536,train/obs_085536/metadata.json,obs_022,EASY,0.01,"[128,192]",ARKitScenes:421069,train,False,0,ARKitScenes,
obs_046814,train,train,ARKitScenes,42444474_3dod_mesh,train/obs_046814,train/obs_046814/metadata.json,obs_018,LEARNABLE,0.01,"[128,192]",ARKitScenes:421069,train,False,1,ARKitScenes,
obs_034262,train,train,ARKitScenes,42897439_3dod_mesh,train/obs_034262,train/obs_034262/metadata.json,obs_001,LEARNABLE,0.01,"[128,192]",ARKitScenes:423438,train,True,0,ARKitScenes,
obs_072024,train,train,ARKitScenes,42897436_3dod_mesh,train/obs_072024,train/obs_072024/metadata.json,obs_011,LEARNABLE,0.01,"[128,192]",ARKitScenes:423438,train,True,1,ARKitScenes,
obs_026364,train,train,ARKitScenes,45663401_3dod_mesh,train/obs_026364,train/obs_026364/metadata.json,obs_021,LEARNABLE,0.01,"[128,192]",ARKitScenes:469560,train,False,0,ARKitScenes,
obs_065120,train,train,ARKitScenes,45663397_3dod_mesh,train/obs_065120,train/obs_065120/metadata.json,obs_005,LEARNABLE,0.01,"[128,192]",ARKitScenes:469560,train,False,1,ARKitScenes,
obs_098093,train,train,ARKitScenes,45261080_3dod_mesh,train/obs_098093,train/obs_098093/metadata.json,obs_005,LEARNABLE,0.01,"[128,192]",ARKitScenes:466656,train,False,0,ARKitScenes,
obs_095519,train,train,ARKitScenes,45261087_3dod_mesh,train/obs_095519,train/obs_095519/metadata.json,obs_001,LEARNABLE,0.01,"[128,192]",ARKitScenes:466656,train,False,1,ARKitScenes,
obs_095483,train,train,ARKitScenes,47670201_3dod_mesh,train/obs_095483,train/obs_095483/metadata.json,obs_009,LEARNABLE,0.01,"[128,192]",ARKitScenes:482761,train,True,0,ARKitScenes,
obs_097722,train,train,ARKitScenes,47670195_3dod_mesh,train/obs_097722,train/obs_097722/metadata.json,obs_018,LEARNABLE,0.01,"[128,192]",ARKitScenes:482761,train,True,1,ARKitScenes,
obs_047197,train,train,ARKitScenes,41159862_3dod_mesh,train/obs_047197,train/obs_047197/metadata.json,obs_017,LEARNABLE,0.01,"[128,192]",ARKitScenes:382622,train,True,0,ARKitScenes,
obs_068230,train,train,ARKitScenes,41159862_3dod_mesh,train/obs_068230,train/obs_068230/metadata.json,obs_022,LEARNABLE,0.01,"[128,192]",ARKitScenes:382622,train,True,1,ARKitScenes,
obs_028698,train,train,ARKitScenes,41159886_3dod_mesh,train/obs_028698,train/obs_028698/metadata.json,obs_021,LEARNABLE,0.01,"[128,192]",ARKitScenes:382952,train,True,0,ARKitScenes,
obs_045202,train,train,ARKitScenes,41159887_3dod_mesh,train/obs_045202,train/obs_045202/metadata.json,obs_020,EASY,0.01,"[128,192]",ARKitScenes:382952,train,True,1,ARKitScenes,
obs_073353,train,train,ARKitScenes,42899611_3dod_mesh,train/obs_073353,train/obs_073353/metadata.json,obs_013,LEARNABLE,0.01,"[128,192]",ARKitScenes:435374,train,True,0,ARKitScenes,
obs_047470,train,train,ARKitScenes,42899612_3dod_mesh,train/obs_047470,train/obs_047470/metadata.json,obs_023,LEARNABLE,0.01,"[128,192]",ARKitScenes:435374,train,True,1,ARKitScenes,
obs_068470,train,train,ARKitScenes,42898189_3dod_mesh,train/obs_068470,train/obs_068470/metadata.json,obs_021,LEARNABLE,0.01,"[128,192]",ARKitScenes:426247,train,False,0,ARKitScenes,
obs_084103,validation,train,ARKitScenes,42898195_3dod_mesh,train/obs_084103,train/obs_084103/metadata.json,obs_002,LEARNABLE,0.01,"[128,192]",ARKitScenes:426247,train,False,1,ARKitScenes,
obs_033405,train,train,ARKitScenes,41048196_3dod_mesh,train/obs_033405,train/obs_033405/metadata.json,obs_020,LEARNABLE,0.01,"[128,192]",ARKitScenes:381531,train,False,0,ARKitScenes,
obs_091516,train,train,ARKitScenes,41048190_3dod_mesh,train/obs_091516,train/obs_091516/metadata.json,obs_005,LEARNABLE,0.01,"[128,192]",ARKitScenes:381531,train,False,1,ARKitScenes,
obs_061730,train,train,ARKitScenes,44796752_3dod_mesh,train/obs_061730,train/obs_061730/metadata.json,obs_010,LEARNABLE,0.01,"[128,192]",ARKitScenes:466234,train,True,0,ARKitScenes,
obs_079578,train,train,ARKitScenes,44796752_3dod_mesh,train/obs_079578,train/obs_079578/metadata.json,obs_012,LEARNABLE,0.01,"[128,192]",ARKitScenes:466234,train,True,1,ARKitScenes,
obs_071510,train,train,ARKitScenes,45260957_3dod_mesh,train/obs_071510,train/obs_071510/metadata.json,obs_019,LEARNABLE,0.01,"[128,192]",ARKitScenes:466437,train,False,0,ARKitScenes,
obs_050735,train,train,ARKitScenes,45260952_3dod_mesh,train/obs_050735,train/obs_050735/metadata.json,obs_009,LEARNABLE,0.01,"[128,192]",ARKitScenes:466437,train,False,1,ARKitScenes,
obs_036079,train,train,ARKitScenes,42899562_3dod_mesh,train/obs_036079,train/obs_036079/metadata.json,obs_021,LEARNABLE,0.01,"[128,192]",ARKitScenes:435345,train,False,0,ARKitScenes,
obs_089726,train,train,ARKitScenes,42899550_3dod_mesh,train/obs_089726,train/obs_089726/metadata.json,obs_012,LEARNABLE,0.01,"[128,192]",ARKitScenes:435345,train,False,1,ARKitScenes,
obs_047376,validation,train,ARKitScenes,42444916_3dod_mesh,train/obs_047376,train/obs_047376/metadata.json,obs_007,LEARNABLE,0.01,"[128,192]",ARKitScenes:421397,train,True,0,ARKitScenes,
obs_095591,validation,train,ARKitScenes,42444916_3dod_mesh,train/obs_095591,train/obs_095591/metadata.json,obs_018,LEARNABLE,0.01,"[128,192]",ARKitScenes:421397,train,True,1,ARKitScenes,
obs_030511,train,train,ARKitScenes,48458262_3dod_mesh,train/obs_030511,train/obs_030511/metadata.json,obs_017,LEARNABLE,0.01,"[128,192]",ARKitScenes:483084,train,True,0,ARKitScenes,
obs_054874,train,train,ARKitScenes,48458260_3dod_mesh,train/obs_054874,train/obs_054874/metadata.json,obs_015,EASY,0.01,"[128,192]",ARKitScenes:483084,train,True,1,ARKitScenes,
obs_077275,train,train,ARKitScenes,41126786_3dod_mesh,train/obs_077275,train/obs_077275/metadata.json,obs_018,EASY,0.01,"[128,192]",ARKitScenes:383373,train,True,0,ARKitScenes,
obs_078821,train,train,ARKitScenes,41126792_3dod_mesh,train/obs_078821,train/obs_078821/metadata.json,obs_000,EASY,0.01,"[128,192]",ARKitScenes:383373,train,True,1,ARKitScenes,
obs_086744,train,train,ARKitScenes,47430422_3dod_mesh,train/obs_086744,train/obs_086744/metadata.json,obs_001,LEARNABLE,0.01,"[128,192]",ARKitScenes:471190,train,True,0,ARKitScenes,
obs_041910,train,train,ARKitScenes,47430424_3dod_mesh,train/obs_041910,train/obs_041910/metadata.json,obs_017,LEARNABLE,0.01,"[128,192]",ARKitScenes:471190,train,True,1,ARKitScenes,
obs_031769,train,train,ARKitScenes,47331508_3dod_mesh,train/obs_031769,train/obs_031769/metadata.json,obs_015,LEARNABLE,0.01,"[128,192]",ARKitScenes:470488,train,True,0,ARKitScenes,
obs_092088,train,train,ARKitScenes,47331507_3dod_mesh,train/obs_092088,train/obs_092088/metadata.json,obs_021,LEARNABLE,0.01,"[128,192]",ARKitScenes:470488,train,True,1,ARKitScenes,
obs_091784,train,train,ARKitScenes,47669925_3dod_mesh,train/obs_091784,train/obs_091784/metadata.json,obs_020,LEARNABLE,0.01,"[128,192]",ARKitScenes:481670,train,True,0,ARKitScenes,
obs_053834,train,train,ARKitScenes,47669927_3dod_mesh,train/obs_053834,train/obs_053834/metadata.json,obs_009,LEARNABLE,0.01,"[128,192]",ARKitScenes:481670,train,True,1,ARKitScenes,
obs_042236,train,train,ARKitScenes,41048095_3dod_mesh,train/obs_042236,train/obs_042236/metadata.json,obs_022,LEARNABLE,0.01,"[128,192]",ARKitScenes:381452,train,False,0,ARKitScenes,
obs_035123,train,train,ARKitScenes,41048095_3dod_mesh,train/obs_035123,train/obs_035123/metadata.json,obs_001,LEARNABLE,0.01,"[128,192]",ARKitScenes:381452,train,False,1,ARKitScenes,
obs_078536,train,train,ARKitScenes,42898768_3dod_mesh,train/obs_078536,train/obs_078536/metadata.json,obs_001,LEARNABLE,0.01,"[128,192]",ARKitScenes:426143,train,True,0,ARKitScenes,
obs_080374,train,train,ARKitScenes,42898762_3dod_mesh,train/obs_080374,train/obs_080374/metadata.json,obs_003,LEARNABLE,0.01,"[128,192]",ARKitScenes:426143,train,True,1,ARKitScenes,
obs_042744,validation,train,ARKitScenes,47331189_3dod_mesh,train/obs_042744,train/obs_042744/metadata.json,obs_000,LEARNABLE,0.01,"[128,192]",ARKitScenes:471412,train,True,0,ARKitScenes,
obs_057856,train,train,ARKitScenes,47331187_3dod_mesh,train/obs_057856,train/obs_057856/metadata.json,obs_001,LEARNABLE,0.01,"[128,192]",ARKitScenes:471412,train,True,1,ARKitScenes,
obs_053321,validation,train,ARKitScenes,48018340_3dod_mesh,train/obs_053321,train/obs_053321/metadata.json,obs_017,EASY,0.01,"[128,192]",ARKitScenes:483302,train,False,0,ARKitScenes,
obs_095115,train,train,ARKitScenes,48018341_3dod_mesh,train/obs_095115,train/obs_095115/metadata.json,obs_001,LEARNABLE,0.01,"[128,192]",ARKitScenes:483302,train,False,1,ARKitScenes,
obs_095183,test,train,ARKitScenes,42899916_3dod_mesh,train/obs_095183,train/obs_095183/metadata.json,obs_009,LEARNABLE,0.01,"[128,192]",ARKitScenes:435929,train,False,0,ARKitScenes,
obs_025071,test,train,ARKitScenes,42899916_3dod_mesh,train/obs_025071,train/obs_025071/metadata.json,obs_016,LEARNABLE,0.01,"[128,192]",ARKitScenes:435929,train,False,1,ARKitScenes,
obs_088987,train,train,ARKitScenes,47334115_3dod_mesh,train/obs_088987,train/obs_088987/metadata.json,obs_018,LEARNABLE,0.01,"[128,192]",ARKitScenes:469781,train,True,0,ARKitScenes,
obs_065787,train,train,ARKitScenes,47334117_3dod_mesh,train/obs_065787,train/obs_065787/metadata.json,obs_014,LEARNABLE,0.01,"[128,192]",ARKitScenes:469781,train,True,1,ARKitScenes,
obs_029062,train,train,ARKitScenes,47669937_3dod_mesh,train/obs_029062,train/obs_029062/metadata.json,obs_019,LEARNABLE,0.01,"[128,192]",ARKitScenes:481664,train,False,0,ARKitScenes,
obs_086724,train,train,ARKitScenes,47669936_3dod_mesh,train/obs_086724,train/obs_086724/metadata.json,obs_020,LEARNABLE,0.01,"[128,192]",ARKitScenes:481664,train,False,1,ARKitScenes,
obs_087815,train,train,ARKitScenes,43828562_3dod_mesh,train/obs_087815,train/obs_087815/metadata.json,obs_017,LEARNABLE,0.01,"[128,192]",ARKitScenes:437764,train,True,0,ARKitScenes,
obs_066598,train,train,ARKitScenes,43828562_3dod_mesh,train/obs_066598,train/obs_066598/metadata.json,obs_012,LEARNABLE,0.01,"[128,192]",ARKitScenes:437764,train,True,1,ARKitScenes,
obs_064573,validation,train,ARKitScenes,47204734_3dod_mesh,train/obs_064573,train/obs_064573/metadata.json,obs_009,EASY,0.01,"[128,192]",ARKitScenes:472312,train,False,0,ARKitScenes,
obs_035478,train,train,ARKitScenes,47204736_3dod_mesh,train/obs_035478,train/obs_035478/metadata.json,obs_020,LEARNABLE,0.01,"[128,192]",ARKitScenes:472312,train,False,1,ARKitScenes,
obs_053833,test,train,ARKitScenes,47430169_3dod_mesh,train/obs_053833,train/obs_053833/metadata.json,obs_000,LEARNABLE,0.01,"[128,192]",ARKitScenes:471024,train,False,0,ARKitScenes,
obs_085233,train,train,ARKitScenes,47430167_3dod_mesh,train/obs_085233,train/obs_085233/metadata.json,obs_021,LEARNABLE,0.01,"[128,192]",ARKitScenes:471024,train,False,1,ARKitScenes,
obs_042464,train,train,ARKitScenes,47895941_3dod_mesh,train/obs_042464,train/obs_042464/metadata.json,obs_005,LEARNABLE,0.01,"[128,192]",ARKitScenes:482624,train,False,0,ARKitScenes,
obs_089340,train,train,ARKitScenes,47895944_3dod_mesh,train/obs_089340,train/obs_089340/metadata.json,obs_015,LEARNABLE,0.01,"[128,192]",ARKitScenes:482624,train,False,1,ARKitScenes,
obs_036993,train,train,ARKitScenes,42898160_3dod_mesh,train/obs_036993,train/obs_036993/metadata.json,obs_013,EASY,0.01,"[128,192]",ARKitScenes:426265,train,True,0,ARKitScenes,
obs_066373,train,train,ARKitScenes,42898156_3dod_mesh,train/obs_066373,train/obs_066373/metadata.json,obs_000,LEARNABLE,0.01,"[128,192]",ARKitScenes:426265,train,True,1,ARKitScenes,
obs_037200,train,train,ARKitScenes,47331365_3dod_mesh,train/obs_037200,train/obs_037200/metadata.json,obs_003,LEARNABLE,0.01,"[128,192]",ARKitScenes:470536,train,False,0,ARKitScenes,
obs_079883,train,train,ARKitScenes,47331361_3dod_mesh,train/obs_079883,train/obs_079883/metadata.json,obs_007,LEARNABLE,0.01,"[128,192]",ARKitScenes:470536,train,False,1,ARKitScenes,
obs_053116,train,train,ARKitScenes,48458282_3dod_mesh,train/obs_053116,train/obs_053116/metadata.json,obs_006,EASY,0.01,"[128,192]",ARKitScenes:483249,train,False,0,ARKitScenes,
obs_061232,train,train,ARKitScenes,48458286_3dod_mesh,train/obs_061232,train/obs_061232/metadata.json,obs_009,LEARNABLE,0.01,"[128,192]",ARKitScenes:483249,train,False,1,ARKitScenes,
obs_071649,train,train,ARKitScenes,47430294_3dod_mesh,train/obs_071649,train/obs_071649/metadata.json,obs_015,LEARNABLE,0.01,"[128,192]",ARKitScenes:470978,train,True,0,ARKitScenes,
obs_096250,train,train,ARKitScenes,47430294_3dod_mesh,train/obs_096250,train/obs_096250/metadata.json,obs_022,LEARNABLE,0.01,"[128,192]",ARKitScenes:470978,train,True,1,ARKitScenes,
obs_039093,train,train,ARKitScenes,48018780_3dod_mesh,train/obs_039093,train/obs_039093/metadata.json,obs_005,EASY,0.01,"[128,192]",ARKitScenes:483987,train,True,0,ARKitScenes,
obs_053064,train,train,ARKitScenes,48018778_3dod_mesh,train/obs_053064,train/obs_053064/metadata.json,obs_022,LEARNABLE,0.01,"[128,192]",ARKitScenes:483987,train,True,1,ARKitScenes,
obs_048997,train,train,ARKitScenes,47430045_3dod_mesh,train/obs_048997,train/obs_048997/metadata.json,obs_000,LEARNABLE,0.01,"[128,192]",ARKitScenes:470508,train,True,0,ARKitScenes,
obs_051776,test,train,ARKitScenes,47430038_3dod_mesh,train/obs_051776,train/obs_051776/metadata.json,obs_002,LEARNABLE,0.01,"[128,192]",ARKitScenes:470508,train,True,1,ARKitScenes,
obs_049892,train,train,ARKitScenes,42898007_3dod_mesh,train/obs_049892,train/obs_049892/metadata.json,obs_015,EASY,0.01,"[128,192]",ARKitScenes:423311,train,True,0,ARKitScenes,
obs_046300,train,train,ARKitScenes,42898009_3dod_mesh,train/obs_046300,train/obs_046300/metadata.json,obs_014,LEARNABLE,0.01,"[128,192]",ARKitScenes:423311,train,True,1,ARKitScenes,
obs_098041,train,train,ARKitScenes,43828504_3dod_mesh,train/obs_098041,train/obs_098041/metadata.json,obs_023,LEARNABLE,0.01,"[128,192]",ARKitScenes:437688,train,True,0,ARKitScenes,old_train_or_checkpoint_validation
obs_087439,train,train,ARKitScenes,43828505_3dod_mesh,train/obs_087439,train/obs_087439/metadata.json,obs_001,LEARNABLE,0.01,"[128,192]",ARKitScenes:437688,train,True,1,ARKitScenes,old_train_or_checkpoint_validation
obs_090752,train,train,ARKitScenes,48018106_3dod_mesh,train/obs_090752,train/obs_090752/metadata.json,obs_011,LEARNABLE,0.01,"[128,192]",ARKitScenes:483099,train,True,0,ARKitScenes,
obs_036812,train,train,ARKitScenes,48018107_3dod_mesh,train/obs_036812,train/obs_036812/metadata.json,obs_008,LEARNABLE,0.01,"[128,192]",ARKitScenes:483099,train,True,1,ARKitScenes,
obs_054086,train,train,ARKitScenes,47670057_3dod_mesh,train/obs_054086,train/obs_054086/metadata.json,obs_012,LEARNABLE,0.01,"[128,192]",ARKitScenes:482224,train,True,0,ARKitScenes,parent_pilot_development
obs_090805,train,train,ARKitScenes,47670053_3dod_mesh,train/obs_090805,train/obs_090805/metadata.json,obs_015,LEARNABLE,0.01,"[128,192]",ARKitScenes:482224,train,True,1,ARKitScenes,parent_pilot_development
obs_084051,validation,train,ARKitScenes,47430657_3dod_mesh,train/obs_084051,train/obs_084051/metadata.json,obs_010,LEARNABLE,0.01,"[128,192]",ARKitScenes:472346,train,True,0,ARKitScenes,
obs_070698,train,train,ARKitScenes,47430654_3dod_mesh,train/obs_070698,train/obs_070698/metadata.json,obs_011,LEARNABLE,0.01,"[128,192]",ARKitScenes:472346,train,True,1,ARKitScenes,
obs_067261,train,train,ARKitScenes,41418155_3dod_mesh,train/obs_067261,train/obs_067261/metadata.json,obs_005,EASY,0.01,"[128,192]",ARKitScenes:416407,train,True,0,ARKitScenes,
obs_077474,validation,train,ARKitScenes,41418162_3dod_mesh,train/obs_077474,train/obs_077474/metadata.json,obs_016,LEARNABLE,0.01,"[128,192]",ARKitScenes:416407,train,True,1,ARKitScenes,
obs_066687,test,train,ARKitScenes,48018115_3dod_mesh,train/obs_066687,train/obs_066687/metadata.json,obs_012,EASY,0.01,"[128,192]",ARKitScenes:483094,train,True,0,ARKitScenes,old_train_or_checkpoint_validation|published_development_gallery
obs_070699,validation,train,ARKitScenes,48018119_3dod_mesh,train/obs_070699,train/obs_070699/metadata.json,obs_000,EASY,0.01,"[128,192]",ARKitScenes:483094,train,True,1,ARKitScenes,old_train_or_checkpoint_validation|published_development_gallery
obs_077387,train,train,ARKitScenes,43649598_3dod_mesh,train/obs_077387,train/obs_077387/metadata.json,obs_007,LEARNABLE,0.01,"[128,192]",ARKitScenes:437168,train,False,0,ARKitScenes,
obs_034840,train,train,ARKitScenes,43649598_3dod_mesh,train/obs_034840,train/obs_034840/metadata.json,obs_014,LEARNABLE,0.01,"[128,192]",ARKitScenes:437168,train,False,1,ARKitScenes,
obs_032551,train,train,ARKitScenes,48018883_3dod_mesh,train/obs_032551,train/obs_032551/metadata.json,obs_020,LEARNABLE,0.01,"[128,192]",ARKitScenes:483943,train,True,0,ARKitScenes,
obs_041763,train,train,ARKitScenes,48018883_3dod_mesh,train/obs_041763,train/obs_041763/metadata.json,obs_002,LEARNABLE,0.01,"[128,192]",ARKitScenes:483943,train,True,1,ARKitScenes,
obs_080424,train,train,ARKitScenes,47333786_3dod_mesh,train/obs_080424,train/obs_080424/metadata.json,obs_000,LEARNABLE,0.01,"[128,192]",ARKitScenes:467360,train,False,0,ARKitScenes,
obs_035539,train,train,ARKitScenes,47333786_3dod_mesh,train/obs_035539,train/obs_035539/metadata.json,obs_022,LEARNABLE,0.01,"[128,192]",ARKitScenes:467360,train,False,1,ARKitScenes,
obs_093097,train,train,ARKitScenes,47895371_3dod_mesh,train/obs_093097,train/obs_093097/metadata.json,obs_023,LEARNABLE,0.01,"[128,192]",ARKitScenes:472479,train,True,0,ARKitScenes,
obs_099214,train,train,ARKitScenes,47895371_3dod_mesh,train/obs_099214,train/obs_099214/metadata.json,obs_003,LEARNABLE,0.01,"[128,192]",ARKitScenes:472479,train,True,1,ARKitScenes,
obs_031494,test,train,ARKitScenes,47333168_3dod_mesh,train/obs_031494,train/obs_031494/metadata.json,obs_011,LEARNABLE,0.01,"[128,192]",ARKitScenes:469443,train,False,0,ARKitScenes,
obs_076037,test,train,ARKitScenes,47333168_3dod_mesh,train/obs_076037,train/obs_076037/metadata.json,obs_005,LEARNABLE,0.01,"[128,192]",ARKitScenes:469443,train,False,1,ARKitScenes,
obs_028291,train,train,ARKitScenes,47429883_3dod_mesh,train/obs_028291,train/obs_028291/metadata.json,obs_001,LEARNABLE,0.01,"[128,192]",ARKitScenes:471375,train,False,0,ARKitScenes,
obs_061553,train,train,ARKitScenes,47429884_3dod_mesh,train/obs_061553,train/obs_061553/metadata.json,obs_023,EASY,0.01,"[128,192]",ARKitScenes:471375,train,False,1,ARKitScenes,
obs_055008,train,train,ARKitScenes,47895864_3dod_mesh,train/obs_055008,train/obs_055008/metadata.json,obs_002,EASY,0.01,"[128,192]",ARKitScenes:482619,train,True,0,ARKitScenes,
obs_063654,train,train,ARKitScenes,47895864_3dod_mesh,train/obs_063654,train/obs_063654/metadata.json,obs_012,LEARNABLE,0.01,"[128,192]",ARKitScenes:482619,train,True,1,ARKitScenes,
obs_064883,train,train,ARKitScenes,42899352_3dod_mesh,train/obs_064883,train/obs_064883/metadata.json,obs_021,EASY,0.01,"[128,192]",ARKitScenes:434908,train,True,0,ARKitScenes,
obs_083844,train,train,ARKitScenes,42899352_3dod_mesh,train/obs_083844,train/obs_083844/metadata.json,obs_011,LEARNABLE,0.01,"[128,192]",ARKitScenes:434908,train,True,1,ARKitScenes,
obs_072955,train,train,ARKitScenes,43896097_3dod_mesh,train/obs_072955,train/obs_072955/metadata.json,obs_014,LEARNABLE,0.01,"[128,192]",ARKitScenes:438023,train,True,0,ARKitScenes,
obs_059061,train,train,ARKitScenes,43896097_3dod_mesh,train/obs_059061,train/obs_059061/metadata.json,obs_000,LEARNABLE,0.01,"[128,192]",ARKitScenes:438023,train,True,1,ARKitScenes,
obs_045952,train,train,ARKitScenes,42897863_3dod_mesh,train/obs_045952,train/obs_045952/metadata.json,obs_015,EASY,0.01,"[128,192]",ARKitScenes:423315,train,True,0,ARKitScenes,
obs_084635,train,train,ARKitScenes,42897863_3dod_mesh,train/obs_084635,train/obs_084635/metadata.json,obs_004,LEARNABLE,0.01,"[128,192]",ARKitScenes:423315,train,True,1,ARKitScenes,
obs_092794,train,train,ARKitScenes,47334938_3dod_mesh,train/obs_092794,train/obs_092794/metadata.json,obs_002,LEARNABLE,0.01,"[128,192]",ARKitScenes:482145,train,True,0,ARKitScenes,
obs_073464,train,train,ARKitScenes,47334938_3dod_mesh,train/obs_073464,train/obs_073464/metadata.json,obs_019,EASY,0.01,"[128,192]",ARKitScenes:482145,train,True,1,ARKitScenes,
obs_052041,train,train,ARKitScenes,45662812_3dod_mesh,train/obs_052041,train/obs_052041/metadata.json,obs_019,LEARNABLE,0.01,"[128,192]",ARKitScenes:468485,train,True,0,ARKitScenes,
obs_025055,validation,train,ARKitScenes,45662813_3dod_mesh,train/obs_025055,train/obs_025055/metadata.json,obs_001,EASY,0.01,"[128,192]",ARKitScenes:468485,train,True,1,ARKitScenes,
obs_061032,train,train,ARKitScenes,47332899_3dod_mesh,train/obs_061032,train/obs_061032/metadata.json,obs_006,LEARNABLE,0.01,"[128,192]",ARKitScenes:469266,train,True,0,ARKitScenes,
obs_091222,train,train,ARKitScenes,47332899_3dod_mesh,train/obs_091222,train/obs_091222/metadata.json,obs_001,LEARNABLE,0.01,"[128,192]",ARKitScenes:469266,train,True,1,ARKitScenes,
obs_072065,test,train,ARKitScenes,43649609_3dod_mesh,train/obs_072065,train/obs_072065/metadata.json,obs_005,LEARNABLE,0.01,"[128,192]",ARKitScenes:437167,train,False,0,ARKitScenes,
obs_031913,train,train,ARKitScenes,43649612_3dod_mesh,train/obs_031913,train/obs_031913/metadata.json,obs_000,LEARNABLE,0.01,"[128,192]",ARKitScenes:437167,train,False,1,ARKitScenes,
obs_088412,train,train,ARKitScenes,42898364_3dod_mesh,train/obs_088412,train/obs_088412/metadata.json,obs_016,LEARNABLE,0.01,"[128,192]",ARKitScenes:423982,train,True,0,ARKitScenes,old_train_or_checkpoint_validation
obs_074902,validation,train,ARKitScenes,42898366_3dod_mesh,train/obs_074902,train/obs_074902/metadata.json,obs_001,LEARNABLE,0.01,"[128,192]",ARKitScenes:423982,train,True,1,ARKitScenes,old_train_or_checkpoint_validation
obs_067380,train,train,ARKitScenes,47204874_3dod_mesh,train/obs_067380,train/obs_067380/metadata.json,obs_005,LEARNABLE,0.01,"[128,192]",ARKitScenes:478016,train,True,0,ARKitScenes,
obs_024831,train,train,ARKitScenes,47204874_3dod_mesh,train/obs_024831,train/obs_024831/metadata.json,obs_011,LEARNABLE,0.01,"[128,192]",ARKitScenes:478016,train,True,1,ARKitScenes,
obs_046864,train,train,ARKitScenes,41048231_3dod_mesh,train/obs_046864,train/obs_046864/metadata.json,obs_006,LEARNABLE,0.01,"[128,192]",ARKitScenes:381648,train,True,0,ARKitScenes,
obs_094423,test,train,ARKitScenes,41048230_3dod_mesh,train/obs_094423,train/obs_094423/metadata.json,obs_005,EASY,0.01,"[128,192]",ARKitScenes:381648,train,True,1,ARKitScenes,
obs_051579,train,train,ARKitScenes,41159454_3dod_mesh,train/obs_051579,train/obs_051579/metadata.json,obs_006,EASY,0.01,"[128,192]",ARKitScenes:381628,train,True,0,ARKitScenes,
obs_056747,train,train,ARKitScenes,41159454_3dod_mesh,train/obs_056747,train/obs_056747/metadata.json,obs_011,LEARNABLE,0.01,"[128,192]",ARKitScenes:381628,train,True,1,ARKitScenes,
obs_092432,test,train,ARKitScenes,41069161_3dod_mesh,train/obs_092432,train/obs_092432/metadata.json,obs_010,EASY,0.01,"[128,192]",ARKitScenes:381813,train,True,0,ARKitScenes,
obs_083507,test,train,ARKitScenes,41069157_3dod_mesh,train/obs_083507,train/obs_083507/metadata.json,obs_002,LEARNABLE,0.01,"[128,192]",ARKitScenes:381813,train,True,1,ARKitScenes,
obs_033431,train,train,ARKitScenes,48018451_3dod_mesh,train/obs_033431,train/obs_033431/metadata.json,obs_022,LEARNABLE,0.01,"[128,192]",ARKitScenes:483320,train,True,0,ARKitScenes,
obs_087109,train,train,ARKitScenes,48018455_3dod_mesh,train/obs_087109,train/obs_087109/metadata.json,obs_005,EASY,0.01,"[128,192]",ARKitScenes:483320,train,True,1,ARKitScenes,
obs_121436,train,train,Matterport3D,TbHJrupSAjP_region_segmentations_region27.ply,train/obs_121436,train/obs_121436/metadata.json,obs_020,EASY,0.01,"[128,192]",Matterport3D:TbHJrupSAjP,train,True,0,Matterport3D,old_train_or_checkpoint_validation
obs_128248,train,train,Matterport3D,TbHJrupSAjP_region_segmentations_region7.ply,train/obs_128248,train/obs_128248/metadata.json,obs_016,LEARNABLE,0.01,"[128,192]",Matterport3D:TbHJrupSAjP,train,True,1,Matterport3D,old_train_or_checkpoint_validation
obs_139285,validation,train,Matterport3D,2n8kARJN3HM_region_segmentations_region10.ply,train/obs_139285,train/obs_139285/metadata.json,obs_004,LEARNABLE,0.01,"[128,192]",Matterport3D:2n8kARJN3HM,train,True,0,Matterport3D,
obs_142393,train,train,Matterport3D,2n8kARJN3HM_region_segmentations_region28.ply,train/obs_142393,train/obs_142393/metadata.json,obs_002,EASY,0.01,"[128,192]",Matterport3D:2n8kARJN3HM,train,True,1,Matterport3D,
obs_135674,train,train,Matterport3D,WYY7iVyf5p8_region_segmentations_region14.ply,train/obs_135674,train/obs_135674/metadata.json,obs_006,EASY,0.01,"[128,192]",Matterport3D:WYY7iVyf5p8,train,True,0,Matterport3D,old_train_or_checkpoint_validation|parent_pilot_development
obs_136609,train,train,Matterport3D,WYY7iVyf5p8_region_segmentations_region9.ply,train/obs_136609,train/obs_136609/metadata.json,obs_019,LEARNABLE,0.01,"[128,192]",Matterport3D:WYY7iVyf5p8,train,True,1,Matterport3D,old_train_or_checkpoint_validation|parent_pilot_development
obs_139468,train,train,Matterport3D,17DRP5sb8fy_region_segmentations_region9.ply,train/obs_139468,train/obs_139468/metadata.json,obs_004,LEARNABLE,0.01,"[128,192]",Matterport3D:17DRP5sb8fy,train,True,0,Matterport3D,old_train_or_checkpoint_validation
obs_115392,train,train,Matterport3D,17DRP5sb8fy_region_segmentations_region7.ply,train/obs_115392,train/obs_115392/metadata.json,obs_003,LEARNABLE,0.01,"[128,192]",Matterport3D:17DRP5sb8fy,train,True,1,Matterport3D,old_train_or_checkpoint_validation
obs_137108,train,train,Matterport3D,E9uDoFAP3SH_region_segmentations_region7.ply,train/obs_137108,train/obs_137108/metadata.json,obs_009,EASY,0.01,"[128,192]",Matterport3D:E9uDoFAP3SH,train,True,0,Matterport3D,old_train_or_checkpoint_validation
obs_102033,train,train,Matterport3D,E9uDoFAP3SH_region_segmentations_region22.ply,train/obs_102033,train/obs_102033/metadata.json,obs_000,EASY,0.01,"[128,192]",Matterport3D:E9uDoFAP3SH,train,True,1,Matterport3D,old_train_or_checkpoint_validation
obs_129264,train,train,Matterport3D,q9vSo1VnCiC_region_segmentations_region9.ply,train/obs_129264,train/obs_129264/metadata.json,obs_019,EASY,0.01,"[128,192]",Matterport3D:q9vSo1VnCiC,train,True,0,Matterport3D,old_train_or_checkpoint_validation
obs_138921,validation,train,Matterport3D,q9vSo1VnCiC_region_segmentations_region15.ply,train/obs_138921,train/obs_138921/metadata.json,obs_013,EASY,0.01,"[128,192]",Matterport3D:q9vSo1VnCiC,train,True,1,Matterport3D,old_train_or_checkpoint_validation
obs_114734,test,train,Matterport3D,wc2JMjhGNzB_region_segmentations_region33.ply,train/obs_114734,train/obs_114734/metadata.json,obs_023,EASY,0.01,"[128,192]",Matterport3D:wc2JMjhGNzB,train,True,0,Matterport3D,
obs_134861,train,train,Matterport3D,wc2JMjhGNzB_region_segmentations_region6.ply,train/obs_134861,train/obs_134861/metadata.json,obs_023,EASY,0.01,"[128,192]",Matterport3D:wc2JMjhGNzB,train,True,1,Matterport3D,
obs_126883,train,train,Matterport3D,VzqfbhrpDEA_region_segmentations_region22.ply,train/obs_126883,train/obs_126883/metadata.json,obs_020,LEARNABLE,0.01,"[128,192]",Matterport3D:VzqfbhrpDEA,train,True,0,Matterport3D,
obs_133764,test,train,Matterport3D,VzqfbhrpDEA_region_segmentations_region24.ply,train/obs_133764,train/obs_133764/metadata.json,obs_006,EASY,0.01,"[128,192]",Matterport3D:VzqfbhrpDEA,train,True,1,Matterport3D,
obs_119286,validation,train,Matterport3D,uNb9QFRL6hY_region_segmentations_region6.ply,train/obs_119286,train/obs_119286/metadata.json,obs_022,LEARNABLE,0.01,"[128,192]",Matterport3D:uNb9QFRL6hY,train,True,0,Matterport3D,old_train_or_checkpoint_validation
obs_138979,train,train,Matterport3D,uNb9QFRL6hY_region_segmentations_region15.ply,train/obs_138979,train/obs_138979/metadata.json,obs_014,EASY,0.01,"[128,192]",Matterport3D:uNb9QFRL6hY,train,True,1,Matterport3D,old_train_or_checkpoint_validation
obs_110797,train,train,Matterport3D,pa4otMbVnkk_region_segmentations_region13.ply,train/obs_110797,train/obs_110797/metadata.json,obs_000,LEARNABLE,0.01,"[128,192]",Matterport3D:pa4otMbVnkk,train,True,0,Matterport3D,old_train_or_checkpoint_validation
obs_118371,train,train,Matterport3D,pa4otMbVnkk_region_segmentations_region12.ply,train/obs_118371,train/obs_118371/metadata.json,obs_006,LEARNABLE,0.01,"[128,192]",Matterport3D:pa4otMbVnkk,train,True,1,Matterport3D,old_train_or_checkpoint_validation
obs_105188,train,train,Matterport3D,D7N2EKCX4Sj_region_segmentations_region7.ply,train/obs_105188,train/obs_105188/metadata.json,obs_016,LEARNABLE,0.01,"[128,192]",Matterport3D:D7N2EKCX4Sj,train,True,0,Matterport3D,
obs_134927,train,train,Matterport3D,D7N2EKCX4Sj_region_segmentations_region21.ply,train/obs_134927,train/obs_134927/metadata.json,obs_014,EASY,0.01,"[128,192]",Matterport3D:D7N2EKCX4Sj,train,True,1,Matterport3D,
obs_106795,test,train,Matterport3D,Vt2qJdWjCF2_region_segmentations_region1.ply,train/obs_106795,train/obs_106795/metadata.json,obs_009,LEARNABLE,0.01,"[128,192]",Matterport3D:Vt2qJdWjCF2,train,True,0,Matterport3D,
obs_129825,train,train,Matterport3D,Vt2qJdWjCF2_region_segmentations_region4.ply,train/obs_129825,train/obs_129825/metadata.json,obs_017,LEARNABLE,0.01,"[128,192]",Matterport3D:Vt2qJdWjCF2,train,True,1,Matterport3D,
obs_138681,train,train,Matterport3D,EU6Fwq7SyZv_region_segmentations_region6.ply,train/obs_138681,train/obs_138681/metadata.json,obs_006,EASY,0.01,"[128,192]",Matterport3D:EU6Fwq7SyZv,train,True,0,Matterport3D,
obs_108661,train,train,Matterport3D,EU6Fwq7SyZv_region_segmentations_region6.ply,train/obs_108661,train/obs_108661/metadata.json,obs_016,LEARNABLE,0.01,"[128,192]",Matterport3D:EU6Fwq7SyZv,train,True,1,Matterport3D,
obs_141152,train,train,Matterport3D,8WUmhLawc2A_region_segmentations_region13.ply,train/obs_141152,train/obs_141152/metadata.json,obs_014,LEARNABLE,0.01,"[128,192]",Matterport3D:8WUmhLawc2A,train,True,0,Matterport3D,old_train_or_checkpoint_validation|published_development_gallery
obs_116077,test,train,Matterport3D,8WUmhLawc2A_region_segmentations_region4.ply,train/obs_116077,train/obs_116077/metadata.json,obs_006,LEARNABLE,0.01,"[128,192]",Matterport3D:8WUmhLawc2A,train,True,1,Matterport3D,old_train_or_checkpoint_validation|published_development_gallery
obs_119905,train,train,Matterport3D,1pXnuDYAj8r_region_segmentations_region4.ply,train/obs_119905,train/obs_119905/metadata.json,obs_016,EASY,0.01,"[128,192]",Matterport3D:1pXnuDYAj8r,train,True,0,Matterport3D,old_train_or_checkpoint_validation
obs_128829,train,train,Matterport3D,1pXnuDYAj8r_region_segmentations_region20.ply,train/obs_128829,train/obs_128829/metadata.json,obs_004,EASY,0.01,"[128,192]",Matterport3D:1pXnuDYAj8r,train,True,1,Matterport3D,old_train_or_checkpoint_validation
obs_127496,train,train,Matterport3D,p5wJjkQkbXX_region_segmentations_region8.ply,train/obs_127496,train/obs_127496/metadata.json,obs_001,EASY,0.01,"[128,192]",Matterport3D:p5wJjkQkbXX,train,True,0,Matterport3D,
obs_106901,train,train,Matterport3D,p5wJjkQkbXX_region_segmentations_region0.ply,train/obs_106901,train/obs_106901/metadata.json,obs_019,LEARNABLE,0.01,"[128,192]",Matterport3D:p5wJjkQkbXX,train,True,1,Matterport3D,
obs_138625,train,train,Matterport3D,5LpN3gDmAk7_region_segmentations_region13.ply,train/obs_138625,train/obs_138625/metadata.json,obs_003,LEARNABLE,0.01,"[128,192]",Matterport3D:5LpN3gDmAk7,train,True,0,Matterport3D,old_train_or_checkpoint_validation
obs_106534,train,train,Matterport3D,5LpN3gDmAk7_region_segmentations_region22.ply,train/obs_106534,train/obs_106534/metadata.json,obs_017,EASY,0.01,"[128,192]",Matterport3D:5LpN3gDmAk7,train,True,1,Matterport3D,old_train_or_checkpoint_validation
obs_107072,train,train,Matterport3D,ur6pFq6Qu1A_region_segmentations_region22.ply,train/obs_107072,train/obs_107072/metadata.json,obs_016,EASY,0.01,"[128,192]",Matterport3D:ur6pFq6Qu1A,train,True,0,Matterport3D,parent_pilot_development
obs_128598,test,train,Matterport3D,ur6pFq6Qu1A_region_segmentations_region25.ply,train/obs_128598,train/obs_128598/metadata.json,obs_008,EASY,0.01,"[128,192]",Matterport3D:ur6pFq6Qu1A,train,True,1,Matterport3D,parent_pilot_development
obs_139997,train,train,Matterport3D,i5noydFURQK_region_segmentations_region12.ply,train/obs_139997,train/obs_139997/metadata.json,obs_018,EASY,0.01,"[128,192]",Matterport3D:i5noydFURQK,train,True,0,Matterport3D,old_train_or_checkpoint_validation|published_development_gallery
obs_121299,train,train,Matterport3D,i5noydFURQK_region_segmentations_region6.ply,train/obs_121299,train/obs_121299/metadata.json,obs_016,LEARNABLE,0.01,"[128,192]",Matterport3D:i5noydFURQK,train,True,1,Matterport3D,old_train_or_checkpoint_validation|published_development_gallery
obs_128704,train,train,Matterport3D,PuKPg4mmafe_region_segmentations_region2.ply,train/obs_128704,train/obs_128704/metadata.json,obs_018,LEARNABLE,0.01,"[128,192]",Matterport3D:PuKPg4mmafe,train,True,0,Matterport3D,
obs_106045,train,train,Matterport3D,PuKPg4mmafe_region_segmentations_region4.ply,train/obs_106045,train/obs_106045/metadata.json,obs_015,LEARNABLE,0.01,"[128,192]",Matterport3D:PuKPg4mmafe,train,True,1,Matterport3D,
obs_127992,train,train,Matterport3D,zsNo4HB9uLZ_region_segmentations_region6.ply,train/obs_127992,train/obs_127992/metadata.json,obs_023,LEARNABLE,0.01,"[128,192]",Matterport3D:zsNo4HB9uLZ,train,True,0,Matterport3D,parent_pilot_development
obs_117321,test,train,Matterport3D,zsNo4HB9uLZ_region_segmentations_region13.ply,train/obs_117321,train/obs_117321/metadata.json,obs_003,EASY,0.01,"[128,192]",Matterport3D:zsNo4HB9uLZ,train,True,1,Matterport3D,parent_pilot_development
obs_101600,train,train,Matterport3D,s8pcmisQ38h_region_segmentations_region0.ply,train/obs_101600,train/obs_101600/metadata.json,obs_006,LEARNABLE,0.01,"[128,192]",Matterport3D:s8pcmisQ38h,train,True,0,Matterport3D,
obs_117095,train,train,Matterport3D,s8pcmisQ38h_region_segmentations_region5.ply,train/obs_117095,train/obs_117095/metadata.json,obs_002,EASY,0.01,"[128,192]",Matterport3D:s8pcmisQ38h,train,True,1,Matterport3D,
obs_109121,test,train,Matterport3D,gZ6f7yhEvPG_region_segmentations_region0.ply,train/obs_109121,train/obs_109121/metadata.json,obs_006,LEARNABLE,0.01,"[128,192]",Matterport3D:gZ6f7yhEvPG,train,True,0,Matterport3D,parent_pilot_development
obs_122417,test,train,Matterport3D,gZ6f7yhEvPG_region_segmentations_region0.ply,train/obs_122417,train/obs_122417/metadata.json,obs_018,LEARNABLE,0.01,"[128,192]",Matterport3D:gZ6f7yhEvPG,train,True,1,Matterport3D,parent_pilot_development
obs_138621,test,train,Matterport3D,XcA2TqTSSAj_region_segmentations_region23.ply,train/obs_138621,train/obs_138621/metadata.json,obs_016,EASY,0.01,"[128,192]",Matterport3D:XcA2TqTSSAj,train,True,0,Matterport3D,
obs_114649,train,train,Matterport3D,XcA2TqTSSAj_region_segmentations_region17.ply,train/obs_114649,train/obs_114649/metadata.json,obs_015,EASY,0.01,"[128,192]",Matterport3D:XcA2TqTSSAj,train,True,1,Matterport3D,
obs_125625,train,train,Matterport3D,vyrNrziPKCB_region_segmentations_region5.ply,train/obs_125625,train/obs_125625/metadata.json,obs_015,LEARNABLE,0.01,"[128,192]",Matterport3D:vyrNrziPKCB,train,True,0,Matterport3D,old_train_or_checkpoint_validation
obs_123363,train,train,Matterport3D,vyrNrziPKCB_region_segmentations_region61.ply,train/obs_123363,train/obs_123363/metadata.json,obs_004,EASY,0.01,"[128,192]",Matterport3D:vyrNrziPKCB,train,True,1,Matterport3D,old_train_or_checkpoint_validation
obs_118204,train,train,Matterport3D,SN83YJsR3w2_region_segmentations_region9.ply,train/obs_118204,train/obs_118204/metadata.json,obs_019,EASY,0.01,"[128,192]",Matterport3D:SN83YJsR3w2,train,True,0,Matterport3D,old_train_or_checkpoint_validation
obs_125139,train,train,Matterport3D,SN83YJsR3w2_region_segmentations_region5.ply,train/obs_125139,train/obs_125139/metadata.json,obs_016,EASY,0.01,"[128,192]",Matterport3D:SN83YJsR3w2,train,True,1,Matterport3D,old_train_or_checkpoint_validation
obs_119542,train,train,Matterport3D,ULsKaCPVFJR_region_segmentations_region9.ply,train/obs_119542,train/obs_119542/metadata.json,obs_001,EASY,0.01,"[128,192]",Matterport3D:ULsKaCPVFJR,train,True,0,Matterport3D,old_train_or_checkpoint_validation
obs_113330,train,train,Matterport3D,ULsKaCPVFJR_region_segmentations_region22.ply,train/obs_113330,train/obs_113330/metadata.json,obs_013,EASY,0.01,"[128,192]",Matterport3D:ULsKaCPVFJR,train,True,1,Matterport3D,old_train_or_checkpoint_validation
obs_107505,test,train,Matterport3D,8194nk5LbLH_region_segmentations_region7.ply,train/obs_107505,train/obs_107505/metadata.json,obs_013,LEARNABLE,0.01,"[128,192]",Matterport3D:8194nk5LbLH,train,True,0,Matterport3D,
obs_139465,train,train,Matterport3D,8194nk5LbLH_region_segmentations_region4.ply,train/obs_139465,train/obs_139465/metadata.json,obs_000,LEARNABLE,0.01,"[128,192]",Matterport3D:8194nk5LbLH,train,True,1,Matterport3D,
obs_125670,train,train,Matterport3D,JeFG25nYj2p_region_segmentations_region3.ply,train/obs_125670,train/obs_125670/metadata.json,obs_022,EASY,0.01,"[128,192]",Matterport3D:JeFG25nYj2p,train,True,0,Matterport3D,parent_pilot_development
obs_140048,train,train,Matterport3D,JeFG25nYj2p_region_segmentations_region3.ply,train/obs_140048,train/obs_140048/metadata.json,obs_018,EASY,0.01,"[128,192]",Matterport3D:JeFG25nYj2p,train,True,1,Matterport3D,parent_pilot_development
obs_132815,train,train,Matterport3D,Pm6F8kyY3z2_region_segmentations_region2.ply,train/obs_132815,train/obs_132815/metadata.json,obs_003,EASY,0.01,"[128,192]",Matterport3D:Pm6F8kyY3z2,train,True,0,Matterport3D,
obs_137931,train,train,Matterport3D,Pm6F8kyY3z2_region_segmentations_region2.ply,train/obs_137931,train/obs_137931/metadata.json,obs_006,LEARNABLE,0.01,"[128,192]",Matterport3D:Pm6F8kyY3z2,train,True,1,Matterport3D,
obs_122511,test,train,Matterport3D,sKLMLpTHeUy_region_segmentations_region20.ply,train/obs_122511,train/obs_122511/metadata.json,obs_018,EASY,0.01,"[128,192]",Matterport3D:sKLMLpTHeUy,train,True,0,Matterport3D,parent_pilot_development
obs_107373,train,train,Matterport3D,sKLMLpTHeUy_region_segmentations_region26.ply,train/obs_107373,train/obs_107373/metadata.json,obs_019,LEARNABLE,0.01,"[128,192]",Matterport3D:sKLMLpTHeUy,train,True,1,Matterport3D,parent_pilot_development
obs_111082,train,train,Matterport3D,kEZ7cmS4wCh_region_segmentations_region6.ply,train/obs_111082,train/obs_111082/metadata.json,obs_002,EASY,0.01,"[128,192]",Matterport3D:kEZ7cmS4wCh,train,True,0,Matterport3D,parent_pilot_development
obs_133958,train,train,Matterport3D,kEZ7cmS4wCh_region_segmentations_region11.ply,train/obs_133958,train/obs_133958/metadata.json,obs_002,LEARNABLE,0.01,"[128,192]",Matterport3D:kEZ7cmS4wCh,train,True,1,Matterport3D,parent_pilot_development
obs_114524,train,train,Matterport3D,YVUC4YcDtcY_region_segmentations_region5.ply,train/obs_114524,train/obs_114524/metadata.json,obs_003,EASY,0.01,"[128,192]",Matterport3D:YVUC4YcDtcY,train,True,0,Matterport3D,
obs_117677,train,train,Matterport3D,YVUC4YcDtcY_region_segmentations_region3.ply,train/obs_117677,train/obs_117677/metadata.json,obs_022,EASY,0.01,"[128,192]",Matterport3D:YVUC4YcDtcY,train,True,1,Matterport3D,
obs_132783,train,train,Matterport3D,PX4nDJXEHrG_region_segmentations_region40.ply,train/obs_132783,train/obs_132783/metadata.json,obs_019,EASY,0.01,"[128,192]",Matterport3D:PX4nDJXEHrG,train,True,0,Matterport3D,old_train_or_checkpoint_validation
obs_130499,train,train,Matterport3D,PX4nDJXEHrG_region_segmentations_region43.ply,train/obs_130499,train/obs_130499/metadata.json,obs_000,LEARNABLE,0.01,"[128,192]",Matterport3D:PX4nDJXEHrG,train,True,1,Matterport3D,old_train_or_checkpoint_validation
obs_122470,train,train,Matterport3D,X7HyMhZNoso_region_segmentations_region28.ply,train/obs_122470,train/obs_122470/metadata.json,obs_015,LEARNABLE,0.01,"[128,192]",Matterport3D:X7HyMhZNoso,train,True,0,Matterport3D,
obs_112113,train,train,Matterport3D,X7HyMhZNoso_region_segmentations_region9.ply,train/obs_112113,train/obs_112113/metadata.json,obs_014,EASY,0.01,"[128,192]",Matterport3D:X7HyMhZNoso,train,True,1,Matterport3D,
obs_101164,train,train,Matterport3D,ARNzJeq3xxb_region_segmentations_region1.ply,train/obs_101164,train/obs_101164/metadata.json,obs_009,EASY,0.01,"[128,192]",Matterport3D:ARNzJeq3xxb,train,True,0,Matterport3D,
obs_125238,train,train,Matterport3D,ARNzJeq3xxb_region_segmentations_region16.ply,train/obs_125238,train/obs_125238/metadata.json,obs_006,EASY,0.01,"[128,192]",Matterport3D:ARNzJeq3xxb,train,True,1,Matterport3D,
obs_109269,train,train,Matterport3D,V2XKFyX4ASd_region_segmentations_region10.ply,train/obs_109269,train/obs_109269/metadata.json,obs_010,LEARNABLE,0.01,"[128,192]",Matterport3D:V2XKFyX4ASd,train,True,0,Matterport3D,
obs_120799,train,train,Matterport3D,V2XKFyX4ASd_region_segmentations_region24.ply,train/obs_120799,train/obs_120799/metadata.json,obs_002,EASY,0.01,"[128,192]",Matterport3D:V2XKFyX4ASd,train,True,1,Matterport3D,
obs_118921,test,train,Matterport3D,fzynW3qQPVF_region_segmentations_region18.ply,train/obs_118921,train/obs_118921/metadata.json,obs_016,EASY,0.01,"[128,192]",Matterport3D:fzynW3qQPVF,train,True,0,Matterport3D,old_train_or_checkpoint_validation
obs_135951,train,train,Matterport3D,fzynW3qQPVF_region_segmentations_region23.ply,train/obs_135951,train/obs_135951/metadata.json,obs_013,EASY,0.01,"[128,192]",Matterport3D:fzynW3qQPVF,train,True,1,Matterport3D,old_train_or_checkpoint_validation
obs_116098,train,train,Matterport3D,dhjEzFoUFzH_region_segmentations_region0.ply,train/obs_116098,train/obs_116098/metadata.json,obs_004,EASY,0.01,"[128,192]",Matterport3D:dhjEzFoUFzH,train,False,0,Matterport3D,
obs_133669,train,train,Matterport3D,dhjEzFoUFzH_region_segmentations_region0.ply,train/obs_133669,train/obs_133669/metadata.json,obs_016,EASY,0.01,"[128,192]",Matterport3D:dhjEzFoUFzH,train,False,1,Matterport3D,
obs_111741,train,train,Matterport3D,VVfe2KiqLaN_region_segmentations_region11.ply,train/obs_111741,train/obs_111741/metadata.json,obs_014,LEARNABLE,0.01,"[128,192]",Matterport3D:VVfe2KiqLaN,train,True,0,Matterport3D,old_train_or_checkpoint_validation
obs_141987,train,train,Matterport3D,VVfe2KiqLaN_region_segmentations_region3.ply,train/obs_141987,train/obs_141987/metadata.json,obs_005,LEARNABLE,0.01,"[128,192]",Matterport3D:VVfe2KiqLaN,train,True,1,Matterport3D,old_train_or_checkpoint_validation
obs_101252,train,train,Matterport3D,2azQ1b91cZZ_region_segmentations_region24.ply,train/obs_101252,train/obs_101252/metadata.json,obs_015,EASY,0.01,"[128,192]",Matterport3D:2azQ1b91cZZ,train,True,0,Matterport3D,old_train_or_checkpoint_validation|parent_pilot_development
obs_129208,train,train,Matterport3D,2azQ1b91cZZ_region_segmentations_region24.ply,train/obs_129208,train/obs_129208/metadata.json,obs_010,EASY,0.01,"[128,192]",Matterport3D:2azQ1b91cZZ,train,True,1,Matterport3D,old_train_or_checkpoint_validation|parent_pilot_development
obs_100959,train,train,Matterport3D,1LXtFkjw3qL_region_segmentations_region7.ply,train/obs_100959,train/obs_100959/metadata.json,obs_016,LEARNABLE,0.01,"[128,192]",Matterport3D:1LXtFkjw3qL,train,True,0,Matterport3D,
obs_126923,train,train,Matterport3D,1LXtFkjw3qL_region_segmentations_region12.ply,train/obs_126923,train/obs_126923/metadata.json,obs_014,EASY,0.01,"[128,192]",Matterport3D:1LXtFkjw3qL,train,True,1,Matterport3D,
obs_140642,train,train,Matterport3D,sT4fr6TAbpF_region_segmentations_region8.ply,train/obs_140642,train/obs_140642/metadata.json,obs_003,EASY,0.01,"[128,192]",Matterport3D:sT4fr6TAbpF,train,True,0,Matterport3D,
obs_129606,train,train,Matterport3D,sT4fr6TAbpF_region_segmentations_region10.ply,train/obs_129606,train/obs_129606/metadata.json,obs_005,EASY,0.01,"[128,192]",Matterport3D:sT4fr6TAbpF,train,True,1,Matterport3D,
obs_113093,train,train,Matterport3D,e9zR4mvMWw7_region_segmentations_region19.ply,train/obs_113093,train/obs_113093/metadata.json,obs_014,EASY,0.01,"[128,192]",Matterport3D:e9zR4mvMWw7,train,True,0,Matterport3D,
obs_132633,train,train,Matterport3D,e9zR4mvMWw7_region_segmentations_region0.ply,train/obs_132633,train/obs_132633/metadata.json,obs_021,EASY,0.01,"[128,192]",Matterport3D:e9zR4mvMWw7,train,True,1,Matterport3D,
obs_132151,test,train,Matterport3D,ac26ZMwG7aT_region_segmentations_region12.ply,train/obs_132151,train/obs_132151/metadata.json,obs_013,LEARNABLE,0.01,"[128,192]",Matterport3D:ac26ZMwG7aT,train,True,0,Matterport3D,parent_pilot_development
obs_117459,train,train,Matterport3D,ac26ZMwG7aT_region_segmentations_region21.ply,train/obs_117459,train/obs_117459/metadata.json,obs_020,LEARNABLE,0.01,"[128,192]",Matterport3D:ac26ZMwG7aT,train,True,1,Matterport3D,parent_pilot_development
obs_138104,train,train,Matterport3D,rPc6DW4iMge_region_segmentations_region18.ply,train/obs_138104,train/obs_138104/metadata.json,obs_003,EASY,0.01,"[128,192]",Matterport3D:rPc6DW4iMge,train,True,0,Matterport3D,
obs_128993,train,train,Matterport3D,rPc6DW4iMge_region_segmentations_region13.ply,train/obs_128993,train/obs_128993/metadata.json,obs_006,LEARNABLE,0.01,"[128,192]",Matterport3D:rPc6DW4iMge,train,True,1,Matterport3D,
obs_127138,test,train,Matterport3D,r1Q1Z4BcV1o_region_segmentations_region2.ply,train/obs_127138,train/obs_127138/metadata.json,obs_017,LEARNABLE,0.01,"[128,192]",Matterport3D:r1Q1Z4BcV1o,train,True,0,Matterport3D,
obs_108774,train,train,Matterport3D,r1Q1Z4BcV1o_region_segmentations_region5.ply,train/obs_108774,train/obs_108774/metadata.json,obs_015,LEARNABLE,0.01,"[128,192]",Matterport3D:r1Q1Z4BcV1o,train,True,1,Matterport3D,
obs_108101,train,train,Matterport3D,5ZKStnWn8Zo_region_segmentations_region7.ply,train/obs_108101,train/obs_108101/metadata.json,obs_018,LEARNABLE,0.01,"[128,192]",Matterport3D:5ZKStnWn8Zo,train,True,0,Matterport3D,old_train_or_checkpoint_validation
obs_133241,train,train,Matterport3D,5ZKStnWn8Zo_region_segmentations_region3.ply,train/obs_133241,train/obs_133241/metadata.json,obs_013,LEARNABLE,0.01,"[128,192]",Matterport3D:5ZKStnWn8Zo,train,True,1,Matterport3D,old_train_or_checkpoint_validation
obs_110002,train,train,Matterport3D,r47D5H71a5s_region_segmentations_region6.ply,train/obs_110002,train/obs_110002/metadata.json,obs_000,EASY,0.01,"[128,192]",Matterport3D:r47D5H71a5s,train,True,0,Matterport3D,old_train_or_checkpoint_validation
obs_106712,train,train,Matterport3D,r47D5H71a5s_region_segmentations_region9.ply,train/obs_106712,train/obs_106712/metadata.json,obs_021,LEARNABLE,0.01,"[128,192]",Matterport3D:r47D5H71a5s,train,True,1,Matterport3D,old_train_or_checkpoint_validation
obs_120270,train,train,Matterport3D,pRbA3pwrgk9_region_segmentations_region26.ply,train/obs_120270,train/obs_120270/metadata.json,obs_011,EASY,0.01,"[128,192]",Matterport3D:pRbA3pwrgk9,train,True,0,Matterport3D,old_train_or_checkpoint_validation|parent_pilot_development
obs_106954,validation,train,Matterport3D,pRbA3pwrgk9_region_segmentations_region13.ply,train/obs_106954,train/obs_106954/metadata.json,obs_013,EASY,0.01,"[128,192]",Matterport3D:pRbA3pwrgk9,train,True,1,Matterport3D,old_train_or_checkpoint_validation|parent_pilot_development
obs_108481,train,train,Matterport3D,cV4RVeZvu5T_region_segmentations_region5.ply,train/obs_108481,train/obs_108481/metadata.json,obs_005,EASY,0.01,"[128,192]",Matterport3D:cV4RVeZvu5T,train,True,0,Matterport3D,parent_pilot_development
obs_112619,train,train,Matterport3D,cV4RVeZvu5T_region_segmentations_region13.ply,train/obs_112619,train/obs_112619/metadata.json,obs_003,LEARNABLE,0.01,"[128,192]",Matterport3D:cV4RVeZvu5T,train,True,1,Matterport3D,parent_pilot_development
obs_139974,train,train,Matterport3D,mJXqzFtmKg4_region_segmentations_region18.ply,train/obs_139974,train/obs_139974/metadata.json,obs_002,EASY,0.01,"[128,192]",Matterport3D:mJXqzFtmKg4,train,True,0,Matterport3D,old_train_or_checkpoint_validation
obs_134142,train,train,Matterport3D,mJXqzFtmKg4_region_segmentations_region10.ply,train/obs_134142,train/obs_134142/metadata.json,obs_004,EASY,0.01,"[128,192]",Matterport3D:mJXqzFtmKg4,train,True,1,Matterport3D,old_train_or_checkpoint_validation
obs_109257,train,train,Matterport3D,pLe4wQe7qrG_region_segmentations_region0.ply,train/obs_109257,train/obs_109257/metadata.json,obs_023,EASY,0.01,"[128,192]",Matterport3D:pLe4wQe7qrG,train,False,0,Matterport3D,parent_pilot_development
obs_100994,train,train,Matterport3D,pLe4wQe7qrG_region_segmentations_region0.ply,train/obs_100994,train/obs_100994/metadata.json,obs_015,LEARNABLE,0.01,"[128,192]",Matterport3D:pLe4wQe7qrG,train,False,1,Matterport3D,parent_pilot_development
obs_132475,train,train,Matterport3D,RPmz2sHmrrY_region_segmentations_region6.ply,train/obs_132475,train/obs_132475/metadata.json,obs_020,EASY,0.01,"[128,192]",Matterport3D:RPmz2sHmrrY,train,True,0,Matterport3D,parent_pilot_development
obs_107867,train,train,Matterport3D,RPmz2sHmrrY_region_segmentations_region7.ply,train/obs_107867,train/obs_107867/metadata.json,obs_021,EASY,0.01,"[128,192]",Matterport3D:RPmz2sHmrrY,train,True,1,Matterport3D,parent_pilot_development
obs_105251,train,train,Matterport3D,S9hNv5qa7GM_region_segmentations_region6.ply,train/obs_105251,train/obs_105251/metadata.json,obs_010,EASY,0.01,"[128,192]",Matterport3D:S9hNv5qa7GM,train,True,0,Matterport3D,old_train_or_checkpoint_validation|published_development_gallery
obs_122096,train,train,Matterport3D,S9hNv5qa7GM_region_segmentations_region2.ply,train/obs_122096,train/obs_122096/metadata.json,obs_021,LEARNABLE,0.01,"[128,192]",Matterport3D:S9hNv5qa7GM,train,True,1,Matterport3D,old_train_or_checkpoint_validation|published_development_gallery
obs_104770,validation,train,Matterport3D,x8F5xyUWy9e_region_segmentations_region11.ply,train/obs_104770,train/obs_104770/metadata.json,obs_005,LEARNABLE,0.01,"[128,192]",Matterport3D:x8F5xyUWy9e,train,True,0,Matterport3D,parent_pilot_development
obs_121902,validation,train,Matterport3D,x8F5xyUWy9e_region_segmentations_region11.ply,train/obs_121902,train/obs_121902/metadata.json,obs_010,EASY,0.01,"[128,192]",Matterport3D:x8F5xyUWy9e,train,True,1,Matterport3D,parent_pilot_development
obs_104335,validation,train,Matterport3D,D7G3Y4RVNrH_region_segmentations_region3.ply,train/obs_104335,train/obs_104335/metadata.json,obs_023,EASY,0.01,"[128,192]",Matterport3D:D7G3Y4RVNrH,train,True,0,Matterport3D,
obs_140567,train,train,Matterport3D,D7G3Y4RVNrH_region_segmentations_region0.ply,train/obs_140567,train/obs_140567/metadata.json,obs_002,LEARNABLE,0.01,"[128,192]",Matterport3D:D7G3Y4RVNrH,train,True,1,Matterport3D,
obs_115812,train,train,Matterport3D,759xd9YjKW5_region_segmentations_region13.ply,train/obs_115812,train/obs_115812/metadata.json,obs_018,EASY,0.01,"[128,192]",Matterport3D:759xd9YjKW5,train,True,0,Matterport3D,old_train_or_checkpoint_validation
obs_110757,test,train,Matterport3D,759xd9YjKW5_region_segmentations_region1.ply,train/obs_110757,train/obs_110757/metadata.json,obs_008,LEARNABLE,0.01,"[128,192]",Matterport3D:759xd9YjKW5,train,True,1,Matterport3D,old_train_or_checkpoint_validation
obs_120730,train,train,Matterport3D,JF19kD82Mey_region_segmentations_region1.ply,train/obs_120730,train/obs_120730/metadata.json,obs_018,LEARNABLE,0.01,"[128,192]",Matterport3D:JF19kD82Mey,train,True,0,Matterport3D,old_train_or_checkpoint_validation
obs_139313,train,train,Matterport3D,JF19kD82Mey_region_segmentations_region4.ply,train/obs_139313,train/obs_139313/metadata.json,obs_000,EASY,0.01,"[128,192]",Matterport3D:JF19kD82Mey,train,True,1,Matterport3D,old_train_or_checkpoint_validation
obs_122557,train,train,Matterport3D,GdvgFV5R1Z5_region_segmentations_region2.ply,train/obs_122557,train/obs_122557/metadata.json,obs_021,LEARNABLE,0.01,"[128,192]",Matterport3D:GdvgFV5R1Z5,train,False,0,Matterport3D,
obs_142009,train,train,Matterport3D,GdvgFV5R1Z5_region_segmentations_region5.ply,train/obs_142009,train/obs_142009/metadata.json,obs_010,LEARNABLE,0.01,"[128,192]",Matterport3D:GdvgFV5R1Z5,train,False,1,Matterport3D,
obs_109693,train,train,Matterport3D,VLzqgDo317F_region_segmentations_region6.ply,train/obs_109693,train/obs_109693/metadata.json,obs_021,LEARNABLE,0.01,"[128,192]",Matterport3D:VLzqgDo317F,train,True,0,Matterport3D,
obs_119154,train,train,Matterport3D,VLzqgDo317F_region_segmentations_region14.ply,train/obs_119154,train/obs_119154/metadata.json,obs_007,EASY,0.01,"[128,192]",Matterport3D:VLzqgDo317F,train,True,1,Matterport3D,
obs_117458,train,train,Matterport3D,jtcxE69GiFV_region_segmentations_region34.ply,train/obs_117458,train/obs_117458/metadata.json,obs_005,EASY,0.01,"[128,192]",Matterport3D:jtcxE69GiFV,train,True,0,Matterport3D,old_train_or_checkpoint_validation|parent_pilot_development
obs_133452,train,train,Matterport3D,jtcxE69GiFV_region_segmentations_region23.ply,train/obs_133452,train/obs_133452/metadata.json,obs_017,EASY,0.01,"[128,192]",Matterport3D:jtcxE69GiFV,train,True,1,Matterport3D,old_train_or_checkpoint_validation|parent_pilot_development
obs_120170,train,train,Matterport3D,2t7WUuJeko7_region_segmentations_region1.ply,train/obs_120170,train/obs_120170/metadata.json,obs_020,EASY,0.01,"[128,192]",Matterport3D:2t7WUuJeko7,train,True,0,Matterport3D,old_train_or_checkpoint_validation
obs_120824,test,train,Matterport3D,2t7WUuJeko7_region_segmentations_region4.ply,train/obs_120824,train/obs_120824/metadata.json,obs_000,EASY,0.01,"[128,192]",Matterport3D:2t7WUuJeko7,train,True,1,Matterport3D,old_train_or_checkpoint_validation
obs_123600,train,train,Matterport3D,QUCTc6BB5sX_region_segmentations_region31.ply,train/obs_123600,train/obs_123600/metadata.json,obs_003,EASY,0.01,"[128,192]",Matterport3D:QUCTc6BB5sX,train,True,0,Matterport3D,old_train_or_checkpoint_validation
obs_124081,train,train,Matterport3D,QUCTc6BB5sX_region_segmentations_region24.ply,train/obs_124081,train/obs_124081/metadata.json,obs_005,EASY,0.01,"[128,192]",Matterport3D:QUCTc6BB5sX,train,True,1,Matterport3D,old_train_or_checkpoint_validation
obs_105950,train,train,Matterport3D,aayBHfsNo7d_region_segmentations_region19.ply,train/obs_105950,train/obs_105950/metadata.json,obs_021,EASY,0.01,"[128,192]",Matterport3D:aayBHfsNo7d,train,True,0,Matterport3D,parent_pilot_development
obs_121921,train,train,Matterport3D,aayBHfsNo7d_region_segmentations_region16.ply,train/obs_121921,train/obs_121921/metadata.json,obs_004,LEARNABLE,0.01,"[128,192]",Matterport3D:aayBHfsNo7d,train,True,1,Matterport3D,parent_pilot_development
obs_130137,test,train,Matterport3D,29hnd4uzFmX_region_segmentations_region6.ply,train/obs_130137,train/obs_130137/metadata.json,obs_016,EASY,0.01,"[128,192]",Matterport3D:29hnd4uzFmX,train,True,0,Matterport3D,
obs_139273,train,train,Matterport3D,29hnd4uzFmX_region_segmentations_region13.ply,train/obs_139273,train/obs_139273/metadata.json,obs_002,LEARNABLE,0.01,"[128,192]",Matterport3D:29hnd4uzFmX,train,True,1,Matterport3D,
obs_103078,test,train,Matterport3D,YmJkqBEsHnH_region_segmentations_region1.ply,train/obs_103078,train/obs_103078/metadata.json,obs_011,EASY,0.01,"[128,192]",Matterport3D:YmJkqBEsHnH,train,True,0,Matterport3D,
obs_136971,train,train,Matterport3D,YmJkqBEsHnH_region_segmentations_region3.ply,train/obs_136971,train/obs_136971/metadata.json,obs_000,LEARNABLE,0.01,"[128,192]",Matterport3D:YmJkqBEsHnH,train,True,1,Matterport3D,
obs_113419,train,train,Matterport3D,b8cTxDM8gDG_region_segmentations_region10.ply,train/obs_113419,train/obs_113419/metadata.json,obs_000,EASY,0.01,"[128,192]",Matterport3D:b8cTxDM8gDG,train,True,0,Matterport3D,old_train_or_checkpoint_validation|parent_pilot_development
obs_124291,test,train,Matterport3D,b8cTxDM8gDG_region_segmentations_region15.ply,train/obs_124291,train/obs_124291/metadata.json,obs_002,LEARNABLE,0.01,"[128,192]",Matterport3D:b8cTxDM8gDG,train,True,1,Matterport3D,old_train_or_checkpoint_validation|parent_pilot_development
obs_117034,train,train,Matterport3D,7y3sRwLe3Va_region_segmentations_region26.ply,train/obs_117034,train/obs_117034/metadata.json,obs_005,EASY,0.01,"[128,192]",Matterport3D:7y3sRwLe3Va,train,True,0,Matterport3D,parent_pilot_development
obs_132859,train,train,Matterport3D,7y3sRwLe3Va_region_segmentations_region7.ply,train/obs_132859,train/obs_132859/metadata.json,obs_017,EASY,0.01,"[128,192]",Matterport3D:7y3sRwLe3Va,train,True,1,Matterport3D,parent_pilot_development
obs_114521,train,train,Matterport3D,jh4fc5c5qoQ_region_segmentations_region2.ply,train/obs_114521,train/obs_114521/metadata.json,obs_004,EASY,0.01,"[128,192]",Matterport3D:jh4fc5c5qoQ,train,True,0,Matterport3D,
obs_127019,train,train,Matterport3D,jh4fc5c5qoQ_region_segmentations_region8.ply,train/obs_127019,train/obs_127019/metadata.json,obs_013,EASY,0.01,"[128,192]",Matterport3D:jh4fc5c5qoQ,train,True,1,Matterport3D,
obs_124629,validation,train,Matterport3D,gTV8FGcVJC9_region_segmentations_region8.ply,train/obs_124629,train/obs_124629/metadata.json,obs_013,LEARNABLE,0.01,"[128,192]",Matterport3D:gTV8FGcVJC9,train,True,0,Matterport3D,parent_pilot_development
obs_140800,train,train,Matterport3D,gTV8FGcVJC9_region_segmentations_region12.ply,train/obs_140800,train/obs_140800/metadata.json,obs_008,LEARNABLE,0.01,"[128,192]",Matterport3D:gTV8FGcVJC9,train,True,1,Matterport3D,parent_pilot_development
obs_155341,train,train,ScanNet,scene0228_00,train/obs_155341,train/obs_155341/metadata.json,obs_007,LEARNABLE,0.01,"[128,192]",ScanNet:scene0228,train,False,0,ScanNet,
obs_161958,train,train,ScanNet,scene0228_00,train/obs_161958,train/obs_161958/metadata.json,obs_009,LEARNABLE,0.01,"[128,192]",ScanNet:scene0228,train,False,1,ScanNet,
obs_158038,train,train,ScanNet,scene0178_00,train/obs_158038,train/obs_158038/metadata.json,obs_008,EASY,0.01,"[128,192]",ScanNet:scene0178,train,True,0,ScanNet,
obs_147700,train,train,ScanNet,scene0178_00,train/obs_147700,train/obs_147700/metadata.json,obs_019,EASY,0.01,"[128,192]",ScanNet:scene0178,train,True,1,ScanNet,
obs_165312,validation,train,ScanNet,scene0501_01,train/obs_165312,train/obs_165312/metadata.json,obs_000,EASY,0.01,"[128,192]",ScanNet:scene0501,train,True,0,ScanNet,
obs_153132,train,train,ScanNet,scene0501_02,train/obs_153132,train/obs_153132/metadata.json,obs_019,LEARNABLE,0.01,"[128,192]",ScanNet:scene0501,train,True,1,ScanNet,
obs_149321,train,train,ScanNet,scene0105_02,train/obs_149321,train/obs_149321/metadata.json,obs_011,LEARNABLE,0.01,"[128,192]",ScanNet:scene0105,train,True,0,ScanNet,
obs_154508,train,train,ScanNet,scene0105_00,train/obs_154508,train/obs_154508/metadata.json,obs_012,LEARNABLE,0.01,"[128,192]",ScanNet:scene0105,train,True,1,ScanNet,
obs_167415,train,train,ScanNet,scene0087_00,train/obs_167415,train/obs_167415/metadata.json,obs_018,LEARNABLE,0.01,"[128,192]",ScanNet:scene0087,train,True,0,ScanNet,
obs_144514,train,train,ScanNet,scene0087_02,train/obs_144514,train/obs_144514/metadata.json,obs_005,LEARNABLE,0.01,"[128,192]",ScanNet:scene0087,train,True,1,ScanNet,
obs_160936,train,train,ScanNet,scene0572_00,train/obs_160936,train/obs_160936/metadata.json,obs_022,EASY,0.01,"[128,192]",ScanNet:scene0572,train,True,0,ScanNet,
obs_152733,train,train,ScanNet,scene0572_01,train/obs_152733,train/obs_152733/metadata.json,obs_018,LEARNABLE,0.01,"[128,192]",ScanNet:scene0572,train,True,1,ScanNet,
obs_150213,train,train,ScanNet,scene0246_00,train/obs_150213,train/obs_150213/metadata.json,obs_000,LEARNABLE,0.01,"[128,192]",ScanNet:scene0246,train,True,0,ScanNet,
obs_162040,train,train,ScanNet,scene0246_00,train/obs_162040,train/obs_162040/metadata.json,obs_019,LEARNABLE,0.01,"[128,192]",ScanNet:scene0246,train,True,1,ScanNet,
obs_155248,test,train,ScanNet,scene0296_01,train/obs_155248,train/obs_155248/metadata.json,obs_023,EASY,0.01,"[128,192]",ScanNet:scene0296,train,False,0,ScanNet,
obs_161795,train,train,ScanNet,scene0296_00,train/obs_161795,train/obs_161795/metadata.json,obs_016,EASY,0.01,"[128,192]",ScanNet:scene0296,train,False,1,ScanNet,
obs_148795,validation,train,ScanNet,scene0461_00,train/obs_148795,train/obs_148795/metadata.json,obs_010,LEARNABLE,0.01,"[128,192]",ScanNet:scene0461,train,True,0,ScanNet,
obs_145376,validation,train,ScanNet,scene0461_00,train/obs_145376,train/obs_145376/metadata.json,obs_011,EASY,0.01,"[128,192]",ScanNet:scene0461,train,True,1,ScanNet,
obs_158098,train,train,ScanNet,scene0032_01,train/obs_158098,train/obs_158098/metadata.json,obs_000,EASY,0.01,"[128,192]",ScanNet:scene0032,train,True,0,ScanNet,
obs_163573,train,train,ScanNet,scene0032_00,train/obs_163573,train/obs_163573/metadata.json,obs_004,EASY,0.01,"[128,192]",ScanNet:scene0032,train,True,1,ScanNet,
obs_168242,test,train,ScanNet,scene0329_00,train/obs_168242,train/obs_168242/metadata.json,obs_014,LEARNABLE,0.01,"[128,192]",ScanNet:scene0329,train,True,0,ScanNet,
obs_163110,train,train,ScanNet,scene0329_02,train/obs_163110,train/obs_163110/metadata.json,obs_000,LEARNABLE,0.01,"[128,192]",ScanNet:scene0329,train,True,1,ScanNet,
obs_160431,train,train,ScanNet,scene0322_00,train/obs_160431,train/obs_160431/metadata.json,obs_011,LEARNABLE,0.01,"[128,192]",ScanNet:scene0322,train,False,0,ScanNet,
obs_165229,train,train,ScanNet,scene0322_00,train/obs_165229,train/obs_165229/metadata.json,obs_003,LEARNABLE,0.01,"[128,192]",ScanNet:scene0322,train,False,1,ScanNet,
obs_159130,train,train,ScanNet,scene0383_02,train/obs_159130,train/obs_159130/metadata.json,obs_019,LEARNABLE,0.01,"[128,192]",ScanNet:scene0383,train,True,0,ScanNet,
obs_148082,train,train,ScanNet,scene0383_02,train/obs_148082,train/obs_148082/metadata.json,obs_006,EASY,0.01,"[128,192]",ScanNet:scene0383,train,True,1,ScanNet,
obs_149825,validation,train,ScanNet,scene0586_01,train/obs_149825,train/obs_149825/metadata.json,obs_022,LEARNABLE,0.01,"[128,192]",ScanNet:scene0586,train,True,0,ScanNet,
obs_147064,train,train,ScanNet,scene0586_02,train/obs_147064,train/obs_147064/metadata.json,obs_019,EASY,0.01,"[128,192]",ScanNet:scene0586,train,True,1,ScanNet,
obs_171125,train,train,ScanNet,scene0326_00,train/obs_171125,train/obs_171125/metadata.json,obs_008,LEARNABLE,0.01,"[128,192]",ScanNet:scene0326,train,False,0,ScanNet,
obs_154010,train,train,ScanNet,scene0326_00,train/obs_154010,train/obs_154010/metadata.json,obs_018,LEARNABLE,0.01,"[128,192]",ScanNet:scene0326,train,False,1,ScanNet,
obs_150853,train,train,ScanNet,scene0197_01,train/obs_150853,train/obs_150853/metadata.json,obs_019,LEARNABLE,0.01,"[128,192]",ScanNet:scene0197,train,True,0,ScanNet,
obs_153331,train,train,ScanNet,scene0197_01,train/obs_153331,train/obs_153331/metadata.json,obs_011,LEARNABLE,0.01,"[128,192]",ScanNet:scene0197,train,True,1,ScanNet,
obs_143664,train,train,ScanNet,scene0471_01,train/obs_143664,train/obs_143664/metadata.json,obs_015,LEARNABLE,0.01,"[128,192]",ScanNet:scene0471,train,True,0,ScanNet,
obs_168863,train,train,ScanNet,scene0471_01,train/obs_168863,train/obs_168863/metadata.json,obs_005,EASY,0.01,"[128,192]",ScanNet:scene0471,train,True,1,ScanNet,
obs_170517,train,train,ScanNet,scene0477_01,train/obs_170517,train/obs_170517/metadata.json,obs_000,EASY,0.01,"[128,192]",ScanNet:scene0477,train,True,0,ScanNet,
obs_156370,train,train,ScanNet,scene0477_01,train/obs_156370,train/obs_156370/metadata.json,obs_023,EASY,0.01,"[128,192]",ScanNet:scene0477,train,True,1,ScanNet,
obs_160198,validation,train,ScanNet,scene0281_00,train/obs_160198,train/obs_160198/metadata.json,obs_018,LEARNABLE,0.01,"[128,192]",ScanNet:scene0281,train,True,0,ScanNet,
obs_147322,validation,train,ScanNet,scene0281_00,train/obs_147322,train/obs_147322/metadata.json,obs_011,LEARNABLE,0.01,"[128,192]",ScanNet:scene0281,train,True,1,ScanNet,
obs_166456,validation,train,ScanNet,scene0287_00,train/obs_166456,train/obs_166456/metadata.json,obs_012,LEARNABLE,0.01,"[128,192]",ScanNet:scene0287,train,True,0,ScanNet,
obs_155742,validation,train,ScanNet,scene0287_00,train/obs_155742,train/obs_155742/metadata.json,obs_017,LEARNABLE,0.01,"[128,192]",ScanNet:scene0287,train,True,1,ScanNet,
obs_160529,train,train,ScanNet,scene0014_00,train/obs_160529,train/obs_160529/metadata.json,obs_011,LEARNABLE,0.01,"[128,192]",ScanNet:scene0014,train,False,0,ScanNet,parent_pilot_development
obs_165012,train,train,ScanNet,scene0014_00,train/obs_165012,train/obs_165012/metadata.json,obs_012,LEARNABLE,0.01,"[128,192]",ScanNet:scene0014,train,False,1,ScanNet,parent_pilot_development
obs_165716,train,train,ScanNet,scene0079_01,train/obs_165716,train/obs_165716/metadata.json,obs_013,LEARNABLE,0.01,"[128,192]",ScanNet:scene0079,train,True,0,ScanNet,
obs_149107,train,train,ScanNet,scene0079_00,train/obs_149107,train/obs_149107/metadata.json,obs_008,EASY,0.01,"[128,192]",ScanNet:scene0079,train,True,1,ScanNet,
obs_149617,train,train,ScanNet,scene0455_00,train/obs_149617,train/obs_149617/metadata.json,obs_017,LEARNABLE,0.01,"[128,192]",ScanNet:scene0455,train,False,0,ScanNet,
obs_145334,train,train,ScanNet,scene0455_00,train/obs_145334,train/obs_145334/metadata.json,obs_018,EASY,0.01,"[128,192]",ScanNet:scene0455,train,False,1,ScanNet,
obs_170050,train,train,ScanNet,scene0187_01,train/obs_170050,train/obs_170050/metadata.json,obs_013,EASY,0.01,"[128,192]",ScanNet:scene0187,train,False,0,ScanNet,
obs_151080,test,train,ScanNet,scene0187_00,train/obs_151080,train/obs_151080/metadata.json,obs_004,EASY,0.01,"[128,192]",ScanNet:scene0187,train,False,1,ScanNet,
obs_149149,train,train,ScanNet,scene0066_00,train/obs_149149,train/obs_149149/metadata.json,obs_007,EASY,0.01,"[128,192]",ScanNet:scene0066,train,False,0,ScanNet,
obs_163582,train,train,ScanNet,scene0066_00,train/obs_163582,train/obs_163582/metadata.json,obs_015,LEARNABLE,0.01,"[128,192]",ScanNet:scene0066,train,False,1,ScanNet,
obs_168662,train,train,ScanNet,scene0442_00,train/obs_168662,train/obs_168662/metadata.json,obs_022,LEARNABLE,0.01,"[128,192]",ScanNet:scene0442,train,False,0,ScanNet,parent_pilot_development
obs_169846,train,train,ScanNet,scene0442_00,train/obs_169846,train/obs_169846/metadata.json,obs_018,LEARNABLE,0.01,"[128,192]",ScanNet:scene0442,train,False,1,ScanNet,parent_pilot_development
obs_147913,validation,train,ScanNet,scene0538_00,train/obs_147913,train/obs_147913/metadata.json,obs_016,EASY,0.01,"[128,192]",ScanNet:scene0538,train,False,0,ScanNet,
obs_150590,validation,train,ScanNet,scene0538_00,train/obs_150590,train/obs_150590/metadata.json,obs_005,EASY,0.01,"[128,192]",ScanNet:scene0538,train,False,1,ScanNet,
obs_164586,validation,train,ScanNet,scene0507_00,train/obs_164586,train/obs_164586/metadata.json,obs_001,LEARNABLE,0.01,"[128,192]",ScanNet:scene0507,train,True,0,ScanNet,
obs_169741,validation,train,ScanNet,scene0507_00,train/obs_169741,train/obs_169741/metadata.json,obs_018,EASY,0.01,"[128,192]",ScanNet:scene0507,train,True,1,ScanNet,
obs_168400,train,train,ScanNet,scene0177_01,train/obs_168400,train/obs_168400/metadata.json,obs_016,EASY,0.01,"[128,192]",ScanNet:scene0177,train,True,0,ScanNet,
obs_162588,validation,train,ScanNet,scene0177_00,train/obs_162588,train/obs_162588/metadata.json,obs_003,LEARNABLE,0.01,"[128,192]",ScanNet:scene0177,train,True,1,ScanNet,
obs_164313,train,train,ScanNet,scene0286_02,train/obs_164313,train/obs_164313/metadata.json,obs_020,EASY,0.01,"[128,192]",ScanNet:scene0286,train,True,0,ScanNet,
obs_168692,train,train,ScanNet,scene0286_00,train/obs_168692,train/obs_168692/metadata.json,obs_017,LEARNABLE,0.01,"[128,192]",ScanNet:scene0286,train,True,1,ScanNet,
obs_152924,validation,train,ScanNet,scene0410_01,train/obs_152924,train/obs_152924/metadata.json,obs_002,LEARNABLE,0.01,"[128,192]",ScanNet:scene0410,train,True,0,ScanNet,
obs_153156,train,train,ScanNet,scene0410_00,train/obs_153156,train/obs_153156/metadata.json,obs_018,LEARNABLE,0.01,"[128,192]",ScanNet:scene0410,train,True,1,ScanNet,
obs_148812,train,train,ScanNet,scene0566_00,train/obs_148812,train/obs_148812/metadata.json,obs_007,EASY,0.01,"[128,192]",ScanNet:scene0566,train,False,0,ScanNet,
obs_157040,train,train,ScanNet,scene0566_00,train/obs_157040,train/obs_157040/metadata.json,obs_012,EASY,0.01,"[128,192]",ScanNet:scene0566,train,False,1,ScanNet,
obs_152106,train,train,ScanNet,scene0098_00,train/obs_152106,train/obs_152106/metadata.json,obs_015,LEARNABLE,0.01,"[128,192]",ScanNet:scene0098,train,True,0,ScanNet,
obs_144869,train,train,ScanNet,scene0098_01,train/obs_144869,train/obs_144869/metadata.json,obs_013,LEARNABLE,0.01,"[128,192]",ScanNet:scene0098,train,True,1,ScanNet,
obs_162583,test,train,ScanNet,scene0360_00,train/obs_162583,train/obs_162583/metadata.json,obs_014,EASY,0.01,"[128,192]",ScanNet:scene0360,train,True,0,ScanNet,
obs_148389,test,train,ScanNet,scene0360_00,train/obs_148389,train/obs_148389/metadata.json,obs_020,EASY,0.01,"[128,192]",ScanNet:scene0360,train,True,1,ScanNet,
obs_160123,train,train,ScanNet,scene0366_00,train/obs_160123,train/obs_160123/metadata.json,obs_004,EASY,0.01,"[128,192]",ScanNet:scene0366,train,False,0,ScanNet,
obs_171249,train,train,ScanNet,scene0366_00,train/obs_171249,train/obs_171249/metadata.json,obs_002,LEARNABLE,0.01,"[128,192]",ScanNet:scene0366,train,False,1,ScanNet,
obs_150252,train,train,ScanNet,scene0289_00,train/obs_150252,train/obs_150252/metadata.json,obs_005,LEARNABLE,0.01,"[128,192]",ScanNet:scene0289,train,False,0,ScanNet,parent_pilot_development
obs_147574,train,train,ScanNet,scene0289_00,train/obs_147574,train/obs_147574/metadata.json,obs_007,EASY,0.01,"[128,192]",ScanNet:scene0289,train,False,1,ScanNet,parent_pilot_development
obs_162909,train,train,ScanNet,scene0529_01,train/obs_162909,train/obs_162909/metadata.json,obs_014,LEARNABLE,0.01,"[128,192]",ScanNet:scene0529,train,True,0,ScanNet,
obs_167163,train,train,ScanNet,scene0529_00,train/obs_167163,train/obs_167163/metadata.json,obs_009,EASY,0.01,"[128,192]",ScanNet:scene0529,train,True,1,ScanNet,
obs_146154,train,train,ScanNet,scene0664_00,train/obs_146154,train/obs_146154/metadata.json,obs_019,EASY,0.01,"[128,192]",ScanNet:scene0664,train,True,0,ScanNet,
obs_145828,train,train,ScanNet,scene0664_00,train/obs_145828,train/obs_145828/metadata.json,obs_006,LEARNABLE,0.01,"[128,192]",ScanNet:scene0664,train,True,1,ScanNet,
obs_144884,train,train,ScanNet,scene0391_00,train/obs_144884,train/obs_144884/metadata.json,obs_011,LEARNABLE,0.01,"[128,192]",ScanNet:scene0391,train,False,0,ScanNet,
obs_155474,train,train,ScanNet,scene0391_00,train/obs_155474,train/obs_155474/metadata.json,obs_007,LEARNABLE,0.01,"[128,192]",ScanNet:scene0391,train,False,1,ScanNet,
obs_152261,train,train,ScanNet,scene0651_00,train/obs_152261,train/obs_152261/metadata.json,obs_011,LEARNABLE,0.01,"[128,192]",ScanNet:scene0651,train,True,0,ScanNet,
obs_148038,train,train,ScanNet,scene0651_02,train/obs_148038,train/obs_148038/metadata.json,obs_018,LEARNABLE,0.01,"[128,192]",ScanNet:scene0651,train,True,1,ScanNet,
obs_145852,validation,train,ScanNet,scene0403_01,train/obs_145852,train/obs_145852/metadata.json,obs_021,LEARNABLE,0.01,"[128,192]",ScanNet:scene0403,train,True,0,ScanNet,
obs_156805,train,train,ScanNet,scene0403_00,train/obs_156805,train/obs_156805/metadata.json,obs_003,EASY,0.01,"[128,192]",ScanNet:scene0403,train,True,1,ScanNet,
obs_144659,train,train,ScanNet,scene0027_01,train/obs_144659,train/obs_144659/metadata.json,obs_019,LEARNABLE,0.01,"[128,192]",ScanNet:scene0027,train,True,0,ScanNet,
obs_157669,train,train,ScanNet,scene0027_01,train/obs_157669,train/obs_157669/metadata.json,obs_010,EASY,0.01,"[128,192]",ScanNet:scene0027,train,True,1,ScanNet,
obs_168209,train,train,ScanNet,scene0552_01,train/obs_168209,train/obs_168209/metadata.json,obs_009,LEARNABLE,0.01,"[128,192]",ScanNet:scene0552,train,True,0,ScanNet,
obs_147023,validation,train,ScanNet,scene0552_00,train/obs_147023,train/obs_147023/metadata.json,obs_018,LEARNABLE,0.01,"[128,192]",ScanNet:scene0552,train,True,1,ScanNet,
obs_144318,train,train,ScanNet,scene0414_00,train/obs_144318,train/obs_144318/metadata.json,obs_019,LEARNABLE,0.01,"[128,192]",ScanNet:scene0414,train,True,0,ScanNet,
obs_170500,train,train,ScanNet,scene0414_00,train/obs_170500,train/obs_170500/metadata.json,obs_007,EASY,0.01,"[128,192]",ScanNet:scene0414,train,True,1,ScanNet,
obs_151794,train,train,ScanNet,scene0640_01,train/obs_151794,train/obs_151794/metadata.json,obs_010,EASY,0.01,"[128,192]",ScanNet:scene0640,train,True,0,ScanNet,
obs_144946,train,train,ScanNet,scene0640_00,train/obs_144946,train/obs_144946/metadata.json,obs_005,EASY,0.01,"[128,192]",ScanNet:scene0640,train,True,1,ScanNet,
obs_160840,train,train,ScanNet,scene0627_00,train/obs_160840,train/obs_160840/metadata.json,obs_013,LEARNABLE,0.01,"[128,192]",ScanNet:scene0627,train,True,0,ScanNet,
obs_159298,test,train,ScanNet,scene0627_01,train/obs_159298,train/obs_159298/metadata.json,obs_000,EASY,0.01,"[128,192]",ScanNet:scene0627,train,True,1,ScanNet,
obs_170124,test,train,ScanNet,scene0233_01,train/obs_170124,train/obs_170124/metadata.json,obs_010,LEARNABLE,0.01,"[128,192]",ScanNet:scene0233,train,True,0,ScanNet,old_train_or_checkpoint_validation
obs_152430,train,train,ScanNet,scene0233_00,train/obs_152430,train/obs_152430/metadata.json,obs_016,EASY,0.01,"[128,192]",ScanNet:scene0233,train,True,1,ScanNet,old_train_or_checkpoint_validation
obs_158235,train,train,ScanNet,scene0282_01,train/obs_158235,train/obs_158235/metadata.json,obs_005,EASY,0.01,"[128,192]",ScanNet:scene0282,train,True,0,ScanNet,
obs_143961,validation,train,ScanNet,scene0282_02,train/obs_143961,train/obs_143961/metadata.json,obs_020,LEARNABLE,0.01,"[128,192]",ScanNet:scene0282,train,True,1,ScanNet,
obs_154747,train,train,ScanNet,scene0195_00,train/obs_154747,train/obs_154747/metadata.json,obs_014,EASY,0.01,"[128,192]",ScanNet:scene0195,train,False,0,ScanNet,
obs_162098,train,train,ScanNet,scene0195_02,train/obs_162098,train/obs_162098/metadata.json,obs_022,EASY,0.01,"[128,192]",ScanNet:scene0195,train,False,1,ScanNet,
obs_153152,train,train,ScanNet,scene0439_00,train/obs_153152,train/obs_153152/metadata.json,obs_018,LEARNABLE,0.01,"[128,192]",ScanNet:scene0439,train,False,0,ScanNet,
obs_163575,train,train,ScanNet,scene0439_00,train/obs_163575,train/obs_163575/metadata.json,obs_017,LEARNABLE,0.01,"[128,192]",ScanNet:scene0439,train,False,1,ScanNet,
obs_166191,train,train,ScanNet,scene0690_01,train/obs_166191,train/obs_166191/metadata.json,obs_017,EASY,0.01,"[128,192]",ScanNet:scene0690,train,True,0,ScanNet,
obs_142824,train,train,ScanNet,scene0690_00,train/obs_142824,train/obs_142824/metadata.json,obs_005,LEARNABLE,0.01,"[128,192]",ScanNet:scene0690,train,True,1,ScanNet,
obs_143130,validation,train,ScanNet,scene0435_03,train/obs_143130,train/obs_143130/metadata.json,obs_020,LEARNABLE,0.01,"[128,192]",ScanNet:scene0435,train,True,0,ScanNet,
obs_152397,train,train,ScanNet,scene0435_00,train/obs_152397,train/obs_152397/metadata.json,obs_013,LEARNABLE,0.01,"[128,192]",ScanNet:scene0435,train,True,1,ScanNet,
obs_153374,train,train,ScanNet,scene0356_01,train/obs_153374,train/obs_153374/metadata.json,obs_015,LEARNABLE,0.01,"[128,192]",ScanNet:scene0356,train,True,0,ScanNet,
obs_157964,train,train,ScanNet,scene0356_02,train/obs_157964,train/obs_157964/metadata.json,obs_021,EASY,0.01,"[128,192]",ScanNet:scene0356,train,True,1,ScanNet,
obs_165907,train,train,ScanNet,scene0179_00,train/obs_165907,train/obs_165907/metadata.json,obs_020,EASY,0.01,"[128,192]",ScanNet:scene0179,train,True,0,ScanNet,
obs_155144,train,train,ScanNet,scene0179_00,train/obs_155144,train/obs_155144/metadata.json,obs_009,LEARNABLE,0.01,"[128,192]",ScanNet:scene0179,train,True,1,ScanNet,
obs_151733,train,train,ScanNet,scene0422_00,train/obs_151733,train/obs_151733/metadata.json,obs_012,LEARNABLE,0.01,"[128,192]",ScanNet:scene0422,train,False,0,ScanNet,
obs_150438,train,train,ScanNet,scene0422_00,train/obs_150438,train/obs_150438/metadata.json,obs_018,EASY,0.01,"[128,192]",ScanNet:scene0422,train,False,1,ScanNet,
obs_166674,train,train,ScanNet,scene0318_00,train/obs_166674,train/obs_166674/metadata.json,obs_000,EASY,0.01,"[128,192]",ScanNet:scene0318,train,True,0,ScanNet,
obs_164689,train,train,ScanNet,scene0318_00,train/obs_164689,train/obs_164689/metadata.json,obs_022,EASY,0.01,"[128,192]",ScanNet:scene0318,train,True,1,ScanNet,
obs_145085,train,train,ScanNet,scene0193_01,train/obs_145085,train/obs_145085/metadata.json,obs_011,EASY,0.01,"[128,192]",ScanNet:scene0193,train,True,0,ScanNet,
obs_165137,train,train,ScanNet,scene0193_01,train/obs_165137,train/obs_165137/metadata.json,obs_006,LEARNABLE,0.01,"[128,192]",ScanNet:scene0193,train,True,1,ScanNet,
obs_165542,train,train,ScanNet,scene0050_00,train/obs_165542,train/obs_165542/metadata.json,obs_006,LEARNABLE,0.01,"[128,192]",ScanNet:scene0050,train,True,0,ScanNet,
obs_169683,train,train,ScanNet,scene0050_02,train/obs_169683,train/obs_169683/metadata.json,obs_008,LEARNABLE,0.01,"[128,192]",ScanNet:scene0050,train,True,1,ScanNet,
obs_162046,train,train,ScanNet,scene0487_01,train/obs_162046,train/obs_162046/metadata.json,obs_001,EASY,0.01,"[128,192]",ScanNet:scene0487,train,False,0,ScanNet,
obs_159703,train,train,ScanNet,scene0487_00,train/obs_159703,train/obs_159703/metadata.json,obs_006,LEARNABLE,0.01,"[128,192]",ScanNet:scene0487,train,False,1,ScanNet,
obs_164915,train,train,ScanNet,scene0314_00,train/obs_164915,train/obs_164915/metadata.json,obs_022,EASY,0.01,"[128,192]",ScanNet:scene0314,train,True,0,ScanNet,
obs_146204,train,train,ScanNet,scene0314_00,train/obs_146204,train/obs_146204/metadata.json,obs_011,LEARNABLE,0.01,"[128,192]",ScanNet:scene0314,train,True,1,ScanNet,
obs_153907,train,train,ScanNet,scene0412_00,train/obs_153907,train/obs_153907/metadata.json,obs_003,LEARNABLE,0.01,"[128,192]",ScanNet:scene0412,train,True,0,ScanNet,
obs_156763,train,train,ScanNet,scene0412_01,train/obs_156763,train/obs_156763/metadata.json,obs_021,LEARNABLE,0.01,"[128,192]",ScanNet:scene0412,train,True,1,ScanNet,
obs_162102,train,train,ScanNet,scene0495_00,train/obs_162102,train/obs_162102/metadata.json,obs_013,LEARNABLE,0.01,"[128,192]",ScanNet:scene0495,train,True,0,ScanNet,
obs_147189,train,train,ScanNet,scene0495_00,train/obs_147189,train/obs_147189/metadata.json,obs_017,LEARNABLE,0.01,"[128,192]",ScanNet:scene0495,train,True,1,ScanNet,
obs_155259,train,train,ScanNet,scene0697_02,train/obs_155259,train/obs_155259/metadata.json,obs_001,LEARNABLE,0.01,"[128,192]",ScanNet:scene0697,train,False,0,ScanNet,
obs_143738,train,train,ScanNet,scene0697_02,train/obs_143738,train/obs_143738/metadata.json,obs_020,LEARNABLE,0.01,"[128,192]",ScanNet:scene0697,train,False,1,ScanNet,
obs_155770,validation,train,ScanNet,scene0223_01,train/obs_155770,train/obs_155770/metadata.json,obs_009,EASY,0.01,"[128,192]",ScanNet:scene0223,train,True,0,ScanNet,
obs_148839,train,train,ScanNet,scene0223_02,train/obs_148839,train/obs_148839/metadata.json,obs_013,LEARNABLE,0.01,"[128,192]",ScanNet:scene0223,train,True,1,ScanNet,
obs_157190,train,train,ScanNet,scene0635_00,train/obs_157190,train/obs_157190/metadata.json,obs_014,LEARNABLE,0.01,"[128,192]",ScanNet:scene0635,train,False,0,ScanNet,
obs_167816,train,train,ScanNet,scene0635_00,train/obs_167816,train/obs_167816/metadata.json,obs_016,EASY,0.01,"[128,192]",ScanNet:scene0635,train,False,1,ScanNet,
obs_166054,train,train,ScanNet,scene0104_00,train/obs_166054,train/obs_166054/metadata.json,obs_011,EASY,0.01,"[128,192]",ScanNet:scene0104,train,False,0,ScanNet,
obs_161566,train,train,ScanNet,scene0104_00,train/obs_161566,train/obs_161566/metadata.json,obs_007,EASY,0.01,"[128,192]",ScanNet:scene0104,train,False,1,ScanNet,
obs_154264,train,train,ScanNet,scene0430_01,train/obs_154264,train/obs_154264/metadata.json,obs_000,EASY,0.01,"[128,192]",ScanNet:scene0430,train,True,0,ScanNet,
obs_148027,train,train,ScanNet,scene0430_01,train/obs_148027,train/obs_148027/metadata.json,obs_020,LEARNABLE,0.01,"[128,192]",ScanNet:scene0430,train,True,1,ScanNet,
obs_144509,train,train,ScanNet,scene0462_00,train/obs_144509,train/obs_144509/metadata.json,obs_017,LEARNABLE,0.01,"[128,192]",ScanNet:scene0462,train,True,0,ScanNet,
obs_143072,train,train,ScanNet,scene0462_00,train/obs_143072,train/obs_143072/metadata.json,obs_015,LEARNABLE,0.01,"[128,192]",ScanNet:scene0462,train,True,1,ScanNet,
obs_167770,train,train,ScanNet,scene0475_02,train/obs_167770,train/obs_167770/metadata.json,obs_011,EASY,0.01,"[128,192]",ScanNet:scene0475,train,True,0,ScanNet,
obs_167523,train,train,ScanNet,scene0475_00,train/obs_167523,train/obs_167523/metadata.json,obs_003,EASY,0.01,"[128,192]",ScanNet:scene0475,train,True,1,ScanNet,
obs_152789,validation,train,ScanNet,scene0363_00,train/obs_152789,train/obs_152789/metadata.json,obs_000,LEARNABLE,0.01,"[128,192]",ScanNet:scene0363,train,True,0,ScanNet,old_train_or_checkpoint_validation
obs_146883,validation,train,ScanNet,scene0363_00,train/obs_146883,train/obs_146883/metadata.json,obs_017,EASY,0.01,"[128,192]",ScanNet:scene0363,train,True,1,ScanNet,old_train_or_checkpoint_validation
obs_143090,train,train,ScanNet,scene0164_00,train/obs_143090,train/obs_143090/metadata.json,obs_012,LEARNABLE,0.01,"[128,192]",ScanNet:scene0164,train,True,0,ScanNet,
obs_158477,train,train,ScanNet,scene0164_00,train/obs_158477,train/obs_158477/metadata.json,obs_007,LEARNABLE,0.01,"[128,192]",ScanNet:scene0164,train,True,1,ScanNet,
obs_170544,train,train,ScanNet,scene0229_00,train/obs_170544,train/obs_170544/metadata.json,obs_012,LEARNABLE,0.01,"[128,192]",ScanNet:scene0229,train,True,0,ScanNet,
obs_167806,train,train,ScanNet,scene0229_02,train/obs_167806,train/obs_167806/metadata.json,obs_006,LEARNABLE,0.01,"[128,192]",ScanNet:scene0229,train,True,1,ScanNet,
obs_155757,train,train,ScanNet,scene0432_01,train/obs_155757,train/obs_155757/metadata.json,obs_000,EASY,0.01,"[128,192]",ScanNet:scene0432,train,True,0,ScanNet,
obs_157453,train,train,ScanNet,scene0432_01,train/obs_157453,train/obs_157453/metadata.json,obs_022,LEARNABLE,0.01,"[128,192]",ScanNet:scene0432,train,True,1,ScanNet,
obs_149251,validation,train,ScanNet,scene0121_00,train/obs_149251,train/obs_149251/metadata.json,obs_017,LEARNABLE,0.01,"[128,192]",ScanNet:scene0121,train,True,0,ScanNet,
obs_162026,train,train,ScanNet,scene0121_01,train/obs_162026,train/obs_162026/metadata.json,obs_015,EASY,0.01,"[128,192]",ScanNet:scene0121,train,True,1,ScanNet,
obs_167559,validation,train,ScanNet,scene0000_00,train/obs_167559,train/obs_167559/metadata.json,obs_007,EASY,0.01,"[128,192]",ScanNet:scene0000,train,True,0,ScanNet,
obs_154639,train,train,ScanNet,scene0000_02,train/obs_154639,train/obs_154639/metadata.json,obs_013,LEARNABLE,0.01,"[128,192]",ScanNet:scene0000,train,True,1,ScanNet,
obs_155119,train,train,ScanNet,scene0706_00,train/obs_155119,train/obs_155119/metadata.json,obs_008,EASY,0.01,"[128,192]",ScanNet:scene0706,train,True,0,ScanNet,
obs_168672,train,train,ScanNet,scene0706_00,train/obs_168672,train/obs_168672/metadata.json,obs_021,LEARNABLE,0.01,"[128,192]",ScanNet:scene0706,train,True,1,ScanNet,
obs_155904,train,train,ScanNet,scene0184_00,train/obs_155904,train/obs_155904/metadata.json,obs_017,EASY,0.01,"[128,192]",ScanNet:scene0184,train,True,0,ScanNet,
obs_153114,train,train,ScanNet,scene0184_00,train/obs_153114,train/obs_153114/metadata.json,obs_014,EASY,0.01,"[128,192]",ScanNet:scene0184,train,True,1,ScanNet,
obs_148304,train,train,ScanNet,scene0561_00,train/obs_148304,train/obs_148304/metadata.json,obs_007,LEARNABLE,0.01,"[128,192]",ScanNet:scene0561,train,False,0,ScanNet,
obs_162212,train,train,ScanNet,scene0561_00,train/obs_162212,train/obs_162212/metadata.json,obs_023,LEARNABLE,0.01,"[128,192]",ScanNet:scene0561,train,False,1,ScanNet,
obs_169974,train,train,ScanNet,scene0145_00,train/obs_169974,train/obs_169974/metadata.json,obs_019,LEARNABLE,0.01,"[128,192]",ScanNet:scene0145,train,True,0,ScanNet,
obs_166612,train,train,ScanNet,scene0145_00,train/obs_166612,train/obs_166612/metadata.json,obs_016,LEARNABLE,0.01,"[128,192]",ScanNet:scene0145,train,True,1,ScanNet,
obs_152949,train,train,ScanNet,scene0419_02,train/obs_152949,train/obs_152949/metadata.json,obs_019,EASY,0.01,"[128,192]",ScanNet:scene0419,train,True,0,ScanNet,
obs_144981,train,train,ScanNet,scene0419_02,train/obs_144981,train/obs_144981/metadata.json,obs_004,LEARNABLE,0.01,"[128,192]",ScanNet:scene0419,train,True,1,ScanNet,
obs_167230,train,train,ScanNet,scene0560_00,train/obs_167230,train/obs_167230/metadata.json,obs_010,LEARNABLE,0.01,"[128,192]",ScanNet:scene0560,train,False,0,ScanNet,
obs_169653,train,train,ScanNet,scene0560_00,train/obs_169653,train/obs_169653/metadata.json,obs_003,LEARNABLE,0.01,"[128,192]",ScanNet:scene0560,train,False,1,ScanNet,
obs_159479,train,train,ScanNet,scene0351_00,train/obs_159479,train/obs_159479/metadata.json,obs_023,EASY,0.01,"[128,192]",ScanNet:scene0351,train,False,0,ScanNet,
obs_146048,test,train,ScanNet,scene0351_01,train/obs_146048,train/obs_146048/metadata.json,obs_017,EASY,0.01,"[128,192]",ScanNet:scene0351,train,False,1,ScanNet,
obs_158139,train,train,ScanNet,scene0304_00,train/obs_158139,train/obs_158139/metadata.json,obs_010,EASY,0.01,"[128,192]",ScanNet:scene0304,train,True,0,ScanNet,
obs_158200,train,train,ScanNet,scene0304_00,train/obs_158200,train/obs_158200/metadata.json,obs_017,LEARNABLE,0.01,"[128,192]",ScanNet:scene0304,train,True,1,ScanNet,
obs_165000,train,train,ScanNet,scene0226_01,train/obs_165000,train/obs_165000/metadata.json,obs_009,EASY,0.01,"[128,192]",ScanNet:scene0226,train,True,0,ScanNet,
obs_154370,train,train,ScanNet,scene0226_01,train/obs_154370,train/obs_154370/metadata.json,obs_010,LEARNABLE,0.01,"[128,192]",ScanNet:scene0226,train,True,1,ScanNet,
obs_160906,train,train,ScanNet,scene0203_02,train/obs_160906,train/obs_160906/metadata.json,obs_013,LEARNABLE,0.01,"[128,192]",ScanNet:scene0203,train,True,0,ScanNet,
obs_159172,train,train,ScanNet,scene0203_02,train/obs_159172,train/obs_159172/metadata.json,obs_000,LEARNABLE,0.01,"[128,192]",ScanNet:scene0203,train,True,1,ScanNet,
obs_160107,validation,train,ScanNet,scene0128_00,train/obs_160107,train/obs_160107/metadata.json,obs_000,EASY,0.01,"[128,192]",ScanNet:scene0128,train,True,0,ScanNet,old_train_or_checkpoint_validation
obs_143062,validation,train,ScanNet,scene0128_00,train/obs_143062,train/obs_143062/metadata.json,obs_010,LEARNABLE,0.01,"[128,192]",ScanNet:scene0128,train,True,1,ScanNet,old_train_or_checkpoint_validation
obs_170967,train,train,ScanNet,scene0401_00,train/obs_170967,train/obs_170967/metadata.json,obs_005,EASY,0.01,"[128,192]",ScanNet:scene0401,train,True,0,ScanNet,
obs_159905,train,train,ScanNet,scene0401_00,train/obs_159905,train/obs_159905/metadata.json,obs_019,LEARNABLE,0.01,"[128,192]",ScanNet:scene0401,train,True,1,ScanNet,
obs_164443,train,train,ScanNet,scene0046_00,train/obs_164443,train/obs_164443/metadata.json,obs_001,LEARNABLE,0.01,"[128,192]",ScanNet:scene0046,train,True,0,ScanNet,
obs_147410,train,train,ScanNet,scene0046_02,train/obs_147410,train/obs_147410/metadata.json,obs_002,EASY,0.01,"[128,192]",ScanNet:scene0046,train,True,1,ScanNet,
obs_160058,train,train,ScanNet,scene0615_01,train/obs_160058,train/obs_160058/metadata.json,obs_023,EASY,0.01,"[128,192]",ScanNet:scene0615,train,False,0,ScanNet,
obs_159066,train,train,ScanNet,scene0615_00,train/obs_159066,train/obs_159066/metadata.json,obs_018,LEARNABLE,0.01,"[128,192]",ScanNet:scene0615,train,False,1,ScanNet,
obs_169964,train,train,ScanNet,scene0362_01,train/obs_169964,train/obs_169964/metadata.json,obs_019,LEARNABLE,0.01,"[128,192]",ScanNet:scene0362,train,True,0,ScanNet,
obs_170957,train,train,ScanNet,scene0362_00,train/obs_170957,train/obs_170957/metadata.json,obs_009,EASY,0.01,"[128,192]",ScanNet:scene0362,train,True,1,ScanNet,
obs_168192,train,train,ScanNet,scene0669_00,train/obs_168192,train/obs_168192/metadata.json,obs_022,EASY,0.01,"[128,192]",ScanNet:scene0669,train,True,0,ScanNet,parent_pilot_development
obs_143231,train,train,ScanNet,scene0669_01,train/obs_143231,train/obs_143231/metadata.json,obs_011,EASY,0.01,"[128,192]",ScanNet:scene0669,train,True,1,ScanNet,parent_pilot_development
obs_152197,train,train,ScanNet,scene0511_01,train/obs_152197,train/obs_152197/metadata.json,obs_022,LEARNABLE,0.01,"[128,192]",ScanNet:scene0511,train,True,0,ScanNet,
obs_165808,test,train,ScanNet,scene0511_00,train/obs_165808,train/obs_165808/metadata.json,obs_021,LEARNABLE,0.01,"[128,192]",ScanNet:scene0511,train,True,1,ScanNet,
obs_167248,train,train,ScanNet,scene0508_01,train/obs_167248,train/obs_167248/metadata.json,obs_012,LEARNABLE,0.01,"[128,192]",ScanNet:scene0508,train,True,0,ScanNet,
obs_161978,train,train,ScanNet,scene0508_00,train/obs_161978,train/obs_161978/metadata.json,obs_016,EASY,0.01,"[128,192]",ScanNet:scene0508,train,True,1,ScanNet,
obs_147879,train,train,ScanNet,scene0300_01,train/obs_147879,train/obs_147879/metadata.json,obs_010,EASY,0.01,"[128,192]",ScanNet:scene0300,train,True,0,ScanNet,
obs_162904,train,train,ScanNet,scene0300_00,train/obs_162904,train/obs_162904/metadata.json,obs_022,EASY,0.01,"[128,192]",ScanNet:scene0300,train,True,1,ScanNet,
obs_158948,train,train,ScanNet,scene0208_00,train/obs_158948,train/obs_158948/metadata.json,obs_018,EASY,0.01,"[128,192]",ScanNet:scene0208,train,True,0,ScanNet,
obs_158629,train,train,ScanNet,scene0208_00,train/obs_158629,train/obs_158629/metadata.json,obs_023,EASY,0.01,"[128,192]",ScanNet:scene0208,train,True,1,ScanNet,
obs_145486,train,train,ScanNet,scene0498_00,train/obs_145486,train/obs_145486/metadata.json,obs_007,LEARNABLE,0.01,"[128,192]",ScanNet:scene0498,train,True,0,ScanNet,
obs_154076,train,train,ScanNet,scene0498_02,train/obs_154076,train/obs_154076/metadata.json,obs_000,LEARNABLE,0.01,"[128,192]",ScanNet:scene0498,train,True,1,ScanNet,
obs_160678,test,train,ScanNet,scene0599_00,train/obs_160678,train/obs_160678/metadata.json,obs_013,EASY,0.01,"[128,192]",ScanNet:scene0599,train,True,0,ScanNet,
obs_156902,test,train,ScanNet,scene0599_00,train/obs_156902,train/obs_156902/metadata.json,obs_004,LEARNABLE,0.01,"[128,192]",ScanNet:scene0599,train,True,1,ScanNet,
obs_160996,train,train,ScanNet,scene0373_01,train/obs_160996,train/obs_160996/metadata.json,obs_006,LEARNABLE,0.01,"[128,192]",ScanNet:scene0373,train,True,0,ScanNet,
obs_155878,train,train,ScanNet,scene0373_01,train/obs_155878,train/obs_155878/metadata.json,obs_004,EASY,0.01,"[128,192]",ScanNet:scene0373,train,True,1,ScanNet,
obs_151775,train,train,ScanNet,scene0248_02,train/obs_151775,train/obs_151775/metadata.json,obs_015,EASY,0.01,"[128,192]",ScanNet:scene0248,train,True,0,ScanNet,
obs_156037,train,train,ScanNet,scene0248_01,train/obs_156037,train/obs_156037/metadata.json,obs_019,EASY,0.01,"[128,192]",ScanNet:scene0248,train,True,1,ScanNet,
obs_148762,train,train,ScanNet,scene0679_01,train/obs_148762,train/obs_148762/metadata.json,obs_017,EASY,0.01,"[128,192]",ScanNet:scene0679,train,True,0,ScanNet,
obs_163697,train,train,ScanNet,scene0679_01,train/obs_163697,train/obs_163697/metadata.json,obs_008,EASY,0.01,"[128,192]",ScanNet:scene0679,train,True,1,ScanNet,
obs_166667,train,train,ScanNet,scene0309_00,train/obs_166667,train/obs_166667/metadata.json,obs_001,EASY,0.01,"[128,192]",ScanNet:scene0309,train,True,0,ScanNet,
obs_157214,train,train,ScanNet,scene0309_00,train/obs_157214,train/obs_157214/metadata.json,obs_022,LEARNABLE,0.01,"[128,192]",ScanNet:scene0309,train,True,1,ScanNet,
obs_156995,train,train,ScanNet,scene0070_00,train/obs_156995,train/obs_156995/metadata.json,obs_019,LEARNABLE,0.01,"[128,192]",ScanNet:scene0070,train,True,0,ScanNet,
obs_167111,train,train,ScanNet,scene0070_00,train/obs_167111,train/obs_167111/metadata.json,obs_005,LEARNABLE,0.01,"[128,192]",ScanNet:scene0070,train,True,1,ScanNet,
obs_159374,test,train,ScanNet,scene0616_01,train/obs_159374,train/obs_159374/metadata.json,obs_017,EASY,0.01,"[128,192]",ScanNet:scene0616,train,True,0,ScanNet,
obs_152254,train,train,ScanNet,scene0616_00,train/obs_152254,train/obs_152254/metadata.json,obs_016,LEARNABLE,0.01,"[128,192]",ScanNet:scene0616,train,True,1,ScanNet,
obs_168802,train,train,ScanNet,scene0009_01,train/obs_168802,train/obs_168802/metadata.json,obs_019,EASY,0.01,"[128,192]",ScanNet:scene0009,train,True,0,ScanNet,old_train_or_checkpoint_validation
obs_155273,train,train,ScanNet,scene0009_02,train/obs_155273,train/obs_155273/metadata.json,obs_006,LEARNABLE,0.01,"[128,192]",ScanNet:scene0009,train,True,1,ScanNet,old_train_or_checkpoint_validation
obs_165599,train,train,ScanNet,scene0528_01,train/obs_165599,train/obs_165599/metadata.json,obs_015,LEARNABLE,0.01,"[128,192]",ScanNet:scene0528,train,True,0,ScanNet,
obs_159168,train,train,ScanNet,scene0528_00,train/obs_159168,train/obs_159168/metadata.json,obs_004,LEARNABLE,0.01,"[128,192]",ScanNet:scene0528,train,True,1,ScanNet,
obs_154827,validation,train,ScanNet,scene0285_00,train/obs_154827,train/obs_154827/metadata.json,obs_016,LEARNABLE,0.01,"[128,192]",ScanNet:scene0285,train,True,0,ScanNet,
obs_146963,validation,train,ScanNet,scene0285_00,train/obs_146963,train/obs_146963/metadata.json,obs_004,EASY,0.01,"[128,192]",ScanNet:scene0285,train,True,1,ScanNet,
obs_146925,train,train,ScanNet,scene0043_01,train/obs_146925,train/obs_146925/metadata.json,obs_009,EASY,0.01,"[128,192]",ScanNet:scene0043,train,True,0,ScanNet,
obs_167978,train,train,ScanNet,scene0043_00,train/obs_167978,train/obs_167978/metadata.json,obs_003,LEARNABLE,0.01,"[128,192]",ScanNet:scene0043,train,True,1,ScanNet,
obs_147743,train,train,ScanNet,scene0394_01,train/obs_147743,train/obs_147743/metadata.json,obs_017,LEARNABLE,0.01,"[128,192]",ScanNet:scene0394,train,True,0,ScanNet,
obs_144713,train,train,ScanNet,scene0394_00,train/obs_144713,train/obs_144713/metadata.json,obs_008,LEARNABLE,0.01,"[128,192]",ScanNet:scene0394,train,True,1,ScanNet,
obs_150485,train,train,ScanNet,scene0667_00,train/obs_150485,train/obs_150485/metadata.json,obs_001,EASY,0.01,"[128,192]",ScanNet:scene0667,train,True,0,ScanNet,
obs_163355,validation,train,ScanNet,scene0667_01,train/obs_163355,train/obs_163355/metadata.json,obs_011,LEARNABLE,0.01,"[128,192]",ScanNet:scene0667,train,True,1,ScanNet,
obs_148319,train,train,ScanNet,scene0553_01,train/obs_148319,train/obs_148319/metadata.json,obs_005,LEARNABLE,0.01,"[128,192]",ScanNet:scene0553,train,True,0,ScanNet,
obs_164401,train,train,ScanNet,scene0553_00,train/obs_164401,train/obs_164401/metadata.json,obs_009,EASY,0.01,"[128,192]",ScanNet:scene0553,train,True,1,ScanNet,
obs_150396,train,train,ScanNet,scene0688_00,train/obs_150396,train/obs_150396/metadata.json,obs_020,LEARNABLE,0.01,"[128,192]",ScanNet:scene0688,train,False,0,ScanNet,
obs_157818,train,train,ScanNet,scene0688_00,train/obs_157818,train/obs_157818/metadata.json,obs_010,LEARNABLE,0.01,"[128,192]",ScanNet:scene0688,train,False,1,ScanNet,
obs_169281,train,train,ScanNet,scene0151_00,train/obs_169281,train/obs_169281/metadata.json,obs_016,EASY,0.01,"[128,192]",ScanNet:scene0151,train,True,0,ScanNet,
obs_169554,train,train,ScanNet,scene0151_00,train/obs_169554,train/obs_169554/metadata.json,obs_004,EASY,0.01,"[128,192]",ScanNet:scene0151,train,True,1,ScanNet,
obs_161532,train,train,ScanNet,scene0592_00,train/obs_161532,train/obs_161532/metadata.json,obs_003,EASY,0.01,"[128,192]",ScanNet:scene0592,train,False,0,ScanNet,
obs_146838,train,train,ScanNet,scene0592_00,train/obs_146838,train/obs_146838/metadata.json,obs_001,LEARNABLE,0.01,"[128,192]",ScanNet:scene0592,train,False,1,ScanNet,
obs_168469,train,train,ScanNet,scene0513_00,train/obs_168469,train/obs_168469/metadata.json,obs_010,EASY,0.01,"[128,192]",ScanNet:scene0513,train,True,0,ScanNet,
obs_161337,train,train,ScanNet,scene0513_00,train/obs_161337,train/obs_161337/metadata.json,obs_009,EASY,0.01,"[128,192]",ScanNet:scene0513,train,True,1,ScanNet,
obs_151428,train,train,ScanNet,scene0215_00,train/obs_151428,train/obs_151428/metadata.json,obs_018,LEARNABLE,0.01,"[128,192]",ScanNet:scene0215,train,True,0,ScanNet,
obs_164631,train,train,ScanNet,scene0215_00,train/obs_164631,train/obs_164631/metadata.json,obs_010,LEARNABLE,0.01,"[128,192]",ScanNet:scene0215,train,True,1,ScanNet,
obs_164602,train,train,ScanNet,scene0361_00,train/obs_164602,train/obs_164602/metadata.json,obs_000,EASY,0.01,"[128,192]",ScanNet:scene0361,train,False,0,ScanNet,
obs_161058,train,train,ScanNet,scene0361_00,train/obs_161058,train/obs_161058/metadata.json,obs_013,LEARNABLE,0.01,"[128,192]",ScanNet:scene0361,train,False,1,ScanNet,
obs_150139,train,train,ScanNet,scene0699_00,train/obs_150139,train/obs_150139/metadata.json,obs_018,EASY,0.01,"[128,192]",ScanNet:scene0699,train,False,0,ScanNet,
obs_145642,train,train,ScanNet,scene0699_00,train/obs_145642,train/obs_145642/metadata.json,obs_011,EASY,0.01,"[128,192]",ScanNet:scene0699,train,False,1,ScanNet,
obs_153045,train,train,ScanNet,scene0094_00,train/obs_153045,train/obs_153045/metadata.json,obs_018,LEARNABLE,0.01,"[128,192]",ScanNet:scene0094,train,False,0,ScanNet,
obs_145774,train,train,ScanNet,scene0094_00,train/obs_145774,train/obs_145774/metadata.json,obs_004,LEARNABLE,0.01,"[128,192]",ScanNet:scene0094,train,False,1,ScanNet,
obs_156434,train,train,ScanNet,scene0702_00,train/obs_156434,train/obs_156434/metadata.json,obs_011,EASY,0.01,"[128,192]",ScanNet:scene0702,train,True,0,ScanNet,
obs_154624,train,train,ScanNet,scene0702_00,train/obs_154624,train/obs_154624/metadata.json,obs_020,EASY,0.01,"[128,192]",ScanNet:scene0702,train,True,1,ScanNet,
obs_169342,train,train,ScanNet,scene0012_02,train/obs_169342,train/obs_169342/metadata.json,obs_015,EASY,0.01,"[128,192]",ScanNet:scene0012,train,True,0,ScanNet,
obs_171321,train,train,ScanNet,scene0012_02,train/obs_171321,train/obs_171321/metadata.json,obs_003,LEARNABLE,0.01,"[128,192]",ScanNet:scene0012,train,True,1,ScanNet,
obs_149506,train,train,ScanNet,scene0353_01,train/obs_149506,train/obs_149506/metadata.json,obs_022,EASY,0.01,"[128,192]",ScanNet:scene0353,train,True,0,ScanNet,
obs_163101,train,train,ScanNet,scene0353_02,train/obs_163101,train/obs_163101/metadata.json,obs_019,LEARNABLE,0.01,"[128,192]",ScanNet:scene0353,train,True,1,ScanNet,
obs_170579,test,train,ScanNet,scene0575_02,train/obs_170579,train/obs_170579/metadata.json,obs_013,EASY,0.01,"[128,192]",ScanNet:scene0575,train,True,0,ScanNet,
obs_144468,test,train,ScanNet,scene0575_02,train/obs_144468,train/obs_144468/metadata.json,obs_010,LEARNABLE,0.01,"[128,192]",ScanNet:scene0575,train,True,1,ScanNet,
obs_145855,train,train,ScanNet,scene0206_02,train/obs_145855,train/obs_145855/metadata.json,obs_001,EASY,0.01,"[128,192]",ScanNet:scene0206,train,True,0,ScanNet,parent_pilot_development
obs_161143,train,train,ScanNet,scene0206_02,train/obs_161143,train/obs_161143/metadata.json,obs_023,LEARNABLE,0.01,"[128,192]",ScanNet:scene0206,train,True,1,ScanNet,parent_pilot_development
obs_146580,train,train,ScanNet,scene0687_00,train/obs_146580,train/obs_146580/metadata.json,obs_023,EASY,0.01,"[128,192]",ScanNet:scene0687,train,True,0,ScanNet,
obs_168496,train,train,ScanNet,scene0687_00,train/obs_168496,train/obs_168496/metadata.json,obs_009,LEARNABLE,0.01,"[128,192]",ScanNet:scene0687,train,True,1,ScanNet,
obs_146924,train,train,ScanNet,scene0270_02,train/obs_146924,train/obs_146924/metadata.json,obs_012,EASY,0.01,"[128,192]",ScanNet:scene0270,train,True,0,ScanNet,old_train_or_checkpoint_validation|parent_pilot_development
obs_163845,train,train,ScanNet,scene0270_01,train/obs_163845,train/obs_163845/metadata.json,obs_010,LEARNABLE,0.01,"[128,192]",ScanNet:scene0270,train,True,1,ScanNet,old_train_or_checkpoint_validation|parent_pilot_development
obs_167046,train,train,ScanNet,scene0371_00,train/obs_167046,train/obs_167046/metadata.json,obs_012,EASY,0.01,"[128,192]",ScanNet:scene0371,train,True,0,ScanNet,
obs_170740,train,train,ScanNet,scene0371_00,train/obs_170740,train/obs_170740/metadata.json,obs_023,EASY,0.01,"[128,192]",ScanNet:scene0371,train,True,1,ScanNet,
obs_162900,train,train,ScanNet,scene0484_00,train/obs_162900,train/obs_162900/metadata.json,obs_002,EASY,0.01,"[128,192]",ScanNet:scene0484,train,True,0,ScanNet,
obs_154763,train,train,ScanNet,scene0484_01,train/obs_154763,train/obs_154763/metadata.json,obs_003,EASY,0.01,"[128,192]",ScanNet:scene0484,train,True,1,ScanNet,
obs_168629,test,train,ScanNet,scene0644_00,train/obs_168629,train/obs_168629/metadata.json,obs_004,LEARNABLE,0.01,"[128,192]",ScanNet:scene0644,train,True,0,ScanNet,
obs_145001,test,train,ScanNet,scene0644_00,train/obs_145001,train/obs_145001/metadata.json,obs_020,LEARNABLE,0.01,"[128,192]",ScanNet:scene0644,train,True,1,ScanNet,
obs_164105,train,train,ScanNet,scene0026_00,train/obs_164105,train/obs_164105/metadata.json,obs_020,EASY,0.01,"[128,192]",ScanNet:scene0026,train,False,0,ScanNet,
obs_157967,train,train,ScanNet,scene0026_00,train/obs_157967,train/obs_157967/metadata.json,obs_007,EASY,0.01,"[128,192]",ScanNet:scene0026,train,False,1,ScanNet,
obs_156642,validation,train,ScanNet,scene0061_00,train/obs_156642,train/obs_156642/metadata.json,obs_003,EASY,0.01,"[128,192]",ScanNet:scene0061,train,True,0,ScanNet,
obs_163111,validation,train,ScanNet,scene0061_00,train/obs_163111,train/obs_163111/metadata.json,obs_014,LEARNABLE,0.01,"[128,192]",ScanNet:scene0061,train,True,1,ScanNet,
obs_144610,train,train,ScanNet,scene0625_01,train/obs_144610,train/obs_144610/metadata.json,obs_010,LEARNABLE,0.01,"[128,192]",ScanNet:scene0625,train,True,0,ScanNet,
obs_155116,train,train,ScanNet,scene0625_00,train/obs_155116,train/obs_155116/metadata.json,obs_015,LEARNABLE,0.01,"[128,192]",ScanNet:scene0625,train,True,1,ScanNet,
obs_165513,train,train,ScanNet,scene0131_01,train/obs_165513,train/obs_165513/metadata.json,obs_005,EASY,0.01,"[128,192]",ScanNet:scene0131,train,True,0,ScanNet,
obs_167354,train,train,ScanNet,scene0131_00,train/obs_167354,train/obs_167354/metadata.json,obs_021,LEARNABLE,0.01,"[128,192]",ScanNet:scene0131,train,True,1,ScanNet,
obs_152089,validation,train,ScanNet,scene0421_00,train/obs_152089,train/obs_152089/metadata.json,obs_016,LEARNABLE,0.01,"[128,192]",ScanNet:scene0421,train,True,0,ScanNet,
obs_149581,validation,train,ScanNet,scene0421_00,train/obs_149581,train/obs_149581/metadata.json,obs_015,LEARNABLE,0.01,"[128,192]",ScanNet:scene0421,train,True,1,ScanNet,
obs_152959,train,train,ScanNet,scene0590_00,train/obs_152959,train/obs_152959/metadata.json,obs_008,EASY,0.01,"[128,192]",ScanNet:scene0590,train,True,0,ScanNet,old_train_or_checkpoint_validation
obs_161673,train,train,ScanNet,scene0590_00,train/obs_161673,train/obs_161673/metadata.json,obs_023,LEARNABLE,0.01,"[128,192]",ScanNet:scene0590,train,True,1,ScanNet,old_train_or_checkpoint_validation
obs_148075,test,train,ScanNet,scene0545_01,train/obs_148075,train/obs_148075/metadata.json,obs_007,LEARNABLE,0.01,"[128,192]",ScanNet:scene0545,train,True,0,ScanNet,
obs_161360,test,train,ScanNet,scene0545_01,train/obs_161360,train/obs_161360/metadata.json,obs_004,LEARNABLE,0.01,"[128,192]",ScanNet:scene0545,train,True,1,ScanNet,
obs_169644,test,train,ScanNet,scene0129_00,train/obs_169644,train/obs_169644/metadata.json,obs_010,LEARNABLE,0.01,"[128,192]",ScanNet:scene0129,train,False,0,ScanNet,
obs_158813,test,train,ScanNet,scene0129_00,train/obs_158813,train/obs_158813/metadata.json,obs_003,LEARNABLE,0.01,"[128,192]",ScanNet:scene0129,train,False,1,ScanNet,
obs_146440,train,train,ScanNet,scene0531_00,train/obs_146440,train/obs_146440/metadata.json,obs_002,EASY,0.01,"[128,192]",ScanNet:scene0531,train,False,0,ScanNet,
obs_145624,train,train,ScanNet,scene0531_00,train/obs_145624,train/obs_145624/metadata.json,obs_023,EASY,0.01,"[128,192]",ScanNet:scene0531,train,False,1,ScanNet,
obs_156494,train,train,ScanNet,scene0224_00,train/obs_156494,train/obs_156494/metadata.json,obs_011,LEARNABLE,0.01,"[128,192]",ScanNet:scene0224,train,True,0,ScanNet,
obs_160931,train,train,ScanNet,scene0224_00,train/obs_160931,train/obs_160931/metadata.json,obs_006,LEARNABLE,0.01,"[128,192]",ScanNet:scene0224,train,True,1,ScanNet,
obs_169894,test,train,ScanNet,scene0509_02,train/obs_169894,train/obs_169894/metadata.json,obs_000,LEARNABLE,0.01,"[128,192]",ScanNet:scene0509,train,True,0,ScanNet,old_train_or_checkpoint_validation
obs_165329,validation,train,ScanNet,scene0509_00,train/obs_165329,train/obs_165329/metadata.json,obs_007,LEARNABLE,0.01,"[128,192]",ScanNet:scene0509,train,True,1,ScanNet,old_train_or_checkpoint_validation
obs_169779,train,train,ScanNet,scene0089_02,train/obs_169779,train/obs_169779/metadata.json,obs_018,LEARNABLE,0.01,"[128,192]",ScanNet:scene0089,train,True,0,ScanNet,old_train_or_checkpoint_validation
obs_143105,train,train,ScanNet,scene0089_02,train/obs_143105,train/obs_143105/metadata.json,obs_020,EASY,0.01,"[128,192]",ScanNet:scene0089,train,True,1,ScanNet,old_train_or_checkpoint_validation
obs_159302,train,train,ScanNet,scene0136_02,train/obs_159302,train/obs_159302/metadata.json,obs_017,LEARNABLE,0.01,"[128,192]",ScanNet:scene0136,train,True,0,ScanNet,
obs_150767,train,train,ScanNet,scene0136_02,train/obs_150767,train/obs_150767/metadata.json,obs_020,LEARNABLE,0.01,"[128,192]",ScanNet:scene0136,train,True,1,ScanNet,
obs_153323,train,train,ScanNet,scene0005_01,train/obs_153323,train/obs_153323/metadata.json,obs_006,LEARNABLE,0.01,"[128,192]",ScanNet:scene0005,train,True,0,ScanNet,
obs_160307,train,train,ScanNet,scene0005_00,train/obs_160307,train/obs_160307/metadata.json,obs_000,EASY,0.01,"[128,192]",ScanNet:scene0005,train,True,1,ScanNet,
obs_149751,train,train,ScanNet,scene0200_01,train/obs_149751,train/obs_149751/metadata.json,obs_015,EASY,0.01,"[128,192]",ScanNet:scene0200,train,True,0,ScanNet,
obs_142928,train,train,ScanNet,scene0200_01,train/obs_142928,train/obs_142928/metadata.json,obs_022,EASY,0.01,"[128,192]",ScanNet:scene0200,train,True,1,ScanNet,
obs_165604,train,train,ScanNet,scene0597_02,train/obs_165604,train/obs_165604/metadata.json,obs_002,LEARNABLE,0.01,"[128,192]",ScanNet:scene0597,train,True,0,ScanNet,
obs_163794,test,train,ScanNet,scene0597_00,train/obs_163794,train/obs_163794/metadata.json,obs_015,LEARNABLE,0.01,"[128,192]",ScanNet:scene0597,train,True,1,ScanNet,
obs_148130,train,train,ScanNet,scene0051_00,train/obs_148130,train/obs_148130/metadata.json,obs_000,LEARNABLE,0.01,"[128,192]",ScanNet:scene0051,train,True,0,ScanNet,old_train_or_checkpoint_validation
obs_169019,train,train,ScanNet,scene0051_01,train/obs_169019,train/obs_169019/metadata.json,obs_009,LEARNABLE,0.01,"[128,192]",ScanNet:scene0051,train,True,1,ScanNet,old_train_or_checkpoint_validation
obs_160528,train,train,ScanNet,scene0240_00,train/obs_160528,train/obs_160528/metadata.json,obs_005,EASY,0.01,"[128,192]",ScanNet:scene0240,train,False,0,ScanNet,
obs_151846,train,train,ScanNet,scene0240_00,train/obs_151846,train/obs_151846/metadata.json,obs_010,EASY,0.01,"[128,192]",ScanNet:scene0240,train,False,1,ScanNet,
obs_165394,train,train,ScanNet,scene0118_00,train/obs_165394,train/obs_165394/metadata.json,obs_006,EASY,0.01,"[128,192]",ScanNet:scene0118,train,True,0,ScanNet,
obs_159361,train,train,ScanNet,scene0118_00,train/obs_159361,train/obs_159361/metadata.json,obs_017,LEARNABLE,0.01,"[128,192]",ScanNet:scene0118,train,True,1,ScanNet,
obs_166637,test,train,ScanNet,scene0445_00,train/obs_166637,train/obs_166637/metadata.json,obs_013,LEARNABLE,0.01,"[128,192]",ScanNet:scene0445,train,True,0,ScanNet,
obs_165446,test,train,ScanNet,scene0445_00,train/obs_165446,train/obs_165446/metadata.json,obs_023,LEARNABLE,0.01,"[128,192]",ScanNet:scene0445,train,True,1,ScanNet,
obs_166160,train,train,ScanNet,scene0152_02,train/obs_166160,train/obs_166160/metadata.json,obs_019,LEARNABLE,0.01,"[128,192]",ScanNet:scene0152,train,True,0,ScanNet,
obs_147177,train,train,ScanNet,scene0152_02,train/obs_147177,train/obs_147177/metadata.json,obs_002,EASY,0.01,"[128,192]",ScanNet:scene0152,train,True,1,ScanNet,
obs_167201,validation,train,ScanNet,scene0388_00,train/obs_167201,train/obs_167201/metadata.json,obs_008,EASY,0.01,"[128,192]",ScanNet:scene0388,train,True,0,ScanNet,
obs_150619,validation,train,ScanNet,scene0388_00,train/obs_150619,train/obs_150619/metadata.json,obs_005,LEARNABLE,0.01,"[128,192]",ScanNet:scene0388,train,True,1,ScanNet,
obs_157382,validation,train,ScanNet,scene0196_00,train/obs_157382,train/obs_157382/metadata.json,obs_019,LEARNABLE,0.01,"[128,192]",ScanNet:scene0196,train,True,0,ScanNet,
obs_167631,validation,train,ScanNet,scene0196_00,train/obs_167631,train/obs_167631/metadata.json,obs_014,LEARNABLE,0.01,"[128,192]",ScanNet:scene0196,train,True,1,ScanNet,
obs_154587,test,train,ScanNet,scene0086_00,train/obs_154587,train/obs_154587/metadata.json,obs_006,EASY,0.01,"[128,192]",ScanNet:scene0086,train,True,0,ScanNet,
obs_168678,train,train,ScanNet,scene0086_02,train/obs_168678,train/obs_168678/metadata.json,obs_013,EASY,0.01,"[128,192]",ScanNet:scene0086,train,True,1,ScanNet,
obs_154278,train,train,ScanNet,scene0573_00,train/obs_154278,train/obs_154278/metadata.json,obs_023,LEARNABLE,0.01,"[128,192]",ScanNet:scene0573,train,True,0,ScanNet,
obs_157146,train,train,ScanNet,scene0573_01,train/obs_157146,train/obs_157146/metadata.json,obs_012,LEARNABLE,0.01,"[128,192]",ScanNet:scene0573,train,True,1,ScanNet,
obs_158350,test,train,ScanNet,scene0247_00,train/obs_158350,train/obs_158350/metadata.json,obs_011,LEARNABLE,0.01,"[128,192]",ScanNet:scene0247,train,True,0,ScanNet,
obs_157286,test,train,ScanNet,scene0247_00,train/obs_157286,train/obs_157286/metadata.json,obs_020,LEARNABLE,0.01,"[128,192]",ScanNet:scene0247,train,True,1,ScanNet,
obs_152259,test,train,ScanNet,scene0126_02,train/obs_152259,train/obs_152259/metadata.json,obs_020,LEARNABLE,0.01,"[128,192]",ScanNet:scene0126,train,True,0,ScanNet,
obs_169620,test,train,ScanNet,scene0126_02,train/obs_169620,train/obs_169620/metadata.json,obs_003,LEARNABLE,0.01,"[128,192]",ScanNet:scene0126,train,True,1,ScanNet,
obs_146710,train,train,ScanNet,scene0701_01,train/obs_146710,train/obs_146710/metadata.json,obs_007,EASY,0.01,"[128,192]",ScanNet:scene0701,train,True,0,ScanNet,old_train_or_checkpoint_validation
obs_143554,train,train,ScanNet,scene0701_01,train/obs_143554,train/obs_143554/metadata.json,obs_009,EASY,0.01,"[128,192]",ScanNet:scene0701,train,True,1,ScanNet,old_train_or_checkpoint_validation
obs_150898,train,train,ScanNet,scene0082_00,train/obs_150898,train/obs_150898/metadata.json,obs_023,LEARNABLE,0.01,"[128,192]",ScanNet:scene0082,train,True,0,ScanNet,
obs_145592,train,train,ScanNet,scene0082_00,train/obs_145592,train/obs_145592/metadata.json,obs_020,EASY,0.01,"[128,192]",ScanNet:scene0082,train,True,1,ScanNet,
obs_160709,train,train,ScanNet,scene0372_00,train/obs_160709,train/obs_160709/metadata.json,obs_002,EASY,0.01,"[128,192]",ScanNet:scene0372,train,True,0,ScanNet,
obs_150577,train,train,ScanNet,scene0372_00,train/obs_150577,train/obs_150577/metadata.json,obs_003,EASY,0.01,"[128,192]",ScanNet:scene0372,train,True,1,ScanNet,
obs_154644,test,train,ScanNet,scene0559_00,train/obs_154644,train/obs_154644/metadata.json,obs_005,LEARNABLE,0.01,"[128,192]",ScanNet:scene0559,train,True,0,ScanNet,
obs_159485,train,train,ScanNet,scene0559_01,train/obs_159485,train/obs_159485/metadata.json,obs_009,EASY,0.01,"[128,192]",ScanNet:scene0559,train,True,1,ScanNet,
obs_163209,train,train,ScanNet,scene0276_01,train/obs_163209,train/obs_163209/metadata.json,obs_012,LEARNABLE,0.01,"[128,192]",ScanNet:scene0276,train,True,0,ScanNet,
obs_147659,train,train,ScanNet,scene0276_01,train/obs_147659,train/obs_147659/metadata.json,obs_015,EASY,0.01,"[128,192]",ScanNet:scene0276,train,True,1,ScanNet,
obs_150131,test,train,ScanNet,scene0596_00,train/obs_150131,train/obs_150131/metadata.json,obs_013,EASY,0.01,"[128,192]",ScanNet:scene0596,train,True,0,ScanNet,
obs_152585,validation,train,ScanNet,scene0596_01,train/obs_152585,train/obs_152585/metadata.json,obs_005,LEARNABLE,0.01,"[128,192]",ScanNet:scene0596,train,True,1,ScanNet,
obs_159618,train,train,ScanNet,scene0176_00,train/obs_159618,train/obs_159618/metadata.json,obs_005,LEARNABLE,0.01,"[128,192]",ScanNet:scene0176,train,False,0,ScanNet,
obs_153314,train,train,ScanNet,scene0176_00,train/obs_153314,train/obs_153314/metadata.json,obs_002,EASY,0.01,"[128,192]",ScanNet:scene0176,train,False,1,ScanNet,
obs_164463,train,train,ScanNet,scene0584_00,train/obs_164463,train/obs_164463/metadata.json,obs_013,LEARNABLE,0.01,"[128,192]",ScanNet:scene0584,train,True,0,ScanNet,
obs_165756,train,train,ScanNet,scene0584_02,train/obs_165756,train/obs_165756/metadata.json,obs_008,LEARNABLE,0.01,"[128,192]",ScanNet:scene0584,train,True,1,ScanNet,
obs_158952,validation,train,ScanNet,scene0368_01,train/obs_158952,train/obs_158952/metadata.json,obs_013,EASY,0.01,"[128,192]",ScanNet:scene0368,train,False,0,ScanNet,
obs_143816,train,train,ScanNet,scene0368_00,train/obs_143816,train/obs_143816/metadata.json,obs_023,LEARNABLE,0.01,"[128,192]",ScanNet:scene0368,train,False,1,ScanNet,
obs_161237,train,train,ScanNet,scene0001_00,train/obs_161237,train/obs_161237/metadata.json,obs_016,LEARNABLE,0.01,"[128,192]",ScanNet:scene0001,train,True,0,ScanNet,old_train_or_checkpoint_validation
obs_150009,train,train,ScanNet,scene0001_00,train/obs_150009,train/obs_150009/metadata.json,obs_000,LEARNABLE,0.01,"[128,192]",ScanNet:scene0001,train,True,1,ScanNet,old_train_or_checkpoint_validation
obs_164494,train,train,ScanNet,scene0481_01,train/obs_164494,train/obs_164494/metadata.json,obs_017,EASY,0.01,"[128,192]",ScanNet:scene0481,train,True,0,ScanNet,
obs_143129,train,train,ScanNet,scene0481_01,train/obs_143129,train/obs_143129/metadata.json,obs_021,LEARNABLE,0.01,"[128,192]",ScanNet:scene0481,train,True,1,ScanNet,
obs_154897,train,train,ScanNet,scene0488_00,train/obs_154897,train/obs_154897/metadata.json,obs_003,LEARNABLE,0.01,"[128,192]",ScanNet:scene0488,train,True,0,ScanNet,
obs_163534,train,train,ScanNet,scene0488_00,train/obs_163534,train/obs_163534/metadata.json,obs_010,LEARNABLE,0.01,"[128,192]",ScanNet:scene0488,train,True,1,ScanNet,
obs_158683,train,train,ScanNet,scene0663_01,train/obs_158683,train/obs_158683/metadata.json,obs_012,LEARNABLE,0.01,"[128,192]",ScanNet:scene0663,train,True,0,ScanNet,
obs_165264,train,train,ScanNet,scene0663_01,train/obs_165264,train/obs_165264/metadata.json,obs_011,LEARNABLE,0.01,"[128,192]",ScanNet:scene0663,train,True,1,ScanNet,
obs_168793,train,train,ScanNet,scene0512_00,train/obs_168793,train/obs_168793/metadata.json,obs_019,LEARNABLE,0.01,"[128,192]",ScanNet:scene0512,train,False,0,ScanNet,
obs_152947,train,train,ScanNet,scene0512_00,train/obs_152947,train/obs_152947/metadata.json,obs_001,LEARNABLE,0.01,"[128,192]",ScanNet:scene0512,train,False,1,ScanNet,
obs_146690,train,train,ScanNet,scene0631_01,train/obs_146690,train/obs_146690/metadata.json,obs_017,LEARNABLE,0.01,"[128,192]",ScanNet:scene0631,train,True,0,ScanNet,
obs_166577,train,train,ScanNet,scene0631_02,train/obs_166577,train/obs_166577/metadata.json,obs_010,EASY,0.01,"[128,192]",ScanNet:scene0631,train,True,1,ScanNet,
obs_168988,train,train,ScanNet,scene0122_01,train/obs_168988,train/obs_168988/metadata.json,obs_010,EASY,0.01,"[128,192]",ScanNet:scene0122,train,True,0,ScanNet,
obs_159700,train,train,ScanNet,scene0122_00,train/obs_159700,train/obs_159700/metadata.json,obs_002,LEARNABLE,0.01,"[128,192]",ScanNet:scene0122,train,True,1,ScanNet,
obs_149397,validation,train,ScanNet,scene0022_00,train/obs_149397,train/obs_149397/metadata.json,obs_015,EASY,0.01,"[128,192]",ScanNet:scene0022,train,True,0,ScanNet,old_train_or_checkpoint_validation
obs_146908,train,train,ScanNet,scene0022_01,train/obs_146908,train/obs_146908/metadata.json,obs_023,LEARNABLE,0.01,"[128,192]",ScanNet:scene0022,train,True,1,ScanNet,old_train_or_checkpoint_validation
obs_152412,train,train,ScanNet,scene0617_00,train/obs_152412,train/obs_152412/metadata.json,obs_007,EASY,0.01,"[128,192]",ScanNet:scene0617,train,True,0,ScanNet,
obs_169515,train,train,ScanNet,scene0617_00,train/obs_169515,train/obs_169515/metadata.json,obs_020,LEARNABLE,0.01,"[128,192]",ScanNet:scene0617,train,True,1,ScanNet,
obs_153516,train,train,ScanNet,scene0312_02,train/obs_153516,train/obs_153516/metadata.json,obs_008,EASY,0.01,"[128,192]",ScanNet:scene0312,train,True,0,ScanNet,
obs_142598,test,train,ScanNet,scene0312_01,train/obs_142598,train/obs_142598/metadata.json,obs_004,LEARNABLE,0.01,"[128,192]",ScanNet:scene0312,train,True,1,ScanNet,
obs_153288,train,train,ScanNet,scene0092_00,train/obs_153288,train/obs_153288/metadata.json,obs_023,EASY,0.01,"[128,192]",ScanNet:scene0092,train,True,0,ScanNet,old_train_or_checkpoint_validation
obs_147363,validation,train,ScanNet,scene0092_04,train/obs_147363,train/obs_147363/metadata.json,obs_023,EASY,0.01,"[128,192]",ScanNet:scene0092,train,True,1,ScanNet,old_train_or_checkpoint_validation
obs_150103,train,train,ScanNet,scene0173_00,train/obs_150103,train/obs_150103/metadata.json,obs_022,EASY,0.01,"[128,192]",ScanNet:scene0173,train,True,0,ScanNet,
obs_156445,train,train,ScanNet,scene0173_01,train/obs_156445,train/obs_156445/metadata.json,obs_015,EASY,0.01,"[128,192]",ScanNet:scene0173,train,True,1,ScanNet,
obs_164393,train,train,ScanNet,scene0266_00,train/obs_164393,train/obs_164393/metadata.json,obs_005,LEARNABLE,0.01,"[128,192]",ScanNet:scene0266,train,False,0,ScanNet,
obs_165187,train,train,ScanNet,scene0266_00,train/obs_165187,train/obs_165187/metadata.json,obs_012,LEARNABLE,0.01,"[128,192]",ScanNet:scene0266,train,False,1,ScanNet,
obs_144265,train,train,ScanNet,scene0416_03,train/obs_144265,train/obs_144265/metadata.json,obs_017,LEARNABLE,0.01,"[128,192]",ScanNet:scene0416,train,False,0,ScanNet,
obs_143102,train,train,ScanNet,scene0416_00,train/obs_143102,train/obs_143102/metadata.json,obs_009,LEARNABLE,0.01,"[128,192]",ScanNet:scene0416,train,False,1,ScanNet,
obs_156211,train,train,ScanNet,scene0642_03,train/obs_156211,train/obs_156211/metadata.json,obs_011,LEARNABLE,0.01,"[128,192]",ScanNet:scene0642,train,True,0,ScanNet,
obs_163315,train,train,ScanNet,scene0642_01,train/obs_163315,train/obs_163315/metadata.json,obs_014,EASY,0.01,"[128,192]",ScanNet:scene0642,train,True,1,ScanNet,
obs_165379,train,train,ScanNet,scene0598_01,train/obs_165379,train/obs_165379/metadata.json,obs_016,EASY,0.01,"[128,192]",ScanNet:scene0598,train,True,0,ScanNet,
obs_170229,train,train,ScanNet,scene0598_00,train/obs_170229,train/obs_170229/metadata.json,obs_009,LEARNABLE,0.01,"[128,192]",ScanNet:scene0598,train,True,1,ScanNet,
obs_149174,train,train,ScanNet,scene0474_03,train/obs_149174,train/obs_149174/metadata.json,obs_001,EASY,0.01,"[128,192]",ScanNet:scene0474,train,True,0,ScanNet,
obs_162770,train,train,ScanNet,scene0474_01,train/obs_162770,train/obs_162770/metadata.json,obs_012,EASY,0.01,"[128,192]",ScanNet:scene0474,train,True,1,ScanNet,
obs_165497,train,train,ScanNet,scene0109_00,train/obs_165497,train/obs_165497/metadata.json,obs_004,EASY,0.01,"[128,192]",ScanNet:scene0109,train,False,0,ScanNet,
obs_147974,train,train,ScanNet,scene0109_01,train/obs_147974,train/obs_147974/metadata.json,obs_000,EASY,0.01,"[128,192]",ScanNet:scene0109,train,False,1,ScanNet,
obs_151943,validation,train,ScanNet,scene0277_02,train/obs_151943,train/obs_151943/metadata.json,obs_008,EASY,0.01,"[128,192]",ScanNet:scene0277,train,True,0,ScanNet,
obs_164639,train,train,ScanNet,scene0277_01,train/obs_164639,train/obs_164639/metadata.json,obs_009,EASY,0.01,"[128,192]",ScanNet:scene0277,train,True,1,ScanNet,
obs_153821,train,train,ScanNet,scene0685_00,train/obs_153821,train/obs_153821/metadata.json,obs_003,LEARNABLE,0.01,"[128,192]",ScanNet:scene0685,train,True,0,ScanNet,
obs_160626,train,train,ScanNet,scene0685_01,train/obs_160626,train/obs_160626/metadata.json,obs_021,LEARNABLE,0.01,"[128,192]",ScanNet:scene0685,train,True,1,ScanNet,
obs_170408,train,train,ScanNet,scene0634_00,train/obs_170408,train/obs_170408/metadata.json,obs_014,EASY,0.01,"[128,192]",ScanNet:scene0634,train,True,0,ScanNet,
obs_160978,train,train,ScanNet,scene0634_00,train/obs_160978,train/obs_160978/metadata.json,obs_003,EASY,0.01,"[128,192]",ScanNet:scene0634,train,True,1,ScanNet,
obs_153486,train,train,ScanNet,scene0124_00,train/obs_153486,train/obs_153486/metadata.json,obs_016,EASY,0.01,"[128,192]",ScanNet:scene0124,train,True,0,ScanNet,
obs_160355,train,train,ScanNet,scene0124_01,train/obs_160355,train/obs_160355/metadata.json,obs_023,LEARNABLE,0.01,"[128,192]",ScanNet:scene0124,train,True,1,ScanNet,
obs_149280,train,train,ScanNet,scene0077_00,train/obs_149280,train/obs_149280/metadata.json,obs_003,LEARNABLE,0.01,"[128,192]",ScanNet:scene0077,train,True,0,ScanNet,
obs_158370,train,train,ScanNet,scene0077_00,train/obs_158370,train/obs_158370/metadata.json,obs_013,LEARNABLE,0.01,"[128,192]",ScanNet:scene0077,train,True,1,ScanNet,
obs_147333,test,train,ScanNet,scene0377_00,train/obs_147333,train/obs_147333/metadata.json,obs_012,LEARNABLE,0.01,"[128,192]",ScanNet:scene0377,train,True,0,ScanNet,
obs_158628,train,train,ScanNet,scene0377_02,train/obs_158628,train/obs_158628/metadata.json,obs_021,EASY,0.01,"[128,192]",ScanNet:scene0377,train,True,1,ScanNet,
obs_168083,test,train,ScanNet,scene0115_02,train/obs_168083,train/obs_168083/metadata.json,obs_010,LEARNABLE,0.01,"[128,192]",ScanNet:scene0115,train,True,0,ScanNet,
obs_170056,train,train,ScanNet,scene0115_01,train/obs_170056,train/obs_170056/metadata.json,obs_012,LEARNABLE,0.01,"[128,192]",ScanNet:scene0115,train,True,1,ScanNet,
obs_149485,train,train,ScanNet,scene0332_02,train/obs_149485,train/obs_149485/metadata.json,obs_021,LEARNABLE,0.01,"[128,192]",ScanNet:scene0332,train,True,0,ScanNet,
obs_170920,train,train,ScanNet,scene0332_02,train/obs_170920,train/obs_170920/metadata.json,obs_002,EASY,0.01,"[128,192]",ScanNet:scene0332,train,True,1,ScanNet,
obs_168677,train,train,ScanNet,scene0028_00,train/obs_168677,train/obs_168677/metadata.json,obs_014,EASY,0.01,"[128,192]",ScanNet:scene0028,train,True,0,ScanNet,
obs_161986,train,train,ScanNet,scene0028_00,train/obs_161986,train/obs_161986/metadata.json,obs_021,LEARNABLE,0.01,"[128,192]",ScanNet:scene0028,train,True,1,ScanNet,
obs_155997,test,train,ScanNet,scene0659_00,train/obs_155997,train/obs_155997/metadata.json,obs_012,LEARNABLE,0.01,"[128,192]",ScanNet:scene0659,train,False,0,ScanNet,
obs_163013,test,train,ScanNet,scene0659_00,train/obs_163013,train/obs_163013/metadata.json,obs_020,LEARNABLE,0.01,"[128,192]",ScanNet:scene0659,train,False,1,ScanNet,
obs_162470,train,train,ScanNet,scene0555_00,train/obs_162470,train/obs_162470/metadata.json,obs_014,EASY,0.01,"[128,192]",ScanNet:scene0555,train,True,0,ScanNet,
obs_159576,train,train,ScanNet,scene0555_00,train/obs_159576,train/obs_159576/metadata.json,obs_021,LEARNABLE,0.01,"[128,192]",ScanNet:scene0555,train,True,1,ScanNet,
obs_160782,train,train,ScanNet,scene0239_00,train/obs_160782,train/obs_160782/metadata.json,obs_012,LEARNABLE,0.01,"[128,192]",ScanNet:scene0239,train,True,0,ScanNet,
obs_142942,train,train,ScanNet,scene0239_02,train/obs_142942,train/obs_142942/metadata.json,obs_013,LEARNABLE,0.01,"[128,192]",ScanNet:scene0239,train,True,1,ScanNet,
obs_147877,train,train,ScanNet,scene0029_02,train/obs_147877,train/obs_147877/metadata.json,obs_001,EASY,0.01,"[128,192]",ScanNet:scene0029,train,True,0,ScanNet,
obs_153016,train,train,ScanNet,scene0029_00,train/obs_153016,train/obs_153016/metadata.json,obs_004,LEARNABLE,0.01,"[128,192]",ScanNet:scene0029,train,True,1,ScanNet,
obs_144498,train,train,ScanNet,scene0204_02,train/obs_144498,train/obs_144498/metadata.json,obs_023,LEARNABLE,0.01,"[128,192]",ScanNet:scene0204,train,True,0,ScanNet,old_train_or_checkpoint_validation
obs_167033,train,train,ScanNet,scene0204_00,train/obs_167033,train/obs_167033/metadata.json,obs_019,EASY,0.01,"[128,192]",ScanNet:scene0204,train,True,1,ScanNet,old_train_or_checkpoint_validation
obs_168850,train,train,ScanNet,scene0457_00,train/obs_168850,train/obs_168850/metadata.json,obs_021,EASY,0.01,"[128,192]",ScanNet:scene0457,train,True,0,ScanNet,
obs_167209,train,train,ScanNet,scene0457_00,train/obs_167209,train/obs_167209/metadata.json,obs_018,LEARNABLE,0.01,"[128,192]",ScanNet:scene0457,train,True,1,ScanNet,
obs_153684,train,train,ScanNet,scene0324_00,train/obs_153684,train/obs_153684/metadata.json,obs_020,LEARNABLE,0.01,"[128,192]",ScanNet:scene0324,train,True,0,ScanNet,
obs_170532,train,train,ScanNet,scene0324_01,train/obs_170532,train/obs_170532/metadata.json,obs_006,EASY,0.01,"[128,192]",ScanNet:scene0324,train,True,1,ScanNet,
obs_162695,train,train,ScanNet,scene0550_00,train/obs_162695,train/obs_162695/metadata.json,obs_008,EASY,0.01,"[128,192]",ScanNet:scene0550,train,True,0,ScanNet,
obs_149026,train,train,ScanNet,scene0550_00,train/obs_149026,train/obs_149026/metadata.json,obs_001,LEARNABLE,0.01,"[128,192]",ScanNet:scene0550,train,True,1,ScanNet,
obs_148513,validation,train,ScanNet,scene0186_00,train/obs_148513,train/obs_148513/metadata.json,obs_003,LEARNABLE,0.01,"[128,192]",ScanNet:scene0186,train,True,0,ScanNet,old_train_or_checkpoint_validation
obs_168130,train,train,ScanNet,scene0186_01,train/obs_168130,train/obs_168130/metadata.json,obs_017,EASY,0.01,"[128,192]",ScanNet:scene0186,train,True,1,ScanNet,old_train_or_checkpoint_validation
obs_155527,train,train,ScanNet,scene0336_00,train/obs_155527,train/obs_155527/metadata.json,obs_016,LEARNABLE,0.01,"[128,192]",ScanNet:scene0336,train,False,0,ScanNet,
obs_152057,train,train,ScanNet,scene0336_00,train/obs_152057,train/obs_152057/metadata.json,obs_002,LEARNABLE,0.01,"[128,192]",ScanNet:scene0336,train,False,1,ScanNet,
obs_147159,test,train,ScanNet,scene0100_02,train/obs_147159,train/obs_147159/metadata.json,obs_002,EASY,0.01,"[128,192]",ScanNet:scene0100,train,True,0,ScanNet,old_train_or_checkpoint_validation
obs_156768,train,train,ScanNet,scene0100_00,train/obs_156768,train/obs_156768/metadata.json,obs_019,LEARNABLE,0.01,"[128,192]",ScanNet:scene0100,train,True,1,ScanNet,old_train_or_checkpoint_validation
obs_164810,validation,train,ScanNet,scene0420_01,train/obs_164810,train/obs_164810/metadata.json,obs_012,EASY,0.01,"[128,192]",ScanNet:scene0420,train,True,0,ScanNet,
obs_144663,train,train,ScanNet,scene0420_02,train/obs_144663,train/obs_144663/metadata.json,obs_016,LEARNABLE,0.01,"[128,192]",ScanNet:scene0420,train,True,1,ScanNet,
obs_157225,train,train,ScanNet,scene0436_00,train/obs_157225,train/obs_157225/metadata.json,obs_018,EASY,0.01,"[128,192]",ScanNet:scene0436,train,True,0,ScanNet,
obs_170667,train,train,ScanNet,scene0436_00,train/obs_170667,train/obs_170667/metadata.json,obs_016,LEARNABLE,0.01,"[128,192]",ScanNet:scene0436,train,True,1,ScanNet,
obs_168823,train,train,ScanNet,scene0119_00,train/obs_168823,train/obs_168823/metadata.json,obs_006,LEARNABLE,0.01,"[128,192]",ScanNet:scene0119,train,False,0,ScanNet,
obs_153596,train,train,ScanNet,scene0119_00,train/obs_153596,train/obs_153596/metadata.json,obs_019,EASY,0.01,"[128,192]",ScanNet:scene0119,train,False,1,ScanNet,
obs_155816,train,train,ScanNet,scene0466_01,train/obs_155816,train/obs_155816/metadata.json,obs_000,LEARNABLE,0.01,"[128,192]",ScanNet:scene0466,train,False,0,ScanNet,
obs_152878,train,train,ScanNet,scene0466_01,train/obs_152878,train/obs_152878/metadata.json,obs_001,LEARNABLE,0.01,"[128,192]",ScanNet:scene0466,train,False,1,ScanNet,
obs_152648,train,train,ScanNet,scene0155_01,train/obs_152648,train/obs_152648/metadata.json,obs_014,LEARNABLE,0.01,"[128,192]",ScanNet:scene0155,train,True,0,ScanNet,
obs_150641,train,train,ScanNet,scene0155_00,train/obs_150641,train/obs_150641/metadata.json,obs_011,LEARNABLE,0.01,"[128,192]",ScanNet:scene0155,train,True,1,ScanNet,
obs_147492,test,train,ScanNet,scene0290_00,train/obs_147492,train/obs_147492/metadata.json,obs_021,EASY,0.01,"[128,192]",ScanNet:scene0290,train,False,0,ScanNet,
obs_169739,test,train,ScanNet,scene0290_00,train/obs_169739,train/obs_169739/metadata.json,obs_023,EASY,0.01,"[128,192]",ScanNet:scene0290,train,False,1,ScanNet,
obs_150728,validation,train,ScanNet,scene0348_00,train/obs_150728,train/obs_150728/metadata.json,obs_011,LEARNABLE,0.01,"[128,192]",ScanNet:scene0348,train,True,0,ScanNet,
obs_164776,train,train,ScanNet,scene0348_01,train/obs_164776,train/obs_164776/metadata.json,obs_020,LEARNABLE,0.01,"[128,192]",ScanNet:scene0348,train,True,1,ScanNet,
obs_155042,validation,train,ScanNet,scene0431_00,train/obs_155042,train/obs_155042/metadata.json,obs_010,EASY,0.01,"[128,192]",ScanNet:scene0431,train,False,0,ScanNet,
obs_159509,validation,train,ScanNet,scene0431_00,train/obs_159509,train/obs_159509/metadata.json,obs_018,LEARNABLE,0.01,"[128,192]",ScanNet:scene0431,train,False,1,ScanNet,
obs_156693,train,train,ScanNet,scene0150_00,train/obs_156693,train/obs_156693/metadata.json,obs_013,LEARNABLE,0.01,"[128,192]",ScanNet:scene0150,train,True,0,ScanNet,
obs_149999,train,train,ScanNet,scene0150_02,train/obs_149999,train/obs_149999/metadata.json,obs_008,LEARNABLE,0.01,"[128,192]",ScanNet:scene0150,train,True,1,ScanNet,
obs_156585,validation,train,ScanNet,scene0271_01,train/obs_156585,train/obs_156585/metadata.json,obs_023,LEARNABLE,0.01,"[128,192]",ScanNet:scene0271,train,True,0,ScanNet,old_train_or_checkpoint_validation|published_development_gallery
obs_169390,validation,train,ScanNet,scene0271_01,train/obs_169390,train/obs_169390/metadata.json,obs_010,LEARNABLE,0.01,"[128,192]",ScanNet:scene0271,train,True,1,ScanNet,old_train_or_checkpoint_validation|published_development_gallery
obs_159502,test,train,ScanNet,scene0018_00,train/obs_159502,train/obs_159502/metadata.json,obs_006,LEARNABLE,0.01,"[128,192]",ScanNet:scene0018,train,True,0,ScanNet,
obs_163474,test,train,ScanNet,scene0018_00,train/obs_163474,train/obs_163474/metadata.json,obs_012,LEARNABLE,0.01,"[128,192]",ScanNet:scene0018,train,True,1,ScanNet,
obs_168161,train,train,ScanNet,scene0130_00,train/obs_168161,train/obs_168161/metadata.json,obs_018,EASY,0.01,"[128,192]",ScanNet:scene0130,train,True,0,ScanNet,
obs_164231,train,train,ScanNet,scene0130_00,train/obs_164231,train/obs_164231/metadata.json,obs_003,EASY,0.01,"[128,192]",ScanNet:scene0130,train,True,1,ScanNet,
obs_143875,validation,train,ScanNet,scene0346_01,train/obs_143875,train/obs_143875/metadata.json,obs_020,LEARNABLE,0.01,"[128,192]",ScanNet:scene0346,train,True,0,ScanNet,
obs_168846,train,train,ScanNet,scene0346_00,train/obs_168846,train/obs_168846/metadata.json,obs_005,EASY,0.01,"[128,192]",ScanNet:scene0346,train,True,1,ScanNet,
obs_149060,train,train,ScanNet,scene0686_01,train/obs_149060,train/obs_149060/metadata.json,obs_006,LEARNABLE,0.01,"[128,192]",ScanNet:scene0686,train,True,0,ScanNet,
obs_163327,train,train,ScanNet,scene0686_01,train/obs_163327,train/obs_163327/metadata.json,obs_000,LEARNABLE,0.01,"[128,192]",ScanNet:scene0686,train,True,1,ScanNet,
obs_147748,train,train,ScanNet,scene0108_00,train/obs_147748,train/obs_147748/metadata.json,obs_010,EASY,0.01,"[128,192]",ScanNet:scene0108,train,False,0,ScanNet,
obs_167532,train,train,ScanNet,scene0108_00,train/obs_167532,train/obs_167532/metadata.json,obs_007,LEARNABLE,0.01,"[128,192]",ScanNet:scene0108,train,False,1,ScanNet,
obs_160954,train,train,ScanNet,scene0463_01,train/obs_160954,train/obs_160954/metadata.json,obs_020,LEARNABLE,0.01,"[128,192]",ScanNet:scene0463,train,True,0,ScanNet,
obs_165827,test,train,ScanNet,scene0463_00,train/obs_165827,train/obs_165827/metadata.json,obs_000,EASY,0.01,"[128,192]",ScanNet:scene0463,train,True,1,ScanNet,
obs_145006,train,train,ScanNet,scene0655_00,train/obs_145006,train/obs_145006/metadata.json,obs_008,LEARNABLE,0.01,"[128,192]",ScanNet:scene0655,train,True,0,ScanNet,old_train_or_checkpoint_validation
obs_168037,train,train,ScanNet,scene0655_01,train/obs_168037,train/obs_168037/metadata.json,obs_015,LEARNABLE,0.01,"[128,192]",ScanNet:scene0655,train,True,1,ScanNet,old_train_or_checkpoint_validation
obs_156125,train,train,ScanNet,scene0172_01,train/obs_156125,train/obs_156125/metadata.json,obs_004,LEARNABLE,0.01,"[128,192]",ScanNet:scene0172,train,True,0,ScanNet,
obs_157142,train,train,ScanNet,scene0172_01,train/obs_157142,train/obs_157142/metadata.json,obs_002,EASY,0.01,"[128,192]",ScanNet:scene0172,train,True,1,ScanNet,
obs_153675,train,train,ScanNet,scene0639_00,train/obs_153675,train/obs_153675/metadata.json,obs_017,EASY,0.01,"[128,192]",ScanNet:scene0639,train,False,0,ScanNet,
obs_146250,train,train,ScanNet,scene0639_00,train/obs_146250,train/obs_146250/metadata.json,obs_010,LEARNABLE,0.01,"[128,192]",ScanNet:scene0639,train,False,1,ScanNet,
obs_147434,train,train,ScanNet,scene0107_00,train/obs_147434,train/obs_147434/metadata.json,obs_013,EASY,0.01,"[128,192]",ScanNet:scene0107,train,True,0,ScanNet,
obs_165761,train,train,ScanNet,scene0107_00,train/obs_165761,train/obs_165761/metadata.json,obs_011,LEARNABLE,0.01,"[128,192]",ScanNet:scene0107,train,True,1,ScanNet,
obs_169632,train,train,ScanNet,scene0574_02,train/obs_169632,train/obs_169632/metadata.json,obs_011,LEARNABLE,0.01,"[128,192]",ScanNet:scene0574,train,True,0,ScanNet,
obs_145993,train,train,ScanNet,scene0574_00,train/obs_145993,train/obs_145993/metadata.json,obs_014,LEARNABLE,0.01,"[128,192]",ScanNet:scene0574,train,True,1,ScanNet,
obs_158557,train,train,ScanNet,scene0147_01,train/obs_158557,train/obs_158557/metadata.json,obs_005,EASY,0.01,"[128,192]",ScanNet:scene0147,train,True,0,ScanNet,
obs_144413,train,train,ScanNet,scene0147_01,train/obs_144413,train/obs_144413/metadata.json,obs_019,LEARNABLE,0.01,"[128,192]",ScanNet:scene0147,train,True,1,ScanNet,
obs_147823,train,train,ScanNet,scene0088_00,train/obs_147823,train/obs_147823/metadata.json,obs_008,EASY,0.01,"[128,192]",ScanNet:scene0088,train,True,0,ScanNet,old_train_or_checkpoint_validation
obs_159447,validation,train,ScanNet,scene0088_02,train/obs_159447,train/obs_159447/metadata.json,obs_020,EASY,0.01,"[128,192]",ScanNet:scene0088,train,True,1,ScanNet,old_train_or_checkpoint_validation
obs_149720,train,train,ScanNet,scene0472_01,train/obs_149720,train/obs_149720/metadata.json,obs_008,LEARNABLE,0.01,"[128,192]",ScanNet:scene0472,train,True,0,ScanNet,
obs_151581,train,train,ScanNet,scene0472_00,train/obs_151581,train/obs_151581/metadata.json,obs_005,LEARNABLE,0.01,"[128,192]",ScanNet:scene0472,train,True,1,ScanNet,
obs_152327,train,train,ScanNet,scene0132_02,train/obs_152327,train/obs_152327/metadata.json,obs_008,LEARNABLE,0.01,"[128,192]",ScanNet:scene0132,train,True,0,ScanNet,
obs_169630,train,train,ScanNet,scene0132_02,train/obs_169630,train/obs_169630/metadata.json,obs_016,LEARNABLE,0.01,"[128,192]",ScanNet:scene0132,train,True,1,ScanNet,
obs_144950,train,train,ScanNet,scene0460_00,train/obs_144950,train/obs_144950/metadata.json,obs_013,EASY,0.01,"[128,192]",ScanNet:scene0460,train,True,0,ScanNet,
obs_152651,train,train,ScanNet,scene0460_00,train/obs_152651,train/obs_152651/metadata.json,obs_022,LEARNABLE,0.01,"[128,192]",ScanNet:scene0460,train,True,1,ScanNet,
obs_146385,train,train,ScanNet,scene0608_01,train/obs_146385,train/obs_146385/metadata.json,obs_004,LEARNABLE,0.01,"[128,192]",ScanNet:scene0608,train,True,0,ScanNet,
obs_162978,test,train,ScanNet,scene0608_02,train/obs_162978,train/obs_162978/metadata.json,obs_019,LEARNABLE,0.01,"[128,192]",ScanNet:scene0608,train,True,1,ScanNet,
obs_146178,test,train,ScanNet,scene0340_00,train/obs_146178,train/obs_146178/metadata.json,obs_002,EASY,0.01,"[128,192]",ScanNet:scene0340,train,True,0,ScanNet,
obs_164565,train,train,ScanNet,scene0340_01,train/obs_164565,train/obs_164565/metadata.json,obs_001,EASY,0.01,"[128,192]",ScanNet:scene0340,train,True,1,ScanNet,
obs_157397,train,train,ScanNet,scene0073_01,train/obs_157397,train/obs_157397/metadata.json,obs_014,LEARNABLE,0.01,"[128,192]",ScanNet:scene0073,train,True,0,ScanNet,old_train_or_checkpoint_validation
obs_152956,train,train,ScanNet,scene0073_01,train/obs_152956,train/obs_152956/metadata.json,obs_008,LEARNABLE,0.01,"[128,192]",ScanNet:scene0073,train,True,1,ScanNet,old_train_or_checkpoint_validation
obs_166704,test,train,ScanNet,scene0074_00,train/obs_166704,train/obs_166704/metadata.json,obs_002,LEARNABLE,0.01,"[128,192]",ScanNet:scene0074,train,True,0,ScanNet,
obs_170771,test,train,ScanNet,scene0074_00,train/obs_170771,train/obs_170771/metadata.json,obs_021,LEARNABLE,0.01,"[128,192]",ScanNet:scene0074,train,True,1,ScanNet,
obs_235970,train,train,ZInD,1207_floor_01_pano_33,train/obs_235970,train/obs_235970/metadata.json,obs_008,EASY,0.01,"[128,192]",ZInD:1207,train,True,0,ZInD,
obs_190036,train,train,ZInD,1207_floor_02_pano_63,train/obs_190036,train/obs_190036/metadata.json,obs_001,EASY,0.01,"[128,192]",ZInD:1207,train,True,1,ZInD,
obs_305469,train,train,ZInD,0937_floor_03_pano_40,train/obs_305469,train/obs_305469/metadata.json,obs_020,EASY,0.01,"[128,192]",ZInD:0937,train,True,0,ZInD,
obs_284981,train,train,ZInD,0937_floor_01_pano_15,train/obs_284981,train/obs_284981/metadata.json,obs_000,LEARNABLE,0.01,"[128,192]",ZInD:0937,train,True,1,ZInD,
obs_274391,test,train,ZInD,0356_floor_01_pano_8,train/obs_274391,train/obs_274391/metadata.json,obs_022,EASY,0.01,"[128,192]",ZInD:0356,train,False,0,ZInD,
obs_191187,test,train,ZInD,0356_floor_01_pano_8,train/obs_191187,train/obs_191187/metadata.json,obs_004,EASY,0.01,"[128,192]",ZInD:0356,train,False,1,ZInD,
obs_173008,train,train,ZInD,0419_floor_02_pano_40,train/obs_173008,train/obs_173008/metadata.json,obs_006,EASY,0.01,"[128,192]",ZInD:0419,train,True,0,ZInD,
obs_282665,train,train,ZInD,0419_floor_02_pano_40,train/obs_282665,train/obs_282665/metadata.json,obs_008,EASY,0.01,"[128,192]",ZInD:0419,train,True,1,ZInD,
obs_275587,train,train,ZInD,1382_floor_02_pano_34,train/obs_275587,train/obs_275587/metadata.json,obs_011,EASY,0.01,"[128,192]",ZInD:1382,train,True,0,ZInD,
obs_182947,train,train,ZInD,1382_floor_02_pano_34,train/obs_182947,train/obs_182947/metadata.json,obs_017,EASY,0.01,"[128,192]",ZInD:1382,train,True,1,ZInD,
obs_235098,train,train,ZInD,0499_floor_00_pano_37,train/obs_235098,train/obs_235098/metadata.json,obs_017,EASY,0.01,"[128,192]",ZInD:0499,train,True,0,ZInD,
obs_202336,train,train,ZInD,0499_floor_00_pano_30,train/obs_202336,train/obs_202336/metadata.json,obs_022,LEARNABLE,0.01,"[128,192]",ZInD:0499,train,True,1,ZInD,
obs_193335,validation,train,ZInD,0478_floor_01_pano_18,train/obs_193335,train/obs_193335/metadata.json,obs_002,EASY,0.01,"[128,192]",ZInD:0478,train,True,0,ZInD,
obs_212281,train,train,ZInD,0478_floor_02_pano_38,train/obs_212281,train/obs_212281/metadata.json,obs_010,EASY,0.01,"[128,192]",ZInD:0478,train,True,1,ZInD,
obs_306861,train,train,ZInD,1283_floor_00_pano_7,train/obs_306861,train/obs_306861/metadata.json,obs_013,EASY,0.01,"[128,192]",ZInD:1283,train,True,0,ZInD,
obs_246733,train,train,ZInD,1283_floor_02_pano_13,train/obs_246733,train/obs_246733/metadata.json,obs_004,LEARNABLE,0.01,"[128,192]",ZInD:1283,train,True,1,ZInD,
obs_208489,validation,train,ZInD,1097_floor_00_pano_29,train/obs_208489,train/obs_208489/metadata.json,obs_020,LEARNABLE,0.01,"[128,192]",ZInD:1097,train,True,0,ZInD,
obs_294288,validation,train,ZInD,1097_floor_00_pano_29,train/obs_294288,train/obs_294288/metadata.json,obs_016,EASY,0.01,"[128,192]",ZInD:1097,train,True,1,ZInD,
obs_173432,train,train,ZInD,0782_floor_00_pano_39,train/obs_173432,train/obs_173432/metadata.json,obs_023,EASY,0.01,"[128,192]",ZInD:0782,train,True,0,ZInD,
obs_294335,train,train,ZInD,0782_floor_01_pano_9,train/obs_294335,train/obs_294335/metadata.json,obs_017,LEARNABLE,0.01,"[128,192]",ZInD:0782,train,True,1,ZInD,
obs_248439,train,train,ZInD,0009_floor_01_pano_33,train/obs_248439,train/obs_248439/metadata.json,obs_018,EASY,0.01,"[128,192]",ZInD:0009,train,True,0,ZInD,
obs_200031,train,train,ZInD,0009_floor_01_pano_9,train/obs_200031,train/obs_200031/metadata.json,obs_020,LEARNABLE,0.01,"[128,192]",ZInD:0009,train,True,1,ZInD,
obs_203059,train,train,ZInD,0549_floor_01_pano_22,train/obs_203059,train/obs_203059/metadata.json,obs_002,EASY,0.01,"[128,192]",ZInD:0549,train,True,0,ZInD,
obs_289713,train,train,ZInD,0549_floor_01_pano_39,train/obs_289713,train/obs_289713/metadata.json,obs_022,EASY,0.01,"[128,192]",ZInD:0549,train,True,1,ZInD,
obs_243034,test,train,ZInD,0341_floor_01_pano_30,train/obs_243034,train/obs_243034/metadata.json,obs_020,EASY,0.01,"[128,192]",ZInD:0341,train,True,0,ZInD,
obs_199512,train,train,ZInD,0341_floor_02_pano_18,train/obs_199512,train/obs_199512/metadata.json,obs_002,LEARNABLE,0.01,"[128,192]",ZInD:0341,train,True,1,ZInD,
obs_176227,train,train,ZInD,0004_floor_01_pano_20,train/obs_176227,train/obs_176227/metadata.json,obs_004,LEARNABLE,0.01,"[128,192]",ZInD:0004,train,True,0,ZInD,
obs_176950,train,train,ZInD,0004_floor_01_pano_9,train/obs_176950,train/obs_176950/metadata.json,obs_007,EASY,0.01,"[128,192]",ZInD:0004,train,True,1,ZInD,
obs_273514,train,train,ZInD,0629_floor_02_pano_46,train/obs_273514,train/obs_273514/metadata.json,obs_022,LEARNABLE,0.01,"[128,192]",ZInD:0629,train,True,0,ZInD,old_train_or_checkpoint_validation
obs_209542,validation,train,ZInD,0629_floor_01_pano_7,train/obs_209542,train/obs_209542/metadata.json,obs_020,EASY,0.01,"[128,192]",ZInD:0629,train,True,1,ZInD,old_train_or_checkpoint_validation
obs_200451,validation,train,ZInD,1003_floor_02_pano_83,train/obs_200451,train/obs_200451/metadata.json,obs_006,EASY,0.01,"[128,192]",ZInD:1003,train,True,0,ZInD,
obs_212172,validation,train,ZInD,1003_floor_01_pano_10,train/obs_212172,train/obs_212172/metadata.json,obs_006,LEARNABLE,0.01,"[128,192]",ZInD:1003,train,True,1,ZInD,
obs_251309,train,train,ZInD,0992_floor_01_pano_16,train/obs_251309,train/obs_251309/metadata.json,obs_016,EASY,0.01,"[128,192]",ZInD:0992,train,False,0,ZInD,
obs_227362,train,train,ZInD,0992_floor_01_pano_16,train/obs_227362,train/obs_227362/metadata.json,obs_021,EASY,0.01,"[128,192]",ZInD:0992,train,False,1,ZInD,
obs_175675,train,train,ZInD,0166_floor_00_pano_38,train/obs_175675,train/obs_175675/metadata.json,obs_000,EASY,0.01,"[128,192]",ZInD:0166,train,True,0,ZInD,
obs_175190,train,train,ZInD,0166_floor_01_pano_16,train/obs_175190,train/obs_175190/metadata.json,obs_004,EASY,0.01,"[128,192]",ZInD:0166,train,True,1,ZInD,
obs_261187,train,train,ZInD,0556_floor_01_pano_35,train/obs_261187,train/obs_261187/metadata.json,obs_017,LEARNABLE,0.01,"[128,192]",ZInD:0556,train,True,0,ZInD,
obs_209625,train,train,ZInD,0556_floor_01_pano_40,train/obs_209625,train/obs_209625/metadata.json,obs_013,LEARNABLE,0.01,"[128,192]",ZInD:0556,train,True,1,ZInD,
obs_294925,train,train,ZInD,0271_floor_01_pano_13,train/obs_294925,train/obs_294925/metadata.json,obs_009,EASY,0.01,"[128,192]",ZInD:0271,train,True,0,ZInD,
obs_242008,train,train,ZInD,0271_floor_01_pano_9,train/obs_242008,train/obs_242008/metadata.json,obs_023,EASY,0.01,"[128,192]",ZInD:0271,train,True,1,ZInD,
obs_180501,train,train,ZInD,0094_floor_02_pano_24,train/obs_180501,train/obs_180501/metadata.json,obs_021,EASY,0.01,"[128,192]",ZInD:0094,train,True,0,ZInD,
obs_295917,train,train,ZInD,0094_floor_02_pano_27,train/obs_295917,train/obs_295917/metadata.json,obs_009,EASY,0.01,"[128,192]",ZInD:0094,train,True,1,ZInD,
obs_183524,train,train,ZInD,0363_floor_02_pano_48,train/obs_183524,train/obs_183524/metadata.json,obs_020,EASY,0.01,"[128,192]",ZInD:0363,train,True,0,ZInD,
obs_279973,train,train,ZInD,0363_floor_01_pano_32,train/obs_279973,train/obs_279973/metadata.json,obs_009,EASY,0.01,"[128,192]",ZInD:0363,train,True,1,ZInD,
obs_256690,train,train,ZInD,1307_floor_02_pano_49,train/obs_256690,train/obs_256690/metadata.json,obs_007,LEARNABLE,0.01,"[128,192]",ZInD:1307,train,True,0,ZInD,
obs_304222,train,train,ZInD,1307_floor_02_pano_39,train/obs_304222,train/obs_304222/metadata.json,obs_009,LEARNABLE,0.01,"[128,192]",ZInD:1307,train,True,1,ZInD,
obs_271859,train,train,ZInD,1398_floor_01_pano_50,train/obs_271859,train/obs_271859/metadata.json,obs_000,EASY,0.01,"[128,192]",ZInD:1398,train,True,0,ZInD,
obs_265584,train,train,ZInD,1398_floor_01_pano_6,train/obs_265584,train/obs_265584/metadata.json,obs_010,EASY,0.01,"[128,192]",ZInD:1398,train,True,1,ZInD,
obs_307356,validation,train,ZInD,1531_floor_01_pano_49,train/obs_307356,train/obs_307356/metadata.json,obs_023,EASY,0.01,"[128,192]",ZInD:1531,train,True,0,ZInD,
obs_216276,train,train,ZInD,1531_floor_01_pano_10,train/obs_216276,train/obs_216276/metadata.json,obs_004,LEARNABLE,0.01,"[128,192]",ZInD:1531,train,True,1,ZInD,
obs_273410,train,train,ZInD,0886_floor_01_pano_7,train/obs_273410,train/obs_273410/metadata.json,obs_020,EASY,0.01,"[128,192]",ZInD:0886,train,True,0,ZInD,
obs_305392,train,train,ZInD,0886_floor_01_pano_20,train/obs_305392,train/obs_305392/metadata.json,obs_004,LEARNABLE,0.01,"[128,192]",ZInD:0886,train,True,1,ZInD,
obs_175178,train,train,ZInD,0900_floor_03_pano_35,train/obs_175178,train/obs_175178/metadata.json,obs_021,LEARNABLE,0.01,"[128,192]",ZInD:0900,train,True,0,ZInD,
obs_291348,train,train,ZInD,0900_floor_01_pano_9,train/obs_291348,train/obs_291348/metadata.json,obs_022,LEARNABLE,0.01,"[128,192]",ZInD:0900,train,True,1,ZInD,
obs_211359,train,train,ZInD,1155_floor_00_pano_13,train/obs_211359,train/obs_211359/metadata.json,obs_012,EASY,0.01,"[128,192]",ZInD:1155,train,True,0,ZInD,
obs_255252,train,train,ZInD,1155_floor_00_pano_13,train/obs_255252,train/obs_255252/metadata.json,obs_004,EASY,0.01,"[128,192]",ZInD:1155,train,True,1,ZInD,
obs_209946,validation,train,ZInD,0156_floor_01_pano_25,train/obs_209946,train/obs_209946/metadata.json,obs_008,LEARNABLE,0.01,"[128,192]",ZInD:0156,train,True,0,ZInD,
obs_276462,train,train,ZInD,0156_floor_00_pano_35,train/obs_276462,train/obs_276462/metadata.json,obs_011,LEARNABLE,0.01,"[128,192]",ZInD:0156,train,True,1,ZInD,
obs_186218,test,train,ZInD,1167_floor_01_pano_1,train/obs_186218,train/obs_186218/metadata.json,obs_023,EASY,0.01,"[128,192]",ZInD:1167,train,True,0,ZInD,
obs_188462,train,train,ZInD,1167_floor_01_pano_2,train/obs_188462,train/obs_188462/metadata.json,obs_007,EASY,0.01,"[128,192]",ZInD:1167,train,True,1,ZInD,
obs_263964,test,train,ZInD,0412_floor_02_pano_75,train/obs_263964,train/obs_263964/metadata.json,obs_006,LEARNABLE,0.01,"[128,192]",ZInD:0412,train,True,0,ZInD,
obs_226580,train,train,ZInD,0412_floor_01_pano_26,train/obs_226580,train/obs_226580/metadata.json,obs_009,EASY,0.01,"[128,192]",ZInD:0412,train,True,1,ZInD,
obs_204792,train,train,ZInD,0581_floor_01_pano_10,train/obs_204792,train/obs_204792/metadata.json,obs_003,LEARNABLE,0.01,"[128,192]",ZInD:0581,train,True,0,ZInD,
obs_207075,train,train,ZInD,0581_floor_01_pano_10,train/obs_207075,train/obs_207075/metadata.json,obs_008,EASY,0.01,"[128,192]",ZInD:0581,train,True,1,ZInD,
obs_310229,train,train,ZInD,0204_floor_02_pano_94,train/obs_310229,train/obs_310229/metadata.json,obs_010,LEARNABLE,0.01,"[128,192]",ZInD:0204,train,True,0,ZInD,
obs_206513,train,train,ZInD,0204_floor_02_pano_62,train/obs_206513,train/obs_206513/metadata.json,obs_007,EASY,0.01,"[128,192]",ZInD:0204,train,True,1,ZInD,
obs_295824,train,train,ZInD,0825_floor_01_pano_3,train/obs_295824,train/obs_295824/metadata.json,obs_014,EASY,0.01,"[128,192]",ZInD:0825,train,True,0,ZInD,
obs_175751,train,train,ZInD,0825_floor_02_pano_49,train/obs_175751,train/obs_175751/metadata.json,obs_010,EASY,0.01,"[128,192]",ZInD:0825,train,True,1,ZInD,
obs_203483,train,train,ZInD,0632_floor_01_pano_6,train/obs_203483,train/obs_203483/metadata.json,obs_019,EASY,0.01,"[128,192]",ZInD:0632,train,True,0,ZInD,
obs_296159,train,train,ZInD,0632_floor_01_pano_5,train/obs_296159,train/obs_296159/metadata.json,obs_014,LEARNABLE,0.01,"[128,192]",ZInD:0632,train,True,1,ZInD,
obs_172914,train,train,ZInD,1355_floor_01_pano_1,train/obs_172914,train/obs_172914/metadata.json,obs_000,EASY,0.01,"[128,192]",ZInD:1355,train,True,0,ZInD,
obs_252323,train,train,ZInD,1355_floor_01_pano_10,train/obs_252323,train/obs_252323/metadata.json,obs_018,LEARNABLE,0.01,"[128,192]",ZInD:1355,train,True,1,ZInD,
obs_211087,train,train,ZInD,1464_floor_02_pano_51,train/obs_211087,train/obs_211087/metadata.json,obs_014,EASY,0.01,"[128,192]",ZInD:1464,train,True,0,ZInD,parent_pilot_development
obs_286592,train,train,ZInD,1464_floor_02_pano_51,train/obs_286592,train/obs_286592/metadata.json,obs_021,EASY,0.01,"[128,192]",ZInD:1464,train,True,1,ZInD,parent_pilot_development
obs_197064,train,train,ZInD,1293_floor_01_pano_22,train/obs_197064,train/obs_197064/metadata.json,obs_009,EASY,0.01,"[128,192]",ZInD:1293,train,True,0,ZInD,
obs_300973,train,train,ZInD,1293_floor_01_pano_22,train/obs_300973,train/obs_300973/metadata.json,obs_015,EASY,0.01,"[128,192]",ZInD:1293,train,True,1,ZInD,
obs_243738,train,train,ZInD,1166_floor_01_pano_29,train/obs_243738,train/obs_243738/metadata.json,obs_011,EASY,0.01,"[128,192]",ZInD:1166,train,True,0,ZInD,
obs_277015,validation,train,ZInD,1166_floor_01_pano_38,train/obs_277015,train/obs_277015/metadata.json,obs_020,EASY,0.01,"[128,192]",ZInD:1166,train,True,1,ZInD,
obs_201714,train,train,ZInD,0231_floor_01_pano_13,train/obs_201714,train/obs_201714/metadata.json,obs_011,LEARNABLE,0.01,"[128,192]",ZInD:0231,train,True,0,ZInD,
obs_269121,train,train,ZInD,0231_floor_02_pano_63,train/obs_269121,train/obs_269121/metadata.json,obs_004,LEARNABLE,0.01,"[128,192]",ZInD:0231,train,True,1,ZInD,
obs_230718,train,train,ZInD,0902_floor_02_pano_48,train/obs_230718,train/obs_230718/metadata.json,obs_019,LEARNABLE,0.01,"[128,192]",ZInD:0902,train,True,0,ZInD,
obs_179839,train,train,ZInD,0902_floor_01_pano_58,train/obs_179839,train/obs_179839/metadata.json,obs_010,EASY,0.01,"[128,192]",ZInD:0902,train,True,1,ZInD,
obs_198677,train,train,ZInD,0348_floor_01_pano_5,train/obs_198677,train/obs_198677/metadata.json,obs_003,LEARNABLE,0.01,"[128,192]",ZInD:0348,train,True,0,ZInD,
obs_234551,train,train,ZInD,0348_floor_02_pano_29,train/obs_234551,train/obs_234551/metadata.json,obs_017,EASY,0.01,"[128,192]",ZInD:0348,train,True,1,ZInD,
obs_180523,train,train,ZInD,1186_floor_01_pano_22,train/obs_180523,train/obs_180523/metadata.json,obs_014,EASY,0.01,"[128,192]",ZInD:1186,train,True,0,ZInD,
obs_183381,train,train,ZInD,1186_floor_01_pano_22,train/obs_183381,train/obs_183381/metadata.json,obs_023,LEARNABLE,0.01,"[128,192]",ZInD:1186,train,True,1,ZInD,
obs_258874,train,train,ZInD,0093_floor_01_pano_9,train/obs_258874,train/obs_258874/metadata.json,obs_001,EASY,0.01,"[128,192]",ZInD:0093,train,True,0,ZInD,
obs_255764,train,train,ZInD,0093_floor_01_pano_9,train/obs_255764,train/obs_255764/metadata.json,obs_021,EASY,0.01,"[128,192]",ZInD:0093,train,True,1,ZInD,
obs_274129,train,train,ZInD,0464_floor_01_pano_54,train/obs_274129,train/obs_274129/metadata.json,obs_017,EASY,0.01,"[128,192]",ZInD:0464,train,True,0,ZInD,
obs_206636,train,train,ZInD,0464_floor_01_pano_41,train/obs_206636,train/obs_206636/metadata.json,obs_015,EASY,0.01,"[128,192]",ZInD:0464,train,True,1,ZInD,
obs_245975,train,train,ZInD,0227_floor_01_pano_9,train/obs_245975,train/obs_245975/metadata.json,obs_018,EASY,0.01,"[128,192]",ZInD:0227,train,True,0,ZInD,
obs_274708,train,train,ZInD,0227_floor_01_pano_9,train/obs_274708,train/obs_274708/metadata.json,obs_013,LEARNABLE,0.01,"[128,192]",ZInD:0227,train,True,1,ZInD,
obs_242693,train,train,ZInD,0846_floor_01_pano_6,train/obs_242693,train/obs_242693/metadata.json,obs_022,EASY,0.01,"[128,192]",ZInD:0846,train,True,0,ZInD,
obs_237878,train,train,ZInD,0846_floor_01_pano_6,train/obs_237878,train/obs_237878/metadata.json,obs_009,LEARNABLE,0.01,"[128,192]",ZInD:0846,train,True,1,ZInD,
obs_210526,train,train,ZInD,0849_floor_01_pano_17,train/obs_210526,train/obs_210526/metadata.json,obs_014,EASY,0.01,"[128,192]",ZInD:0849,train,True,0,ZInD,
obs_196707,train,train,ZInD,0849_floor_02_pano_42,train/obs_196707,train/obs_196707/metadata.json,obs_020,LEARNABLE,0.01,"[128,192]",ZInD:0849,train,True,1,ZInD,
obs_299846,validation,train,ZInD,0786_floor_01_pano_19,train/obs_299846,train/obs_299846/metadata.json,obs_019,LEARNABLE,0.01,"[128,192]",ZInD:0786,train,True,0,ZInD,
obs_174288,test,train,ZInD,0786_floor_02_pano_50,train/obs_174288,train/obs_174288/metadata.json,obs_003,EASY,0.01,"[128,192]",ZInD:0786,train,True,1,ZInD,
obs_286733,train,train,ZInD,0241_floor_01_pano_5,train/obs_286733,train/obs_286733/metadata.json,obs_003,EASY,0.01,"[128,192]",ZInD:0241,train,True,0,ZInD,
obs_259120,train,train,ZInD,0241_floor_01_pano_41,train/obs_259120,train/obs_259120/metadata.json,obs_023,EASY,0.01,"[128,192]",ZInD:0241,train,True,1,ZInD,
obs_222896,train,train,ZInD,0196_floor_01_pano_24,train/obs_222896,train/obs_222896/metadata.json,obs_022,LEARNABLE,0.01,"[128,192]",ZInD:0196,train,True,0,ZInD,
obs_206423,train,train,ZInD,0196_floor_01_pano_5,train/obs_206423,train/obs_206423/metadata.json,obs_020,EASY,0.01,"[128,192]",ZInD:0196,train,True,1,ZInD,
obs_276466,train,train,ZInD,0143_floor_01_pano_10,train/obs_276466,train/obs_276466/metadata.json,obs_007,EASY,0.01,"[128,192]",ZInD:0143,train,True,0,ZInD,
obs_196027,validation,train,ZInD,0143_floor_00_pano_32,train/obs_196027,train/obs_196027/metadata.json,obs_015,LEARNABLE,0.01,"[128,192]",ZInD:0143,train,True,1,ZInD,
obs_231927,test,train,ZInD,0020_floor_01_pano_21,train/obs_231927,train/obs_231927/metadata.json,obs_004,EASY,0.01,"[128,192]",ZInD:0020,train,True,0,ZInD,
obs_215244,test,train,ZInD,0020_floor_01_pano_21,train/obs_215244,train/obs_215244/metadata.json,obs_019,EASY,0.01,"[128,192]",ZInD:0020,train,True,1,ZInD,
obs_220811,train,train,ZInD,0098_floor_01_pano_3,train/obs_220811,train/obs_220811/metadata.json,obs_000,EASY,0.01,"[128,192]",ZInD:0098,train,True,0,ZInD,
obs_222425,train,train,ZInD,0098_floor_01_pano_26,train/obs_222425,train/obs_222425/metadata.json,obs_019,EASY,0.01,"[128,192]",ZInD:0098,train,True,1,ZInD,
obs_212419,train,train,ZInD,1242_floor_01_pano_10,train/obs_212419,train/obs_212419/metadata.json,obs_002,EASY,0.01,"[128,192]",ZInD:1242,train,True,0,ZInD,
obs_216947,train,train,ZInD,1242_floor_01_pano_19,train/obs_216947,train/obs_216947/metadata.json,obs_001,EASY,0.01,"[128,192]",ZInD:1242,train,True,1,ZInD,
obs_276365,train,train,ZInD,0871_floor_01_pano_19,train/obs_276365,train/obs_276365/metadata.json,obs_006,EASY,0.01,"[128,192]",ZInD:0871,train,True,0,ZInD,
obs_228408,train,train,ZInD,0871_floor_02_pano_51,train/obs_228408,train/obs_228408/metadata.json,obs_005,EASY,0.01,"[128,192]",ZInD:0871,train,True,1,ZInD,
obs_177831,train,train,ZInD,0652_floor_01_pano_16,train/obs_177831,train/obs_177831/metadata.json,obs_011,EASY,0.01,"[128,192]",ZInD:0652,train,True,0,ZInD,
obs_176912,train,train,ZInD,0652_floor_01_pano_16,train/obs_176912,train/obs_176912/metadata.json,obs_020,EASY,0.01,"[128,192]",ZInD:0652,train,True,1,ZInD,
obs_286275,train,train,ZInD,0117_floor_01_pano_2,train/obs_286275,train/obs_286275/metadata.json,obs_003,EASY,0.01,"[128,192]",ZInD:0117,train,True,0,ZInD,
obs_291412,train,train,ZInD,0117_floor_01_pano_2,train/obs_291412,train/obs_291412/metadata.json,obs_010,EASY,0.01,"[128,192]",ZInD:0117,train,True,1,ZInD,
obs_275668,train,train,ZInD,1014_floor_01_pano_55,train/obs_275668,train/obs_275668/metadata.json,obs_010,LEARNABLE,0.01,"[128,192]",ZInD:1014,train,True,0,ZInD,
obs_281629,train,train,ZInD,1014_floor_01_pano_9,train/obs_281629,train/obs_281629/metadata.json,obs_007,EASY,0.01,"[128,192]",ZInD:1014,train,True,1,ZInD,
obs_273891,train,train,ZInD,0049_floor_01_pano_16,train/obs_273891,train/obs_273891/metadata.json,obs_006,LEARNABLE,0.01,"[128,192]",ZInD:0049,train,True,0,ZInD,
obs_183274,train,train,ZInD,0049_floor_02_pano_27,train/obs_183274,train/obs_183274/metadata.json,obs_006,EASY,0.01,"[128,192]",ZInD:0049,train,True,1,ZInD,
obs_255863,train,train,ZInD,1141_floor_01_pano_21,train/obs_255863,train/obs_255863/metadata.json,obs_002,EASY,0.01,"[128,192]",ZInD:1141,train,True,0,ZInD,
obs_251076,train,train,ZInD,1141_floor_01_pano_66,train/obs_251076,train/obs_251076/metadata.json,obs_015,EASY,0.01,"[128,192]",ZInD:1141,train,True,1,ZInD,
obs_238470,train,train,ZInD,1274_floor_01_pano_49,train/obs_238470,train/obs_238470/metadata.json,obs_022,LEARNABLE,0.01,"[128,192]",ZInD:1274,train,True,0,ZInD,
obs_257061,train,train,ZInD,1274_floor_01_pano_52,train/obs_257061,train/obs_257061/metadata.json,obs_019,LEARNABLE,0.01,"[128,192]",ZInD:1274,train,True,1,ZInD,
obs_279652,train,train,ZInD,0557_floor_01_pano_3,train/obs_279652,train/obs_279652/metadata.json,obs_023,EASY,0.01,"[128,192]",ZInD:0557,train,True,0,ZInD,
obs_263993,train,train,ZInD,0557_floor_01_pano_20,train/obs_263993,train/obs_263993/metadata.json,obs_006,EASY,0.01,"[128,192]",ZInD:0557,train,True,1,ZInD,
obs_203953,train,train,ZInD,0455_floor_02_pano_47,train/obs_203953,train/obs_203953/metadata.json,obs_005,EASY,0.01,"[128,192]",ZInD:0455,train,True,0,ZInD,
obs_278454,train,train,ZInD,0455_floor_01_pano_24,train/obs_278454,train/obs_278454/metadata.json,obs_018,EASY,0.01,"[128,192]",ZInD:0455,train,True,1,ZInD,
obs_207547,train,train,ZInD,0739_floor_02_pano_17,train/obs_207547,train/obs_207547/metadata.json,obs_012,LEARNABLE,0.01,"[128,192]",ZInD:0739,train,True,0,ZInD,
obs_263315,train,train,ZInD,0739_floor_02_pano_20,train/obs_263315,train/obs_263315/metadata.json,obs_021,EASY,0.01,"[128,192]",ZInD:0739,train,True,1,ZInD,
obs_305004,train,train,ZInD,0420_floor_02_pano_24,train/obs_305004,train/obs_305004/metadata.json,obs_006,EASY,0.01,"[128,192]",ZInD:0420,train,False,0,ZInD,
obs_258786,train,train,ZInD,0420_floor_02_pano_22,train/obs_258786,train/obs_258786/metadata.json,obs_011,EASY,0.01,"[128,192]",ZInD:0420,train,False,1,ZInD,
obs_197266,train,train,ZInD,0554_floor_02_pano_18,train/obs_197266,train/obs_197266/metadata.json,obs_004,EASY,0.01,"[128,192]",ZInD:0554,train,True,0,ZInD,
obs_181334,train,train,ZInD,0554_floor_01_pano_6,train/obs_181334,train/obs_181334/metadata.json,obs_008,LEARNABLE,0.01,"[128,192]",ZInD:0554,train,True,1,ZInD,
obs_205671,validation,train,ZInD,1038_floor_01_pano_19,train/obs_205671,train/obs_205671/metadata.json,obs_017,EASY,0.01,"[128,192]",ZInD:1038,train,True,0,ZInD,
obs_254769,train,train,ZInD,1038_floor_01_pano_8,train/obs_254769,train/obs_254769/metadata.json,obs_013,EASY,0.01,"[128,192]",ZInD:1038,train,True,1,ZInD,
obs_202690,train,train,ZInD,0726_floor_02_pano_41,train/obs_202690,train/obs_202690/metadata.json,obs_012,EASY,0.01,"[128,192]",ZInD:0726,train,True,0,ZInD,
obs_298277,train,train,ZInD,0726_floor_01_pano_35,train/obs_298277,train/obs_298277/metadata.json,obs_001,EASY,0.01,"[128,192]",ZInD:0726,train,True,1,ZInD,
obs_260791,validation,train,ZInD,1076_floor_01_pano_18,train/obs_260791,train/obs_260791/metadata.json,obs_018,EASY,0.01,"[128,192]",ZInD:1076,train,True,0,ZInD,
obs_256195,validation,train,ZInD,1076_floor_01_pano_18,train/obs_256195,train/obs_256195/metadata.json,obs_004,EASY,0.01,"[128,192]",ZInD:1076,train,True,1,ZInD,
obs_306323,train,train,ZInD,0695_floor_01_pano_33,train/obs_306323,train/obs_306323/metadata.json,obs_011,EASY,0.01,"[128,192]",ZInD:0695,train,True,0,ZInD,
obs_199048,train,train,ZInD,0695_floor_01_pano_33,train/obs_199048,train/obs_199048/metadata.json,obs_005,EASY,0.01,"[128,192]",ZInD:0695,train,True,1,ZInD,
obs_297868,train,train,ZInD,0258_floor_01_pano_13,train/obs_297868,train/obs_297868/metadata.json,obs_008,EASY,0.01,"[128,192]",ZInD:0258,train,True,0,ZInD,
obs_268006,train,train,ZInD,0258_floor_01_pano_13,train/obs_268006,train/obs_268006/metadata.json,obs_023,EASY,0.01,"[128,192]",ZInD:0258,train,True,1,ZInD,
obs_176445,train,train,ZInD,1487_floor_02_pano_56,train/obs_176445,train/obs_176445/metadata.json,obs_011,EASY,0.01,"[128,192]",ZInD:1487,train,True,0,ZInD,old_train_or_checkpoint_validation
obs_250712,validation,train,ZInD,1487_floor_02_pano_57,train/obs_250712,train/obs_250712/metadata.json,obs_002,EASY,0.01,"[128,192]",ZInD:1487,train,True,1,ZInD,old_train_or_checkpoint_validation
obs_256153,train,train,ZInD,1080_floor_01_pano_5,train/obs_256153,train/obs_256153/metadata.json,obs_020,EASY,0.01,"[128,192]",ZInD:1080,train,True,0,ZInD,
obs_178136,train,train,ZInD,1080_floor_02_pano_31,train/obs_178136,train/obs_178136/metadata.json,obs_006,EASY,0.01,"[128,192]",ZInD:1080,train,True,1,ZInD,
obs_213967,test,train,ZInD,0748_floor_01_pano_6,train/obs_213967,train/obs_213967/metadata.json,obs_013,LEARNABLE,0.01,"[128,192]",ZInD:0748,train,True,0,ZInD,
obs_203338,train,train,ZInD,0748_floor_01_pano_1,train/obs_203338,train/obs_203338/metadata.json,obs_007,LEARNABLE,0.01,"[128,192]",ZInD:0748,train,True,1,ZInD,
obs_245530,train,train,ZInD,0313_floor_01_pano_1,train/obs_245530,train/obs_245530/metadata.json,obs_004,EASY,0.01,"[128,192]",ZInD:0313,train,True,0,ZInD,
obs_267605,train,train,ZInD,0313_floor_01_pano_42,train/obs_267605,train/obs_267605/metadata.json,obs_015,EASY,0.01,"[128,192]",ZInD:0313,train,True,1,ZInD,
obs_252015,test,train,ZInD,0127_floor_02_pano_33,train/obs_252015,train/obs_252015/metadata.json,obs_007,EASY,0.01,"[128,192]",ZInD:0127,train,True,0,ZInD,parent_pilot_development
obs_245771,train,train,ZInD,0127_floor_02_pano_18,train/obs_245771,train/obs_245771/metadata.json,obs_007,EASY,0.01,"[128,192]",ZInD:0127,train,True,1,ZInD,parent_pilot_development
obs_249646,train,train,ZInD,1559_floor_01_pano_17,train/obs_249646,train/obs_249646/metadata.json,obs_003,EASY,0.01,"[128,192]",ZInD:1559,train,False,0,ZInD,
obs_280220,train,train,ZInD,1559_floor_01_pano_17,train/obs_280220,train/obs_280220/metadata.json,obs_001,EASY,0.01,"[128,192]",ZInD:1559,train,False,1,ZInD,
obs_307423,train,train,ZInD,1122_floor_01_pano_25,train/obs_307423,train/obs_307423/metadata.json,obs_001,EASY,0.01,"[128,192]",ZInD:1122,train,True,0,ZInD,
obs_289401,test,train,ZInD,1122_floor_02_pano_50,train/obs_289401,train/obs_289401/metadata.json,obs_017,EASY,0.01,"[128,192]",ZInD:1122,train,True,1,ZInD,
obs_249133,train,train,ZInD,0339_floor_01_pano_6,train/obs_249133,train/obs_249133/metadata.json,obs_005,EASY,0.01,"[128,192]",ZInD:0339,train,True,0,ZInD,
obs_271260,train,train,ZInD,0339_floor_02_pano_34,train/obs_271260,train/obs_271260/metadata.json,obs_018,LEARNABLE,0.01,"[128,192]",ZInD:0339,train,True,1,ZInD,
obs_197907,validation,train,ZInD,1277_floor_02_pano_35,train/obs_197907,train/obs_197907/metadata.json,obs_013,EASY,0.01,"[128,192]",ZInD:1277,train,True,0,ZInD,
obs_302142,train,train,ZInD,1277_floor_02_pano_42,train/obs_302142,train/obs_302142/metadata.json,obs_000,EASY,0.01,"[128,192]",ZInD:1277,train,True,1,ZInD,
obs_277089,train,train,ZInD,0569_floor_01_pano_26,train/obs_277089,train/obs_277089/metadata.json,obs_003,LEARNABLE,0.01,"[128,192]",ZInD:0569,train,True,0,ZInD,
obs_276598,train,train,ZInD,0569_floor_01_pano_23,train/obs_276598,train/obs_276598/metadata.json,obs_016,EASY,0.01,"[128,192]",ZInD:0569,train,True,1,ZInD,
obs_296972,train,train,ZInD,1451_floor_02_pano_36,train/obs_296972,train/obs_296972/metadata.json,obs_008,EASY,0.01,"[128,192]",ZInD:1451,train,True,0,ZInD,
obs_173173,train,train,ZInD,1451_floor_02_pano_33,train/obs_173173,train/obs_173173/metadata.json,obs_013,LEARNABLE,0.01,"[128,192]",ZInD:1451,train,True,1,ZInD,
obs_188087,train,train,ZInD,0267_floor_01_pano_32,train/obs_188087,train/obs_188087/metadata.json,obs_000,EASY,0.01,"[128,192]",ZInD:0267,train,True,0,ZInD,parent_pilot_development
obs_292765,train,train,ZInD,0267_floor_02_pano_75,train/obs_292765,train/obs_292765/metadata.json,obs_014,EASY,0.01,"[128,192]",ZInD:0267,train,True,1,ZInD,parent_pilot_development
obs_240695,train,train,ZInD,0052_floor_02_pano_26,train/obs_240695,train/obs_240695/metadata.json,obs_013,EASY,0.01,"[128,192]",ZInD:0052,train,False,0,ZInD,
obs_239358,train,train,ZInD,0052_floor_02_pano_26,train/obs_239358,train/obs_239358/metadata.json,obs_010,EASY,0.01,"[128,192]",ZInD:0052,train,False,1,ZInD,
obs_195854,validation,train,ZInD,0212_floor_01_pano_8,train/obs_195854,train/obs_195854/metadata.json,obs_019,LEARNABLE,0.01,"[128,192]",ZInD:0212,train,True,0,ZInD,
obs_187247,train,train,ZInD,0212_floor_01_pano_1,train/obs_187247,train/obs_187247/metadata.json,obs_011,EASY,0.01,"[128,192]",ZInD:0212,train,True,1,ZInD,
obs_201074,train,train,ZInD,0678_floor_01_pano_20,train/obs_201074,train/obs_201074/metadata.json,obs_005,EASY,0.01,"[128,192]",ZInD:0678,train,True,0,ZInD,
obs_260357,train,train,ZInD,0678_floor_01_pano_9,train/obs_260357,train/obs_260357/metadata.json,obs_010,EASY,0.01,"[128,192]",ZInD:0678,train,True,1,ZInD,
obs_181735,train,train,ZInD,0039_floor_02_pano_74,train/obs_181735,train/obs_181735/metadata.json,obs_010,EASY,0.01,"[128,192]",ZInD:0039,train,True,0,ZInD,
obs_206298,train,train,ZInD,0039_floor_02_pano_74,train/obs_206298,train/obs_206298/metadata.json,obs_000,LEARNABLE,0.01,"[128,192]",ZInD:0039,train,True,1,ZInD,
obs_312049,train,train,ZInD,1178_floor_01_pano_34,train/obs_312049,train/obs_312049/metadata.json,obs_017,EASY,0.01,"[128,192]",ZInD:1178,train,True,0,ZInD,
obs_260560,train,train,ZInD,1178_floor_01_pano_36,train/obs_260560,train/obs_260560/metadata.json,obs_022,LEARNABLE,0.01,"[128,192]",ZInD:1178,train,True,1,ZInD,
obs_266930,train,train,ZInD,1421_floor_02_pano_30,train/obs_266930,train/obs_266930/metadata.json,obs_022,EASY,0.01,"[128,192]",ZInD:1421,train,True,0,ZInD,
obs_246786,train,train,ZInD,1421_floor_01_pano_7,train/obs_246786,train/obs_246786/metadata.json,obs_005,EASY,0.01,"[128,192]",ZInD:1421,train,True,1,ZInD,
obs_266816,train,train,ZInD,0712_floor_01_pano_30,train/obs_266816,train/obs_266816/metadata.json,obs_008,EASY,0.01,"[128,192]",ZInD:0712,train,True,0,ZInD,
obs_272653,train,train,ZInD,0712_floor_01_pano_25,train/obs_272653,train/obs_272653/metadata.json,obs_013,LEARNABLE,0.01,"[128,192]",ZInD:0712,train,True,1,ZInD,
obs_183267,validation,train,ZInD,0641_floor_01_pano_23,train/obs_183267,train/obs_183267/metadata.json,obs_018,EASY,0.01,"[128,192]",ZInD:0641,train,True,0,ZInD,
obs_295782,train,train,ZInD,0641_floor_01_pano_15,train/obs_295782,train/obs_295782/metadata.json,obs_014,LEARNABLE,0.01,"[128,192]",ZInD:0641,train,True,1,ZInD,
obs_208413,train,train,ZInD,1022_floor_01_pano_5,train/obs_208413,train/obs_208413/metadata.json,obs_023,EASY,0.01,"[128,192]",ZInD:1022,train,True,0,ZInD,
obs_247507,validation,train,ZInD,1022_floor_00_pano_43,train/obs_247507,train/obs_247507/metadata.json,obs_009,LEARNABLE,0.01,"[128,192]",ZInD:1022,train,True,1,ZInD,
obs_238861,train,train,ZInD,0988_floor_01_pano_31,train/obs_238861,train/obs_238861/metadata.json,obs_012,EASY,0.01,"[128,192]",ZInD:0988,train,True,0,ZInD,
obs_258358,validation,train,ZInD,0988_floor_01_pano_11,train/obs_258358,train/obs_258358/metadata.json,obs_007,LEARNABLE,0.01,"[128,192]",ZInD:0988,train,True,1,ZInD,
obs_198801,train,train,ZInD,0812_floor_02_pano_42,train/obs_198801,train/obs_198801/metadata.json,obs_011,EASY,0.01,"[128,192]",ZInD:0812,train,True,0,ZInD,
obs_205901,train,train,ZInD,0812_floor_02_pano_49,train/obs_205901,train/obs_205901/metadata.json,obs_011,LEARNABLE,0.01,"[128,192]",ZInD:0812,train,True,1,ZInD,
obs_282273,test,train,ZInD,0112_floor_02_pano_16,train/obs_282273,train/obs_282273/metadata.json,obs_011,EASY,0.01,"[128,192]",ZInD:0112,train,True,0,ZInD,
obs_287102,validation,train,ZInD,0112_floor_02_pano_12,train/obs_287102,train/obs_287102/metadata.json,obs_008,EASY,0.01,"[128,192]",ZInD:0112,train,True,1,ZInD,
obs_198444,train,train,ZInD,0153_floor_01_pano_15,train/obs_198444,train/obs_198444/metadata.json,obs_015,LEARNABLE,0.01,"[128,192]",ZInD:0153,train,True,0,ZInD,
obs_216185,train,train,ZInD,0153_floor_02_pano_22,train/obs_216185,train/obs_216185/metadata.json,obs_011,EASY,0.01,"[128,192]",ZInD:0153,train,True,1,ZInD,
obs_286978,train,train,ZInD,1445_floor_01_pano_30,train/obs_286978,train/obs_286978/metadata.json,obs_016,EASY,0.01,"[128,192]",ZInD:1445,train,True,0,ZInD,
obs_209383,train,train,ZInD,1445_floor_01_pano_30,train/obs_209383,train/obs_209383/metadata.json,obs_013,EASY,0.01,"[128,192]",ZInD:1445,train,True,1,ZInD,
obs_229878,train,train,ZInD,0254_floor_01_pano_40,train/obs_229878,train/obs_229878/metadata.json,obs_001,EASY,0.01,"[128,192]",ZInD:0254,train,True,0,ZInD,
obs_244755,train,train,ZInD,0254_floor_01_pano_3,train/obs_244755,train/obs_244755/metadata.json,obs_002,EASY,0.01,"[128,192]",ZInD:0254,train,True,1,ZInD,
obs_216376,validation,train,ZInD,0409_floor_01_pano_4,train/obs_216376,train/obs_216376/metadata.json,obs_003,EASY,0.01,"[128,192]",ZInD:0409,train,True,0,ZInD,
obs_188428,train,train,ZInD,0409_floor_02_pano_59,train/obs_188428,train/obs_188428/metadata.json,obs_005,EASY,0.01,"[128,192]",ZInD:0409,train,True,1,ZInD,
obs_175227,train,train,ZInD,0082_floor_01_pano_20,train/obs_175227,train/obs_175227/metadata.json,obs_011,EASY,0.01,"[128,192]",ZInD:0082,train,True,0,ZInD,
obs_219253,train,train,ZInD,0082_floor_01_pano_10,train/obs_219253,train/obs_219253/metadata.json,obs_012,EASY,0.01,"[128,192]",ZInD:0082,train,True,1,ZInD,
obs_229404,train,train,ZInD,1456_floor_01_pano_3,train/obs_229404,train/obs_229404/metadata.json,obs_023,LEARNABLE,0.01,"[128,192]",ZInD:1456,train,True,0,ZInD,
obs_177084,train,train,ZInD,1456_floor_03_pano_42,train/obs_177084,train/obs_177084/metadata.json,obs_013,EASY,0.01,"[128,192]",ZInD:1456,train,True,1,ZInD,
obs_188401,train,train,ZInD,1099_floor_00_pano_87,train/obs_188401,train/obs_188401/metadata.json,obs_015,EASY,0.01,"[128,192]",ZInD:1099,train,True,0,ZInD,
obs_215608,train,train,ZInD,1099_floor_02_pano_43,train/obs_215608,train/obs_215608/metadata.json,obs_013,EASY,0.01,"[128,192]",ZInD:1099,train,True,1,ZInD,
obs_269497,train,train,ZInD,1181_floor_01_pano_41,train/obs_269497,train/obs_269497/metadata.json,obs_003,EASY,0.01,"[128,192]",ZInD:1181,train,True,0,ZInD,
obs_212935,train,train,ZInD,1181_floor_01_pano_41,train/obs_212935,train/obs_212935/metadata.json,obs_008,LEARNABLE,0.01,"[128,192]",ZInD:1181,train,True,1,ZInD,
obs_215060,train,train,ZInD,1249_floor_01_pano_54,train/obs_215060,train/obs_215060/metadata.json,obs_015,EASY,0.01,"[128,192]",ZInD:1249,train,True,0,ZInD,
obs_172607,train,train,ZInD,1249_floor_01_pano_54,train/obs_172607,train/obs_172607/metadata.json,obs_007,EASY,0.01,"[128,192]",ZInD:1249,train,True,1,ZInD,
obs_193678,train,train,ZInD,0467_floor_02_pano_38,train/obs_193678,train/obs_193678/metadata.json,obs_008,LEARNABLE,0.01,"[128,192]",ZInD:0467,train,True,0,ZInD,
obs_300054,train,train,ZInD,0467_floor_02_pano_38,train/obs_300054,train/obs_300054/metadata.json,obs_019,EASY,0.01,"[128,192]",ZInD:0467,train,True,1,ZInD,
obs_274419,train,train,ZInD,1341_floor_01_pano_1,train/obs_274419,train/obs_274419/metadata.json,obs_010,EASY,0.01,"[128,192]",ZInD:1341,train,True,0,ZInD,
obs_218386,train,train,ZInD,1341_floor_00_pano_18,train/obs_218386,train/obs_218386/metadata.json,obs_018,EASY,0.01,"[128,192]",ZInD:1341,train,True,1,ZInD,
obs_222347,train,train,ZInD,0717_floor_01_pano_14,train/obs_222347,train/obs_222347/metadata.json,obs_017,LEARNABLE,0.01,"[128,192]",ZInD:0717,train,True,0,ZInD,
obs_299401,train,train,ZInD,0717_floor_01_pano_21,train/obs_299401,train/obs_299401/metadata.json,obs_006,EASY,0.01,"[128,192]",ZInD:0717,train,True,1,ZInD,
obs_291792,test,train,ZInD,0863_floor_01_pano_3,train/obs_291792,train/obs_291792/metadata.json,obs_000,EASY,0.01,"[128,192]",ZInD:0863,train,True,0,ZInD,
obs_311431,validation,train,ZInD,0863_floor_01_pano_15,train/obs_311431,train/obs_311431/metadata.json,obs_001,EASY,0.01,"[128,192]",ZInD:0863,train,True,1,ZInD,
obs_223634,train,train,ZInD,0170_floor_02_pano_47,train/obs_223634,train/obs_223634/metadata.json,obs_019,EASY,0.01,"[128,192]",ZInD:0170,train,True,0,ZInD,
obs_218003,train,train,ZInD,0170_floor_01_pano_19,train/obs_218003,train/obs_218003/metadata.json,obs_019,LEARNABLE,0.01,"[128,192]",ZInD:0170,train,True,1,ZInD,
obs_230119,train,train,ZInD,0201_floor_01_pano_8,train/obs_230119,train/obs_230119/metadata.json,obs_019,EASY,0.01,"[128,192]",ZInD:0201,train,True,0,ZInD,
obs_175373,train,train,ZInD,0201_floor_01_pano_19,train/obs_175373,train/obs_175373/metadata.json,obs_022,LEARNABLE,0.01,"[128,192]",ZInD:0201,train,True,1,ZInD,
obs_227452,validation,train,ZInD,1011_floor_01_pano_26,train/obs_227452,train/obs_227452/metadata.json,obs_004,EASY,0.01,"[128,192]",ZInD:1011,train,True,0,ZInD,
obs_298975,validation,train,ZInD,1011_floor_01_pano_26,train/obs_298975,train/obs_298975/metadata.json,obs_001,EASY,0.01,"[128,192]",ZInD:1011,train,True,1,ZInD,
obs_249513,train,train,ZInD,0526_floor_02_pano_87,train/obs_249513,train/obs_249513/metadata.json,obs_019,EASY,0.01,"[128,192]",ZInD:0526,train,True,0,ZInD,
obs_276086,train,train,ZInD,0526_floor_02_pano_87,train/obs_276086,train/obs_276086/metadata.json,obs_006,LEARNABLE,0.01,"[128,192]",ZInD:0526,train,True,1,ZInD,
obs_221184,test,train,ZInD,0983_floor_01_pano_10,train/obs_221184,train/obs_221184/metadata.json,obs_005,EASY,0.01,"[128,192]",ZInD:0983,train,True,0,ZInD,
obs_196984,train,train,ZInD,0983_floor_01_pano_26,train/obs_196984,train/obs_196984/metadata.json,obs_000,EASY,0.01,"[128,192]",ZInD:0983,train,True,1,ZInD,
obs_185283,train,train,ZInD,0999_floor_02_pano_24,train/obs_185283,train/obs_185283/metadata.json,obs_002,EASY,0.01,"[128,192]",ZInD:0999,train,True,0,ZInD,
obs_206804,train,train,ZInD,0999_floor_02_pano_24,train/obs_206804,train/obs_206804/metadata.json,obs_012,EASY,0.01,"[128,192]",ZInD:0999,train,True,1,ZInD,
obs_197237,test,train,ZInD,1299_floor_01_pano_22,train/obs_197237,train/obs_197237/metadata.json,obs_003,EASY,0.01,"[128,192]",ZInD:1299,train,True,0,ZInD,
obs_210193,train,train,ZInD,1299_floor_02_pano_35,train/obs_210193,train/obs_210193/metadata.json,obs_013,EASY,0.01,"[128,192]",ZInD:1299,train,True,1,ZInD,
obs_293812,validation,train,ZInD,1135_floor_02_pano_41,train/obs_293812,train/obs_293812/metadata.json,obs_006,LEARNABLE,0.01,"[128,192]",ZInD:1135,train,True,0,ZInD,
obs_273427,validation,train,ZInD,1135_floor_02_pano_57,train/obs_273427,train/obs_273427/metadata.json,obs_010,LEARNABLE,0.01,"[128,192]",ZInD:1135,train,True,1,ZInD,
obs_186934,train,train,ZInD,0104_floor_02_pano_67,train/obs_186934,train/obs_186934/metadata.json,obs_007,LEARNABLE,0.01,"[128,192]",ZInD:0104,train,True,0,ZInD,
obs_240451,test,train,ZInD,0104_floor_01_pano_5,train/obs_240451,train/obs_240451/metadata.json,obs_000,LEARNABLE,0.01,"[128,192]",ZInD:0104,train,True,1,ZInD,
obs_188210,train,train,ZInD,1048_floor_02_pano_39,train/obs_188210,train/obs_188210/metadata.json,obs_008,LEARNABLE,0.01,"[128,192]",ZInD:1048,train,True,0,ZInD,
obs_299371,train,train,ZInD,1048_floor_02_pano_39,train/obs_299371,train/obs_299371/metadata.json,obs_003,EASY,0.01,"[128,192]",ZInD:1048,train,True,1,ZInD,
obs_242421,train,train,ZInD,1087_floor_02_pano_56,train/obs_242421,train/obs_242421/metadata.json,obs_004,EASY,0.01,"[128,192]",ZInD:1087,train,True,0,ZInD,old_train_or_checkpoint_validation
obs_214896,train,train,ZInD,1087_floor_01_pano_25,train/obs_214896,train/obs_214896/metadata.json,obs_007,LEARNABLE,0.01,"[128,192]",ZInD:1087,train,True,1,ZInD,old_train_or_checkpoint_validation
obs_245643,validation,train,ZInD,0131_floor_02_pano_49,train/obs_245643,train/obs_245643/metadata.json,obs_011,EASY,0.01,"[128,192]",ZInD:0131,train,True,0,ZInD,
obs_182095,train,train,ZInD,0131_floor_02_pano_64,train/obs_182095,train/obs_182095/metadata.json,obs_005,EASY,0.01,"[128,192]",ZInD:0131,train,True,1,ZInD,
obs_185600,train,train,ZInD,0488_floor_02_pano_16,train/obs_185600,train/obs_185600/metadata.json,obs_001,LEARNABLE,0.01,"[128,192]",ZInD:0488,train,False,0,ZInD,
obs_265936,train,train,ZInD,0488_floor_02_pano_10,train/obs_265936,train/obs_265936/metadata.json,obs_006,LEARNABLE,0.01,"[128,192]",ZInD:0488,train,False,1,ZInD,
obs_242821,train,train,ZInD,0115_floor_01_pano_2,train/obs_242821,train/obs_242821/metadata.json,obs_004,EASY,0.01,"[128,192]",ZInD:0115,train,True,0,ZInD,
obs_219630,train,train,ZInD,0115_floor_01_pano_2,train/obs_219630,train/obs_219630/metadata.json,obs_007,EASY,0.01,"[128,192]",ZInD:0115,train,True,1,ZInD,
obs_231978,train,train,ZInD,0908_floor_02_pano_72,train/obs_231978,train/obs_231978/metadata.json,obs_002,EASY,0.01,"[128,192]",ZInD:0908,train,True,0,ZInD,
obs_202348,train,train,ZInD,0908_floor_02_pano_55,train/obs_202348,train/obs_202348/metadata.json,obs_009,EASY,0.01,"[128,192]",ZInD:0908,train,True,1,ZInD,
obs_199409,train,train,ZInD,1501_floor_01_pano_47,train/obs_199409,train/obs_199409/metadata.json,obs_003,EASY,0.01,"[128,192]",ZInD:1501,train,True,0,ZInD,
obs_233872,train,train,ZInD,1501_floor_01_pano_47,train/obs_233872,train/obs_233872/metadata.json,obs_000,LEARNABLE,0.01,"[128,192]",ZInD:1501,train,True,1,ZInD,
obs_196702,validation,train,ZInD,0415_floor_02_pano_53,train/obs_196702,train/obs_196702/metadata.json,obs_018,LEARNABLE,0.01,"[128,192]",ZInD:0415,train,True,0,ZInD,
obs_244531,train,train,ZInD,0415_floor_01_pano_10,train/obs_244531,train/obs_244531/metadata.json,obs_018,LEARNABLE,0.01,"[128,192]",ZInD:0415,train,True,1,ZInD,
obs_207509,train,train,ZInD,0183_floor_01_pano_17,train/obs_207509,train/obs_207509/metadata.json,obs_016,EASY,0.01,"[128,192]",ZInD:0183,train,True,0,ZInD,
obs_209574,train,train,ZInD,0183_floor_01_pano_17,train/obs_209574,train/obs_209574/metadata.json,obs_019,EASY,0.01,"[128,192]",ZInD:0183,train,True,1,ZInD,
obs_222523,test,train,ZInD,1391_floor_01_pano_21,train/obs_222523,train/obs_222523/metadata.json,obs_009,EASY,0.01,"[128,192]",ZInD:1391,train,True,0,ZInD,
obs_201607,test,train,ZInD,1391_floor_02_pano_70,train/obs_201607,train/obs_201607/metadata.json,obs_011,EASY,0.01,"[128,192]",ZInD:1391,train,True,1,ZInD,
obs_188957,train,train,ZInD,0053_floor_01_pano_28,train/obs_188957,train/obs_188957/metadata.json,obs_009,EASY,0.01,"[128,192]",ZInD:0053,train,True,0,ZInD,
obs_287377,train,train,ZInD,0053_floor_01_pano_24,train/obs_287377,train/obs_287377/metadata.json,obs_001,LEARNABLE,0.01,"[128,192]",ZInD:0053,train,True,1,ZInD,
obs_310692,train,train,ZInD,0506_floor_01_pano_22,train/obs_310692,train/obs_310692/metadata.json,obs_017,LEARNABLE,0.01,"[128,192]",ZInD:0506,train,True,0,ZInD,
obs_280969,test,train,ZInD,0506_floor_01_pano_18,train/obs_280969,train/obs_280969/metadata.json,obs_010,LEARNABLE,0.01,"[128,192]",ZInD:0506,train,True,1,ZInD,
obs_249041,train,train,ZInD,0817_floor_01_pano_10,train/obs_249041,train/obs_249041/metadata.json,obs_015,EASY,0.01,"[128,192]",ZInD:0817,train,True,0,ZInD,
obs_291251,train,train,ZInD,0817_floor_01_pano_7,train/obs_291251,train/obs_291251/metadata.json,obs_009,EASY,0.01,"[128,192]",ZInD:0817,train,True,1,ZInD,
obs_270692,train,train,ZInD,0670_floor_02_pano_26,train/obs_270692,train/obs_270692/metadata.json,obs_010,EASY,0.01,"[128,192]",ZInD:0670,train,True,0,ZInD,
obs_290073,train,train,ZInD,0670_floor_02_pano_26,train/obs_290073,train/obs_290073/metadata.json,obs_022,LEARNABLE,0.01,"[128,192]",ZInD:0670,train,True,1,ZInD,
obs_293174,train,train,ZInD,1347_floor_02_pano_42,train/obs_293174,train/obs_293174/metadata.json,obs_003,LEARNABLE,0.01,"[128,192]",ZInD:1347,train,True,0,ZInD,
obs_175633,test,train,ZInD,1347_floor_01_pano_22,train/obs_175633,train/obs_175633/metadata.json,obs_000,EASY,0.01,"[128,192]",ZInD:1347,train,True,1,ZInD,
obs_217555,train,train,ZInD,0562_floor_01_pano_65,train/obs_217555,train/obs_217555/metadata.json,obs_005,EASY,0.01,"[128,192]",ZInD:0562,train,True,0,ZInD,
obs_279371,validation,train,ZInD,0562_floor_02_pano_46,train/obs_279371,train/obs_279371/metadata.json,obs_016,EASY,0.01,"[128,192]",ZInD:0562,train,True,1,ZInD,
obs_272116,train,train,ZInD,1389_floor_01_pano_23,train/obs_272116,train/obs_272116/metadata.json,obs_019,EASY,0.01,"[128,192]",ZInD:1389,train,True,0,ZInD,old_train_or_checkpoint_validation
obs_302537,train,train,ZInD,1389_floor_01_pano_23,train/obs_302537,train/obs_302537/metadata.json,obs_007,LEARNABLE,0.01,"[128,192]",ZInD:1389,train,True,1,ZInD,old_train_or_checkpoint_validation
obs_173643,train,train,ZInD,1055_floor_01_pano_33,train/obs_173643,train/obs_173643/metadata.json,obs_022,EASY,0.01,"[128,192]",ZInD:1055,train,True,0,ZInD,
obs_252086,train,train,ZInD,1055_floor_02_pano_58,train/obs_252086,train/obs_252086/metadata.json,obs_003,EASY,0.01,"[128,192]",ZInD:1055,train,True,1,ZInD,
obs_286704,test,train,ZInD,0015_floor_02_pano_16,train/obs_286704,train/obs_286704/metadata.json,obs_009,EASY,0.01,"[128,192]",ZInD:0015,train,True,0,ZInD,
obs_298974,train,train,ZInD,0015_floor_01_pano_3,train/obs_298974,train/obs_298974/metadata.json,obs_003,LEARNABLE,0.01,"[128,192]",ZInD:0015,train,True,1,ZInD,
obs_178709,train,train,ZInD,0036_floor_01_pano_36,train/obs_178709,train/obs_178709/metadata.json,obs_008,EASY,0.01,"[128,192]",ZInD:0036,train,False,0,ZInD,
obs_283814,train,train,ZInD,0036_floor_01_pano_36,train/obs_283814,train/obs_283814/metadata.json,obs_009,EASY,0.01,"[128,192]",ZInD:0036,train,False,1,ZInD,
obs_206482,train,train,ZInD,0138_floor_01_pano_42,train/obs_206482,train/obs_206482/metadata.json,obs_020,EASY,0.01,"[128,192]",ZInD:0138,train,True,0,ZInD,
obs_296529,validation,train,ZInD,0138_floor_01_pano_35,train/obs_296529,train/obs_296529/metadata.json,obs_015,LEARNABLE,0.01,"[128,192]",ZInD:0138,train,True,1,ZInD,
obs_221558,validation,train,ZInD,0003_floor_01_pano_25,train/obs_221558,train/obs_221558/metadata.json,obs_021,EASY,0.01,"[128,192]",ZInD:0003,train,True,0,ZInD,
obs_184964,test,train,ZInD,0003_floor_01_pano_107,train/obs_184964,train/obs_184964/metadata.json,obs_017,LEARNABLE,0.01,"[128,192]",ZInD:0003,train,True,1,ZInD,
obs_304707,train,train,ZInD,0607_floor_01_pano_21,train/obs_304707,train/obs_304707/metadata.json,obs_010,EASY,0.01,"[128,192]",ZInD:0607,train,True,0,ZInD,
obs_241239,train,train,ZInD,0607_floor_01_pano_15,train/obs_241239,train/obs_241239/metadata.json,obs_002,EASY,0.01,"[128,192]",ZInD:0607,train,True,1,ZInD,
obs_309324,train,train,ZInD,1157_floor_01_pano_38,train/obs_309324,train/obs_309324/metadata.json,obs_020,LEARNABLE,0.01,"[128,192]",ZInD:1157,train,True,0,ZInD,
obs_180842,train,train,ZInD,1157_floor_02_pano_48,train/obs_180842,train/obs_180842/metadata.json,obs_002,EASY,0.01,"[128,192]",ZInD:1157,train,True,1,ZInD,
obs_275160,validation,train,ZInD,1234_floor_01_pano_20,train/obs_275160,train/obs_275160/metadata.json,obs_016,LEARNABLE,0.01,"[128,192]",ZInD:1234,train,True,0,ZInD,
obs_197960,train,train,ZInD,1234_floor_01_pano_13,train/obs_197960,train/obs_197960/metadata.json,obs_010,EASY,0.01,"[128,192]",ZInD:1234,train,True,1,ZInD,
obs_296022,train,train,ZInD,0656_floor_01_pano_42,train/obs_296022,train/obs_296022/metadata.json,obs_009,LEARNABLE,0.01,"[128,192]",ZInD:0656,train,True,0,ZInD,
obs_240347,train,train,ZInD,0656_floor_01_pano_62,train/obs_240347,train/obs_240347/metadata.json,obs_016,EASY,0.01,"[128,192]",ZInD:0656,train,True,1,ZInD,
obs_180189,train,train,ZInD,1237_floor_01_pano_3,train/obs_180189,train/obs_180189/metadata.json,obs_007,EASY,0.01,"[128,192]",ZInD:1237,train,True,0,ZInD,
obs_252235,train,train,ZInD,1237_floor_02_pano_6,train/obs_252235,train/obs_252235/metadata.json,obs_011,EASY,0.01,"[128,192]",ZInD:1237,train,True,1,ZInD,
obs_284265,train,train,ZInD,1436_floor_02_pano_32,train/obs_284265,train/obs_284265/metadata.json,obs_007,LEARNABLE,0.01,"[128,192]",ZInD:1436,train,True,0,ZInD,
obs_232820,train,train,ZInD,1436_floor_01_pano_13,train/obs_232820,train/obs_232820/metadata.json,obs_017,EASY,0.01,"[128,192]",ZInD:1436,train,True,1,ZInD,
obs_268754,train,train,ZInD,0819_floor_01_pano_16,train/obs_268754,train/obs_268754/metadata.json,obs_017,LEARNABLE,0.01,"[128,192]",ZInD:0819,train,True,0,ZInD,
obs_237614,train,train,ZInD,0819_floor_02_pano_52,train/obs_237614,train/obs_237614/metadata.json,obs_021,EASY,0.01,"[128,192]",ZInD:0819,train,True,1,ZInD,
obs_293046,test,train,ZInD,1188_floor_02_pano_68,train/obs_293046,train/obs_293046/metadata.json,obs_001,EASY,0.01,"[128,192]",ZInD:1188,train,True,0,ZInD,
obs_256862,train,train,ZInD,1188_floor_02_pano_62,train/obs_256862,train/obs_256862/metadata.json,obs_018,EASY,0.01,"[128,192]",ZInD:1188,train,True,1,ZInD,
obs_222761,train,train,ZInD,0969_floor_02_pano_32,train/obs_222761,train/obs_222761/metadata.json,obs_020,LEARNABLE,0.01,"[128,192]",ZInD:0969,train,True,0,ZInD,
obs_260486,train,train,ZInD,0969_floor_01_pano_9,train/obs_260486,train/obs_260486/metadata.json,obs_018,EASY,0.01,"[128,192]",ZInD:0969,train,True,1,ZInD,
obs_241681,test,train,ZInD,0490_floor_01_pano_25,train/obs_241681,train/obs_241681/metadata.json,obs_020,LEARNABLE,0.01,"[128,192]",ZInD:0490,train,True,0,ZInD,
obs_306583,train,train,ZInD,0490_floor_01_pano_16,train/obs_306583,train/obs_306583/metadata.json,obs_000,EASY,0.01,"[128,192]",ZInD:0490,train,True,1,ZInD,
obs_176917,train,train,ZInD,0796_floor_02_pano_18,train/obs_176917,train/obs_176917/metadata.json,obs_011,LEARNABLE,0.01,"[128,192]",ZInD:0796,train,True,0,ZInD,
obs_255748,train,train,ZInD,0796_floor_02_pano_21,train/obs_255748,train/obs_255748/metadata.json,obs_016,EASY,0.01,"[128,192]",ZInD:0796,train,True,1,ZInD,
obs_294844,test,train,ZInD,0253_floor_02_pano_28,train/obs_294844,train/obs_294844/metadata.json,obs_014,EASY,0.01,"[128,192]",ZInD:0253,train,True,0,ZInD,
obs_277858,train,train,ZInD,0253_floor_02_pano_16,train/obs_277858,train/obs_277858/metadata.json,obs_006,EASY,0.01,"[128,192]",ZInD:0253,train,True,1,ZInD,
obs_298251,train,train,ZInD,0084_floor_01_pano_58,train/obs_298251,train/obs_298251/metadata.json,obs_019,EASY,0.01,"[128,192]",ZInD:0084,train,True,0,ZInD,
obs_213012,train,train,ZInD,0084_floor_01_pano_40,train/obs_213012,train/obs_213012/metadata.json,obs_016,LEARNABLE,0.01,"[128,192]",ZInD:0084,train,True,1,ZInD,
obs_251606,train,train,ZInD,0707_floor_02_pano_57,train/obs_251606,train/obs_251606/metadata.json,obs_007,EASY,0.01,"[128,192]",ZInD:0707,train,True,0,ZInD,
obs_252743,train,train,ZInD,0707_floor_02_pano_57,train/obs_252743,train/obs_252743/metadata.json,obs_008,EASY,0.01,"[128,192]",ZInD:0707,train,True,1,ZInD,
obs_212126,validation,train,ZInD,0171_floor_01_pano_15,train/obs_212126,train/obs_212126/metadata.json,obs_005,EASY,0.01,"[128,192]",ZInD:0171,train,True,0,ZInD,parent_pilot_development
obs_278929,validation,train,ZInD,0171_floor_01_pano_4,train/obs_278929,train/obs_278929/metadata.json,obs_023,EASY,0.01,"[128,192]",ZInD:0171,train,True,1,ZInD,parent_pilot_development
obs_259877,train,train,ZInD,0086_floor_01_pano_11,train/obs_259877,train/obs_259877/metadata.json,obs_011,EASY,0.01,"[128,192]",ZInD:0086,train,True,0,ZInD,
obs_261268,train,train,ZInD,0086_floor_01_pano_13,train/obs_261268,train/obs_261268/metadata.json,obs_011,EASY,0.01,"[128,192]",ZInD:0086,train,True,1,ZInD,
obs_259188,test,train,ZInD,1395_floor_01_pano_5,train/obs_259188,train/obs_259188/metadata.json,obs_008,EASY,0.01,"[128,192]",ZInD:1395,train,False,0,ZInD,
obs_254837,test,train,ZInD,1395_floor_01_pano_5,train/obs_254837,train/obs_254837/metadata.json,obs_012,EASY,0.01,"[128,192]",ZInD:1395,train,False,1,ZInD,
obs_289709,train,train,ZInD,1259_floor_01_pano_2,train/obs_289709,train/obs_289709/metadata.json,obs_006,LEARNABLE,0.01,"[128,192]",ZInD:1259,train,True,0,ZInD,
obs_207558,train,train,ZInD,1259_floor_02_pano_10,train/obs_207558,train/obs_207558/metadata.json,obs_002,EASY,0.01,"[128,192]",ZInD:1259,train,True,1,ZInD,
obs_216858,train,train,ZInD,1143_floor_01_pano_6,train/obs_216858,train/obs_216858/metadata.json,obs_000,EASY,0.01,"[128,192]",ZInD:1143,train,True,0,ZInD,
obs_247943,train,train,ZInD,1143_floor_01_pano_6,train/obs_247943,train/obs_247943/metadata.json,obs_003,EASY,0.01,"[128,192]",ZInD:1143,train,True,1,ZInD,
obs_200233,train,train,ZInD,0014_floor_00_pano_64,train/obs_200233,train/obs_200233/metadata.json,obs_008,EASY,0.01,"[128,192]",ZInD:0014,train,True,0,ZInD,
obs_274151,train,train,ZInD,0014_floor_01_pano_53,train/obs_274151,train/obs_274151/metadata.json,obs_005,EASY,0.01,"[128,192]",ZInD:0014,train,True,1,ZInD,
obs_284837,train,train,ZInD,0873_floor_02_pano_29,train/obs_284837,train/obs_284837/metadata.json,obs_004,EASY,0.01,"[128,192]",ZInD:0873,train,True,0,ZInD,
obs_276582,train,train,ZInD,0873_floor_02_pano_29,train/obs_276582,train/obs_276582/metadata.json,obs_006,EASY,0.01,"[128,192]",ZInD:0873,train,True,1,ZInD,
obs_229942,train,train,ZInD,0558_floor_02_pano_27,train/obs_229942,train/obs_229942/metadata.json,obs_019,EASY,0.01,"[128,192]",ZInD:0558,train,True,0,ZInD,
obs_284538,train,train,ZInD,0558_floor_02_pano_55,train/obs_284538,train/obs_284538/metadata.json,obs_000,EASY,0.01,"[128,192]",ZInD:0558,train,True,1,ZInD,
obs_252838,train,train,ZInD,0741_floor_01_pano_24,train/obs_252838,train/obs_252838/metadata.json,obs_013,LEARNABLE,0.01,"[128,192]",ZInD:0741,train,True,0,ZInD,
obs_223298,train,train,ZInD,0741_floor_01_pano_34,train/obs_223298,train/obs_223298/metadata.json,obs_016,LEARNABLE,0.01,"[128,192]",ZInD:0741,train,True,1,ZInD,
obs_187965,train,train,ZInD,0542_floor_02_pano_31,train/obs_187965,train/obs_187965/metadata.json,obs_015,EASY,0.01,"[128,192]",ZInD:0542,train,True,0,ZInD,
obs_228957,test,train,ZInD,0542_floor_02_pano_27,train/obs_228957,train/obs_228957/metadata.json,obs_017,EASY,0.01,"[128,192]",ZInD:0542,train,True,1,ZInD,
obs_200595,train,train,ZInD,1168_floor_02_pano_32,train/obs_200595,train/obs_200595/metadata.json,obs_009,LEARNABLE,0.01,"[128,192]",ZInD:1168,train,True,0,ZInD,
obs_245868,train,train,ZInD,1168_floor_00_pano_43,train/obs_245868,train/obs_245868/metadata.json,obs_000,EASY,0.01,"[128,192]",ZInD:1168,train,True,1,ZInD,
obs_220389,train,train,ZInD,1484_floor_02_pano_82,train/obs_220389,train/obs_220389/metadata.json,obs_014,LEARNABLE,0.01,"[128,192]",ZInD:1484,train,True,0,ZInD,old_train_or_checkpoint_validation
obs_178272,train,train,ZInD,1484_floor_02_pano_71,train/obs_178272,train/obs_178272/metadata.json,obs_020,EASY,0.01,"[128,192]",ZInD:1484,train,True,1,ZInD,old_train_or_checkpoint_validation
obs_276681,test,train,ZInD,1344_floor_01_pano_61,train/obs_276681,train/obs_276681/metadata.json,obs_020,LEARNABLE,0.01,"[128,192]",ZInD:1344,train,True,0,ZInD,
obs_185186,train,train,ZInD,1344_floor_01_pano_28,train/obs_185186,train/obs_185186/metadata.json,obs_011,EASY,0.01,"[128,192]",ZInD:1344,train,True,1,ZInD,
obs_287692,train,train,ZInD,0330_floor_01_pano_17,train/obs_287692,train/obs_287692/metadata.json,obs_020,LEARNABLE,0.01,"[128,192]",ZInD:0330,train,True,0,ZInD,
obs_220833,train,train,ZInD,0330_floor_02_pano_37,train/obs_220833,train/obs_220833/metadata.json,obs_019,LEARNABLE,0.01,"[128,192]",ZInD:0330,train,True,1,ZInD,
obs_227046,test,train,ZInD,0345_floor_01_pano_2,train/obs_227046,train/obs_227046/metadata.json,obs_017,EASY,0.01,"[128,192]",ZInD:0345,train,True,0,ZInD,
obs_214113,test,train,ZInD,0345_floor_01_pano_2,train/obs_214113,train/obs_214113/metadata.json,obs_021,EASY,0.01,"[128,192]",ZInD:0345,train,True,1,ZInD,
obs_250619,train,train,ZInD,1408_floor_01_pano_17,train/obs_250619,train/obs_250619/metadata.json,obs_018,EASY,0.01,"[128,192]",ZInD:1408,train,True,0,ZInD,
obs_306470,train,train,ZInD,1408_floor_01_pano_9,train/obs_306470,train/obs_306470/metadata.json,obs_018,LEARNABLE,0.01,"[128,192]",ZInD:1408,train,True,1,ZInD,
obs_265400,train,train,ZInD,1148_floor_01_pano_6,train/obs_265400,train/obs_265400/metadata.json,obs_011,EASY,0.01,"[128,192]",ZInD:1148,train,True,0,ZInD,
obs_293425,train,train,ZInD,1148_floor_02_pano_47,train/obs_293425,train/obs_293425/metadata.json,obs_019,LEARNABLE,0.01,"[128,192]",ZInD:1148,train,True,1,ZInD,
obs_213559,test,train,ZInD,1219_floor_02_pano_35,train/obs_213559,train/obs_213559/metadata.json,obs_019,LEARNABLE,0.01,"[128,192]",ZInD:1219,train,True,0,ZInD,
obs_274201,test,train,ZInD,1219_floor_02_pano_35,train/obs_274201,train/obs_274201/metadata.json,obs_003,EASY,0.01,"[128,192]",ZInD:1219,train,True,1,ZInD,
obs_192482,train,train,ZInD,1331_floor_01_pano_2,train/obs_192482,train/obs_192482/metadata.json,obs_023,LEARNABLE,0.01,"[128,192]",ZInD:1331,train,True,0,ZInD,
obs_291652,train,train,ZInD,1331_floor_01_pano_2,train/obs_291652,train/obs_291652/metadata.json,obs_006,EASY,0.01,"[128,192]",ZInD:1331,train,True,1,ZInD,
obs_271965,train,train,ZInD,0352_floor_02_pano_41,train/obs_271965,train/obs_271965/metadata.json,obs_019,EASY,0.01,"[128,192]",ZInD:0352,train,True,0,ZInD,
obs_190937,train,train,ZInD,0352_floor_01_pano_20,train/obs_190937,train/obs_190937/metadata.json,obs_019,LEARNABLE,0.01,"[128,192]",ZInD:0352,train,True,1,ZInD,
obs_312257,train,train,ZInD,0928_floor_01_pano_14,train/obs_312257,train/obs_312257/metadata.json,obs_019,EASY,0.01,"[128,192]",ZInD:0928,train,True,0,ZInD,
obs_307473,train,train,ZInD,0928_floor_01_pano_14,train/obs_307473,train/obs_307473/metadata.json,obs_018,EASY,0.01,"[128,192]",ZInD:0928,train,True,1,ZInD,
obs_265042,train,train,ZInD,0372_floor_01_pano_31,train/obs_265042,train/obs_265042/metadata.json,obs_002,LEARNABLE,0.01,"[128,192]",ZInD:0372,train,True,0,ZInD,
obs_273861,train,train,ZInD,0372_floor_01_pano_22,train/obs_273861,train/obs_273861/metadata.json,obs_011,EASY,0.01,"[128,192]",ZInD:0372,train,True,1,ZInD,
obs_230800,train,train,ZInD,1072_floor_02_pano_100,train/obs_230800,train/obs_230800/metadata.json,obs_020,EASY,0.01,"[128,192]",ZInD:1072,train,True,0,ZInD,
obs_243560,train,train,ZInD,1072_floor_02_pano_72,train/obs_243560,train/obs_243560/metadata.json,obs_008,LEARNABLE,0.01,"[128,192]",ZInD:1072,train,True,1,ZInD,
obs_279730,train,train,ZInD,0918_floor_02_pano_19,train/obs_279730,train/obs_279730/metadata.json,obs_002,EASY,0.01,"[128,192]",ZInD:0918,train,True,0,ZInD,
obs_245321,test,train,ZInD,0918_floor_02_pano_33,train/obs_245321,train/obs_245321/metadata.json,obs_006,LEARNABLE,0.01,"[128,192]",ZInD:0918,train,True,1,ZInD,
obs_243039,train,train,ZInD,1512_floor_01_pano_11,train/obs_243039,train/obs_243039/metadata.json,obs_006,EASY,0.01,"[128,192]",ZInD:1512,train,True,0,ZInD,
obs_189864,train,train,ZInD,1512_floor_02_pano_68,train/obs_189864,train/obs_189864/metadata.json,obs_020,LEARNABLE,0.01,"[128,192]",ZInD:1512,train,True,1,ZInD,
obs_196275,train,train,ZInD,0971_floor_01_pano_30,train/obs_196275,train/obs_196275/metadata.json,obs_017,EASY,0.01,"[128,192]",ZInD:0971,train,True,0,ZInD,
obs_184034,train,train,ZInD,0971_floor_01_pano_30,train/obs_184034,train/obs_184034/metadata.json,obs_004,EASY,0.01,"[128,192]",ZInD:0971,train,True,1,ZInD,
obs_252560,train,train,ZInD,0586_floor_02_pano_45,train/obs_252560,train/obs_252560/metadata.json,obs_018,EASY,0.01,"[128,192]",ZInD:0586,train,True,0,ZInD,
obs_176146,train,train,ZInD,0586_floor_02_pano_42,train/obs_176146,train/obs_176146/metadata.json,obs_003,LEARNABLE,0.01,"[128,192]",ZInD:0586,train,True,1,ZInD,
obs_176883,train,train,ZInD,0794_floor_01_pano_14,train/obs_176883,train/obs_176883/metadata.json,obs_017,EASY,0.01,"[128,192]",ZInD:0794,train,True,0,ZInD,
obs_224073,train,train,ZInD,0794_floor_01_pano_14,train/obs_224073,train/obs_224073/metadata.json,obs_008,LEARNABLE,0.01,"[128,192]",ZInD:0794,train,True,1,ZInD,
obs_209495,train,train,ZInD,0398_floor_02_pano_39,train/obs_209495,train/obs_209495/metadata.json,obs_009,EASY,0.01,"[128,192]",ZInD:0398,train,True,0,ZInD,
obs_223457,train,train,ZInD,0398_floor_01_pano_26,train/obs_223457,train/obs_223457/metadata.json,obs_003,EASY,0.01,"[128,192]",ZInD:0398,train,True,1,ZInD,
obs_266657,train,train,ZInD,0361_floor_01_pano_12,train/obs_266657,train/obs_266657/metadata.json,obs_013,LEARNABLE,0.01,"[128,192]",ZInD:0361,train,True,0,ZInD,
obs_308278,train,train,ZInD,0361_floor_01_pano_12,train/obs_308278,train/obs_308278/metadata.json,obs_016,LEARNABLE,0.01,"[128,192]",ZInD:0361,train,True,1,ZInD,
obs_179148,train,train,ZInD,0199_floor_01_pano_25,train/obs_179148,train/obs_179148/metadata.json,obs_017,EASY,0.01,"[128,192]",ZInD:0199,train,True,0,ZInD,
obs_221831,train,train,ZInD,0199_floor_01_pano_30,train/obs_221831,train/obs_221831/metadata.json,obs_006,EASY,0.01,"[128,192]",ZInD:0199,train,True,1,ZInD,
obs_251289,train,train,ZInD,0026_floor_01_pano_11,train/obs_251289,train/obs_251289/metadata.json,obs_006,EASY,0.01,"[128,192]",ZInD:0026,train,True,0,ZInD,
obs_222055,train,train,ZInD,0026_floor_01_pano_23,train/obs_222055,train/obs_222055/metadata.json,obs_013,EASY,0.01,"[128,192]",ZInD:0026,train,True,1,ZInD,
obs_269849,train,train,ZInD,1025_floor_02_pano_59,train/obs_269849,train/obs_269849/metadata.json,obs_008,EASY,0.01,"[128,192]",ZInD:1025,train,True,0,ZInD,
obs_280179,train,train,ZInD,1025_floor_02_pano_75,train/obs_280179,train/obs_280179/metadata.json,obs_018,EASY,0.01,"[128,192]",ZInD:1025,train,True,1,ZInD,
obs_295409,train,train,ZInD,0322_floor_02_pano_31,train/obs_295409,train/obs_295409/metadata.json,obs_008,LEARNABLE,0.01,"[128,192]",ZInD:0322,train,True,0,ZInD,
obs_197160,train,train,ZInD,0322_floor_01_pano_6,train/obs_197160,train/obs_197160/metadata.json,obs_003,EASY,0.01,"[128,192]",ZInD:0322,train,True,1,ZInD,
obs_234917,validation,train,ZInD,1410_floor_01_pano_7,train/obs_234917,train/obs_234917/metadata.json,obs_001,EASY,0.01,"[128,192]",ZInD:1410,train,False,0,ZInD,
obs_286551,train,train,ZInD,1410_floor_01_pano_11,train/obs_286551,train/obs_286551/metadata.json,obs_017,EASY,0.01,"[128,192]",ZInD:1410,train,False,1,ZInD,
obs_291146,train,train,ZInD,1218_floor_01_pano_35,train/obs_291146,train/obs_291146/metadata.json,obs_018,EASY,0.01,"[128,192]",ZInD:1218,train,True,0,ZInD,
obs_303915,train,train,ZInD,1218_floor_02_pano_54,train/obs_303915,train/obs_303915/metadata.json,obs_019,LEARNABLE,0.01,"[128,192]",ZInD:1218,train,True,1,ZInD,
obs_171986,train,train,ZInD,0766_floor_01_pano_2,train/obs_171986,train/obs_171986/metadata.json,obs_014,EASY,0.01,"[128,192]",ZInD:0766,train,False,0,ZInD,
obs_193825,train,train,ZInD,0766_floor_01_pano_2,train/obs_193825,train/obs_193825/metadata.json,obs_009,EASY,0.01,"[128,192]",ZInD:0766,train,False,1,ZInD,
obs_176286,train,train,ZInD,0851_floor_02_pano_33,train/obs_176286,train/obs_176286/metadata.json,obs_019,EASY,0.01,"[128,192]",ZInD:0851,train,True,0,ZInD,
obs_300280,train,train,ZInD,0851_floor_01_pano_16,train/obs_300280,train/obs_300280/metadata.json,obs_004,EASY,0.01,"[128,192]",ZInD:0851,train,True,1,ZInD,
obs_268553,validation,train,ZInD,0591_floor_02_pano_36,train/obs_268553,train/obs_268553/metadata.json,obs_016,EASY,0.01,"[128,192]",ZInD:0591,train,True,0,ZInD,
obs_232666,test,train,ZInD,0591_floor_02_pano_30,train/obs_232666,train/obs_232666/metadata.json,obs_018,EASY,0.01,"[128,192]",ZInD:0591,train,True,1,ZInD,
obs_178795,train,train,ZInD,1073_floor_01_pano_21,train/obs_178795,train/obs_178795/metadata.json,obs_022,LEARNABLE,0.01,"[128,192]",ZInD:1073,train,True,0,ZInD,
obs_195297,train,train,ZInD,1073_floor_01_pano_12,train/obs_195297,train/obs_195297/metadata.json,obs_011,EASY,0.01,"[128,192]",ZInD:1073,train,True,1,ZInD,
obs_259745,train,train,ZInD,0684_floor_01_pano_17,train/obs_259745,train/obs_259745/metadata.json,obs_012,LEARNABLE,0.01,"[128,192]",ZInD:0684,train,True,0,ZInD,
obs_178648,train,train,ZInD,0684_floor_01_pano_17,train/obs_178648,train/obs_178648/metadata.json,obs_005,LEARNABLE,0.01,"[128,192]",ZInD:0684,train,True,1,ZInD,
obs_306285,train,train,ZInD,1572_floor_01_pano_17,train/obs_306285,train/obs_306285/metadata.json,obs_006,LEARNABLE,0.01,"[128,192]",ZInD:1572,train,True,0,ZInD,
obs_245189,train,train,ZInD,1572_floor_01_pano_85,train/obs_245189,train/obs_245189/metadata.json,obs_013,EASY,0.01,"[128,192]",ZInD:1572,train,True,1,ZInD,
obs_287056,train,train,ZInD,0079_floor_02_pano_35,train/obs_287056,train/obs_287056/metadata.json,obs_018,EASY,0.01,"[128,192]",ZInD:0079,train,True,0,ZInD,
obs_299213,validation,train,ZInD,0079_floor_01_pano_13,train/obs_299213,train/obs_299213/metadata.json,obs_000,EASY,0.01,"[128,192]",ZInD:0079,train,True,1,ZInD,
obs_274859,train,train,ZInD,0827_floor_01_pano_8,train/obs_274859,train/obs_274859/metadata.json,obs_008,EASY,0.01,"[128,192]",ZInD:0827,train,True,0,ZInD,
obs_274785,train,train,ZInD,0827_floor_01_pano_8,train/obs_274785,train/obs_274785/metadata.json,obs_019,LEARNABLE,0.01,"[128,192]",ZInD:0827,train,True,1,ZInD,
obs_192317,train,train,ZInD,0621_floor_00_pano_36,train/obs_192317,train/obs_192317/metadata.json,obs_009,EASY,0.01,"[128,192]",ZInD:0621,train,True,0,ZInD,
obs_186427,train,train,ZInD,0621_floor_02_pano_22,train/obs_186427,train/obs_186427/metadata.json,obs_021,EASY,0.01,"[128,192]",ZInD:0621,train,True,1,ZInD,
obs_271353,train,train,ZInD,0386_floor_01_pano_24,train/obs_271353,train/obs_271353/metadata.json,obs_006,LEARNABLE,0.01,"[128,192]",ZInD:0386,train,True,0,ZInD,
obs_172391,train,train,ZInD,0386_floor_02_pano_79,train/obs_172391,train/obs_172391/metadata.json,obs_018,EASY,0.01,"[128,192]",ZInD:0386,train,True,1,ZInD,
obs_213430,validation,train,ZInD,1263_floor_02_pano_19,train/obs_213430,train/obs_213430/metadata.json,obs_016,LEARNABLE,0.01,"[128,192]",ZInD:1263,train,True,0,ZInD,old_train_or_checkpoint_validation
obs_297503,validation,train,ZInD,1263_floor_02_pano_18,train/obs_297503,train/obs_297503/metadata.json,obs_000,LEARNABLE,0.01,"[128,192]",ZInD:1263,train,True,1,ZInD,old_train_or_checkpoint_validation
obs_302979,test,train,ZInD,1112_floor_01_pano_2,train/obs_302979,train/obs_302979/metadata.json,obs_013,LEARNABLE,0.01,"[128,192]",ZInD:1112,train,True,0,ZInD,
obs_255193,train,train,ZInD,1112_floor_02_pano_46,train/obs_255193,train/obs_255193/metadata.json,obs_013,EASY,0.01,"[128,192]",ZInD:1112,train,True,1,ZInD,
obs_191826,train,train,ZInD,0624_floor_01_pano_26,train/obs_191826,train/obs_191826/metadata.json,obs_005,EASY,0.01,"[128,192]",ZInD:0624,train,True,0,ZInD,
obs_230751,train,train,ZInD,0624_floor_01_pano_16,train/obs_230751,train/obs_230751/metadata.json,obs_023,EASY,0.01,"[128,192]",ZInD:0624,train,True,1,ZInD,
obs_220009,test,train,ZInD,0184_floor_01_pano_86,train/obs_220009,train/obs_220009/metadata.json,obs_003,LEARNABLE,0.01,"[128,192]",ZInD:0184,train,True,0,ZInD,
obs_281996,train,train,ZInD,0184_floor_01_pano_36,train/obs_281996,train/obs_281996/metadata.json,obs_002,EASY,0.01,"[128,192]",ZInD:0184,train,True,1,ZInD,
obs_242709,test,train,ZInD,0057_floor_02_pano_46,train/obs_242709,train/obs_242709/metadata.json,obs_002,LEARNABLE,0.01,"[128,192]",ZInD:0057,train,True,0,ZInD,
obs_287677,train,train,ZInD,0057_floor_02_pano_55,train/obs_287677,train/obs_287677/metadata.json,obs_016,LEARNABLE,0.01,"[128,192]",ZInD:0057,train,True,1,ZInD,
obs_177189,train,train,ZInD,0859_floor_01_pano_16,train/obs_177189,train/obs_177189/metadata.json,obs_021,EASY,0.01,"[128,192]",ZInD:0859,train,True,0,ZInD,
obs_265789,train,train,ZInD,0859_floor_01_pano_16,train/obs_265789,train/obs_265789/metadata.json,obs_004,LEARNABLE,0.01,"[128,192]",ZInD:0859,train,True,1,ZInD,
obs_310187,train,train,ZInD,0152_floor_02_pano_30,train/obs_310187,train/obs_310187/metadata.json,obs_004,EASY,0.01,"[128,192]",ZInD:0152,train,True,0,ZInD,
obs_297965,train,train,ZInD,0152_floor_02_pano_22,train/obs_297965,train/obs_297965/metadata.json,obs_020,LEARNABLE,0.01,"[128,192]",ZInD:0152,train,True,1,ZInD,
obs_271458,test,train,ZInD,0837_floor_00_pano_14,train/obs_271458,train/obs_271458/metadata.json,obs_005,LEARNABLE,0.01,"[128,192]",ZInD:0837,train,True,0,ZInD,
obs_181976,test,train,ZInD,0837_floor_00_pano_14,train/obs_181976,train/obs_181976/metadata.json,obs_014,LEARNABLE,0.01,"[128,192]",ZInD:0837,train,True,1,ZInD,
obs_260649,train,train,ZInD,0725_floor_01_pano_18,train/obs_260649,train/obs_260649/metadata.json,obs_019,EASY,0.01,"[128,192]",ZInD:0725,train,True,0,ZInD,
obs_289640,train,train,ZInD,0725_floor_01_pano_7,train/obs_289640,train/obs_289640/metadata.json,obs_023,LEARNABLE,0.01,"[128,192]",ZInD:0725,train,True,1,ZInD,
obs_291507,train,train,ZInD,0774_floor_01_pano_23,train/obs_291507,train/obs_291507/metadata.json,obs_012,EASY,0.01,"[128,192]",ZInD:0774,train,False,0,ZInD,
obs_309410,train,train,ZInD,0774_floor_01_pano_3,train/obs_309410,train/obs_309410/metadata.json,obs_016,EASY,0.01,"[128,192]",ZInD:0774,train,False,1,ZInD,
obs_181231,train,train,ZInD,1449_floor_02_pano_26,train/obs_181231,train/obs_181231/metadata.json,obs_000,EASY,0.01,"[128,192]",ZInD:1449,train,True,0,ZInD,
obs_277444,train,train,ZInD,1449_floor_02_pano_22,train/obs_277444,train/obs_277444/metadata.json,obs_007,EASY,0.01,"[128,192]",ZInD:1449,train,True,1,ZInD,
obs_227647,test,train,ZInD,0402_floor_02_pano_44,train/obs_227647,train/obs_227647/metadata.json,obs_018,EASY,0.01,"[128,192]",ZInD:0402,train,True,0,ZInD,
obs_253586,train,train,ZInD,0402_floor_02_pano_46,train/obs_253586,train/obs_253586/metadata.json,obs_011,EASY,0.01,"[128,192]",ZInD:0402,train,True,1,ZInD,
obs_294599,train,train,ZInD,0263_floor_01_pano_39,train/obs_294599,train/obs_294599/metadata.json,obs_006,EASY,0.01,"[128,192]",ZInD:0263,train,True,0,ZInD,old_train_or_checkpoint_validation
obs_288644,train,train,ZInD,0263_floor_01_pano_98,train/obs_288644,train/obs_288644/metadata.json,obs_004,LEARNABLE,0.01,"[128,192]",ZInD:0263,train,True,1,ZInD,old_train_or_checkpoint_validation
obs_306350,train,train,ZInD,0594_floor_01_pano_8,train/obs_306350,train/obs_306350/metadata.json,obs_001,EASY,0.01,"[128,192]",ZInD:0594,train,True,0,ZInD,
obs_273036,train,train,ZInD,0594_floor_01_pano_15,train/obs_273036,train/obs_273036/metadata.json,obs_018,EASY,0.01,"[128,192]",ZInD:0594,train,True,1,ZInD,
obs_194205,train,train,ZInD,0441_floor_02_pano_20,train/obs_194205,train/obs_194205/metadata.json,obs_015,LEARNABLE,0.01,"[128,192]",ZInD:0441,train,True,0,ZInD,
obs_275059,train,train,ZInD,0441_floor_02_pano_22,train/obs_275059,train/obs_275059/metadata.json,obs_010,EASY,0.01,"[128,192]",ZInD:0441,train,True,1,ZInD,
obs_218215,train,train,ZInD,0338_floor_02_pano_39,train/obs_218215,train/obs_218215/metadata.json,obs_019,LEARNABLE,0.01,"[128,192]",ZInD:0338,train,True,0,ZInD,
obs_289177,train,train,ZInD,0338_floor_02_pano_39,train/obs_289177,train/obs_289177/metadata.json,obs_000,EASY,0.01,"[128,192]",ZInD:0338,train,True,1,ZInD,
obs_293061,validation,train,ZInD,0570_floor_01_pano_62,train/obs_293061,train/obs_293061/metadata.json,obs_002,LEARNABLE,0.01,"[128,192]",ZInD:0570,train,True,0,ZInD,
obs_310177,train,train,ZInD,0570_floor_01_pano_41,train/obs_310177,train/obs_310177/metadata.json,obs_022,LEARNABLE,0.01,"[128,192]",ZInD:0570,train,True,1,ZInD,
obs_257861,validation,train,ZInD,0350_floor_02_pano_59,train/obs_257861,train/obs_257861/metadata.json,obs_022,LEARNABLE,0.01,"[128,192]",ZInD:0350,train,True,0,ZInD,
obs_270524,test,train,ZInD,0350_floor_02_pano_69,train/obs_270524,train/obs_270524/metadata.json,obs_007,LEARNABLE,0.01,"[128,192]",ZInD:0350,train,True,1,ZInD,
obs_005750,train,train,3RScan,c7895f88-339c-2d13-80f8-a904e8f2fff0,train/obs_005750,train/obs_005750/metadata.json,obs_017,LEARNABLE,0.01,"[128,192]",3RScan:c7895f86-339c-2d13-82c8-3976988cd327,calibration,True,0,3RScan,
obs_013391,train,train,3RScan,6a360551-fa53-2915-9739-7b7c1857bed3,train/obs_013391,train/obs_013391/metadata.json,obs_016,EASY,0.01,"[128,192]",3RScan:13124cad-cec3-27a6-857f-914a832a87c3,calibration,False,0,3RScan,
obs_003768,train,train,3RScan,8e0f1c26-9e28-2339-8799-53c13e81d9ff,train/obs_003768,train/obs_003768/metadata.json,obs_013,LEARNABLE,0.01,"[128,192]",3RScan:20c993af-698f-29c5-84b2-972451f94cfb,calibration,True,0,3RScan,
obs_002795,train,train,3RScan,0cac7646-8d6f-2d13-8d24-1bc724028d31,train/obs_002795,train/obs_002795/metadata.json,obs_014,LEARNABLE,0.01,"[128,192]",3RScan:0cac7648-8d6f-2d13-8e30-76663c19baa4,calibration,False,0,3RScan,
obs_001558,train,train,3RScan,422885af-192d-25fc-8651-420062adb475,train/obs_001558,train/obs_001558/metadata.json,obs_003,LEARNABLE,0.01,"[128,192]",3RScan:422885af-192d-25fc-8651-420062adb475,calibration,True,0,3RScan,
obs_010428,train,train,3RScan,422885e0-192d-25fc-844a-62e395291839,train/obs_010428,train/obs_010428/metadata.json,obs_023,LEARNABLE,0.01,"[128,192]",3RScan:422885e0-192d-25fc-844a-62e395291839,calibration,True,0,3RScan,
obs_009401,train,train,3RScan,5555106a-36f1-29c0-8913-df1ba3c3cfd5,train/obs_009401,train/obs_009401/metadata.json,obs_003,LEARNABLE,0.01,"[128,192]",3RScan:d7d40d62-7a5d-2b36-955e-86a394caeabb,calibration,True,0,3RScan,
obs_008158,train,train,3RScan,63b87cf1-ef3f-28f2-871a-c1551f129ce6,train/obs_008158,train/obs_008158/metadata.json,obs_013,LEARNABLE,0.01,"[128,192]",3RScan:63b87cf1-ef3f-28f2-871a-c1551f129ce6,calibration,True,0,3RScan,
obs_010089,train,train,3RScan,752cc57f-920c-26f5-8e8d-1f9d567cffd7,train/obs_010089,train/obs_010089/metadata.json,obs_003,LEARNABLE,0.01,"[128,192]",3RScan:752cc57f-920c-26f5-8e8d-1f9d567cffd7,calibration,True,0,3RScan,
obs_021740,train,train,3RScan,5341b79f-8a66-2cdd-84d5-6dba6525dd75,train/obs_021740,train/obs_021740/metadata.json,obs_023,LEARNABLE,0.01,"[128,192]",3RScan:5341b79f-8a66-2cdd-84d5-6dba6525dd75,calibration,False,0,3RScan,
obs_007010,train,train,3RScan,8eabc443-5af7-2f32-866f-bd64e5df6196,train/obs_007010,train/obs_007010/metadata.json,obs_005,LEARNABLE,0.01,"[128,192]",3RScan:41385827-a238-2435-8320-d8d3eb507f5e,calibration,True,0,3RScan,
obs_008473,train,train,3RScan,1d234010-e280-2b1a-8da8-205855a16b6b,train/obs_008473,train/obs_008473/metadata.json,obs_004,LEARNABLE,0.01,"[128,192]",3RScan:1d234010-e280-2b1a-8da8-205855a16b6b,calibration,True,0,3RScan,old_train_or_checkpoint_validation
obs_017879,train,train,3RScan,6bde60a7-9162-246f-8c6b-2f431eb7cb26,train/obs_017879,train/obs_017879/metadata.json,obs_003,LEARNABLE,0.01,"[128,192]",3RScan:6bde60a9-9162-246f-8f1a-2441db12c4d1,calibration,False,0,3RScan,
obs_012827,train,train,3RScan,1d2f8514-d757-207c-8e40-377957df6f67,train/obs_012827,train/obs_012827/metadata.json,obs_010,LEARNABLE,0.01,"[128,192]",3RScan:1d2f8514-d757-207c-8e40-377957df6f67,calibration,True,0,3RScan,
obs_010054,test,train,3RScan,0958222f-e2c2-2de1-94fd-986561908cee,train/obs_010054,train/obs_010054/metadata.json,obs_004,LEARNABLE,0.01,"[128,192]",3RScan:09582244-e2c2-2de1-956c-357092d949d1,calibration,True,0,3RScan,
obs_014411,train,train,3RScan,4e858c9f-fd93-2cb4-8427-8d729dcc80ae,train/obs_014411,train/obs_014411/metadata.json,obs_005,LEARNABLE,0.01,"[128,192]",3RScan:4e858ca1-fd93-2cb4-84b6-490997979830,calibration,True,0,3RScan,
obs_006884,train,train,3RScan,6bde608b-9162-246f-8d16-901b429b2563,train/obs_006884,train/obs_006884/metadata.json,obs_022,LEARNABLE,0.01,"[128,192]",3RScan:6bde608b-9162-246f-8d16-901b429b2563,calibration,True,0,3RScan,
obs_014800,train,train,3RScan,6bde60cf-9162-246f-8f98-6355d75494c2,train/obs_014800,train/obs_014800/metadata.json,obs_019,LEARNABLE,0.01,"[128,192]",3RScan:6bde60cb-9162-246f-8cf5-d04f7426e56f,calibration,True,0,3RScan,
obs_024157,train,train,3RScan,1d234004-e280-2b1a-8ec8-560046b9fc96,train/obs_024157,train/obs_024157/metadata.json,obs_001,LEARNABLE,0.01,"[128,192]",3RScan:1d234004-e280-2b1a-8ec8-560046b9fc96,calibration,True,0,3RScan,
obs_001272,train,train,3RScan,0988ea78-eb32-2e61-80ee-e4a44170bce9,train/obs_001272,train/obs_001272/metadata.json,obs_012,LEARNABLE,0.01,"[128,192]",3RScan:0988ea78-eb32-2e61-80ee-e4a44170bce9,calibration,True,0,3RScan,
obs_008288,validation,train,3RScan,bcb0fe04-4f39-2c70-9f03-d0eec592de24,train/obs_008288,train/obs_008288/metadata.json,obs_017,EASY,0.01,"[128,192]",3RScan:bcb0fe06-4f39-2c70-9c24-a8dd7496c2f8,calibration,False,0,3RScan,parent_pilot_development
obs_021108,train,train,3RScan,eee5b052-ee2d-28f4-99fd-c3c5380db25e,train/obs_021108,train/obs_021108/metadata.json,obs_022,LEARNABLE,0.01,"[128,192]",3RScan:eee5b056-ee2d-28f4-9bbe-f7ddf37895a6,calibration,True,0,3RScan,
obs_014596,train,train,3RScan,10b17965-3938-2467-8997-5dabffaa41a9,train/obs_014596,train/obs_014596/metadata.json,obs_011,LEARNABLE,0.01,"[128,192]",3RScan:9c27de4d-6184-2cda-80c6-174eddb07154,calibration,True,0,3RScan,
obs_055905,validation,train,ARKitScenes,45662996_3dod_mesh,train/obs_055905,train/obs_055905/metadata.json,obs_023,LEARNABLE,0.01,"[128,192]",ARKitScenes:468779,calibration,True,0,ARKitScenes,
obs_067993,validation,train,ARKitScenes,47430385_3dod_mesh,train/obs_067993,train/obs_067993/metadata.json,obs_003,LEARNABLE,0.01,"[128,192]",ARKitScenes:471163,calibration,True,0,ARKitScenes,
obs_091465,train,train,ARKitScenes,42897973_3dod_mesh,train/obs_091465,train/obs_091465/metadata.json,obs_009,LEARNABLE,0.01,"[128,192]",ARKitScenes:423322,calibration,False,0,ARKitScenes,
obs_035472,train,train,ARKitScenes,42445128_3dod_mesh,train/obs_035472,train/obs_035472/metadata.json,obs_016,LEARNABLE,0.01,"[128,192]",ARKitScenes:420687,calibration,True,0,ARKitScenes,parent_pilot_development
obs_073936,train,train,ARKitScenes,41048249_3dod_mesh,train/obs_073936,train/obs_073936/metadata.json,obs_019,EASY,0.01,"[128,192]",ARKitScenes:381652,calibration,True,0,ARKitScenes,
obs_063616,train,train,ARKitScenes,47332107_3dod_mesh,train/obs_063616,train/obs_063616/metadata.json,obs_013,LEARNABLE,0.01,"[128,192]",ARKitScenes:471032,calibration,False,0,ARKitScenes,
obs_028488,train,train,ARKitScenes,47332462_3dod_mesh,train/obs_028488,train/obs_028488/metadata.json,obs_021,EASY,0.01,"[128,192]",ARKitScenes:472309,calibration,True,0,ARKitScenes,
obs_027446,train,train,ARKitScenes,42898586_3dod_mesh,train/obs_027446,train/obs_027446/metadata.json,obs_003,LEARNABLE,0.01,"[128,192]",ARKitScenes:434695,calibration,False,0,ARKitScenes,old_train_or_checkpoint_validation
obs_038179,train,train,ARKitScenes,47430023_3dod_mesh,train/obs_038179,train/obs_038179/metadata.json,obs_011,LEARNABLE,0.01,"[128,192]",ARKitScenes:470516,calibration,True,0,ARKitScenes,
obs_078467,train,train,ARKitScenes,42446467_3dod_mesh,train/obs_078467,train/obs_078467/metadata.json,obs_001,LEARNABLE,0.01,"[128,192]",ARKitScenes:422523,calibration,True,0,ARKitScenes,
obs_040906,train,train,ARKitScenes,47333899_3dod_mesh,train/obs_040906,train/obs_040906/metadata.json,obs_012,EASY,0.01,"[128,192]",ARKitScenes:467314,calibration,False,0,ARKitScenes,
obs_061254,train,train,ARKitScenes,47334525_3dod_mesh,train/obs_061254,train/obs_061254/metadata.json,obs_000,EASY,0.01,"[128,192]",ARKitScenes:468136,calibration,True,0,ARKitScenes,
obs_081608,validation,train,ARKitScenes,48018545_3dod_mesh,train/obs_081608,train/obs_081608/metadata.json,obs_011,EASY,0.01,"[128,192]",ARKitScenes:483303,calibration,False,0,ARKitScenes,
obs_054247,train,train,ARKitScenes,41098166_3dod_mesh,train/obs_054247,train/obs_054247/metadata.json,obs_022,LEARNABLE,0.01,"[128,192]",ARKitScenes:382143,calibration,True,0,ARKitScenes,
obs_031872,validation,train,ARKitScenes,48017903_3dod_mesh,train/obs_031872,train/obs_031872/metadata.json,obs_002,LEARNABLE,0.01,"[128,192]",ARKitScenes:482861,calibration,False,0,ARKitScenes,
obs_088970,train,train,ARKitScenes,47331558_3dod_mesh,train/obs_088970,train/obs_088970/metadata.json,obs_018,LEARNABLE,0.01,"[128,192]",ARKitScenes:466876,calibration,True,0,ARKitScenes,
obs_068519,train,train,ARKitScenes,47204680_3dod_mesh,train/obs_068519,train/obs_068519/metadata.json,obs_022,LEARNABLE,0.01,"[128,192]",ARKitScenes:472035,calibration,True,0,ARKitScenes,
obs_052017,train,train,ARKitScenes,47115137_3dod_mesh,train/obs_052017,train/obs_052017/metadata.json,obs_003,EASY,0.01,"[128,192]",ARKitScenes:469617,calibration,True,0,ARKitScenes,
obs_049182,train,train,ARKitScenes,42899920_3dod_mesh,train/obs_049182,train/obs_049182/metadata.json,obs_005,LEARNABLE,0.01,"[128,192]",ARKitScenes:435673,calibration,False,0,ARKitScenes,
obs_092017,train,train,ARKitScenes,42899357_3dod_mesh,train/obs_092017,train/obs_092017/metadata.json,obs_015,LEARNABLE,0.01,"[128,192]",ARKitScenes:434907,calibration,True,0,ARKitScenes,old_train_or_checkpoint_validation
obs_046127,train,train,ARKitScenes,44796446_3dod_mesh,train/obs_046127,train/obs_046127/metadata.json,obs_003,EASY,0.01,"[128,192]",ARKitScenes:464981,calibration,True,0,ARKitScenes,
obs_067386,train,train,ARKitScenes,44358718_3dod_mesh,train/obs_067386,train/obs_067386/metadata.json,obs_009,LEARNABLE,0.01,"[128,192]",ARKitScenes:464760,calibration,True,0,ARKitScenes,
obs_077615,train,train,ARKitScenes,42899065_3dod_mesh,train/obs_077615,train/obs_077615/metadata.json,obs_013,EASY,0.01,"[128,192]",ARKitScenes:434623,calibration,True,0,ARKitScenes,
obs_141060,validation,train,Matterport3D,82sE5b5pLXE_region_segmentations_region0.ply,train/obs_141060,train/obs_141060/metadata.json,obs_013,EASY,0.01,"[128,192]",Matterport3D:82sE5b5pLXE,calibration,True,0,Matterport3D,
obs_118559,train,train,Matterport3D,oLBMNvg9in8_region_segmentations_region16.ply,train/obs_118559,train/obs_118559/metadata.json,obs_009,EASY,0.01,"[128,192]",Matterport3D:oLBMNvg9in8,calibration,True,0,Matterport3D,old_train_or_checkpoint_validation|parent_pilot_development
obs_125538,train,train,Matterport3D,yqstnuAEVhm_region_segmentations_region18.ply,train/obs_125538,train/obs_125538/metadata.json,obs_011,EASY,0.01,"[128,192]",Matterport3D:yqstnuAEVhm,calibration,True,0,Matterport3D,old_train_or_checkpoint_validation|parent_pilot_development
obs_130905,train,train,Matterport3D,qoiz87JEwZ2_region_segmentations_region9.ply,train/obs_130905,train/obs_130905/metadata.json,obs_018,EASY,0.01,"[128,192]",Matterport3D:qoiz87JEwZ2,calibration,True,0,Matterport3D,
obs_117275,validation,train,Matterport3D,JmbYfDe2QKZ_region_segmentations_region10.ply,train/obs_117275,train/obs_117275/metadata.json,obs_009,LEARNABLE,0.01,"[128,192]",Matterport3D:JmbYfDe2QKZ,calibration,True,0,Matterport3D,old_train_or_checkpoint_validation|parent_pilot_development
obs_131555,train,train,Matterport3D,ZMojNkEp431_region_segmentations_region10.ply,train/obs_131555,train/obs_131555/metadata.json,obs_023,LEARNABLE,0.01,"[128,192]",Matterport3D:ZMojNkEp431,calibration,True,0,Matterport3D,
obs_120171,train,train,Matterport3D,UwV83HsGsw3_region_segmentations_region0.ply,train/obs_120171,train/obs_120171/metadata.json,obs_015,LEARNABLE,0.01,"[128,192]",Matterport3D:UwV83HsGsw3,calibration,True,0,Matterport3D,old_train_or_checkpoint_validation|parent_pilot_development
obs_103401,train,train,Matterport3D,5q7pvUzZiYa_region_segmentations_region1.ply,train/obs_103401,train/obs_103401/metadata.json,obs_013,EASY,0.01,"[128,192]",Matterport3D:5q7pvUzZiYa,calibration,True,0,Matterport3D,parent_pilot_development
obs_145947,train,train,ScanNet,scene0037_00,train/obs_145947,train/obs_145947/metadata.json,obs_002,LEARNABLE,0.01,"[128,192]",ScanNet:scene0037,calibration,False,0,ScanNet,parent_pilot_development
obs_169038,train,train,ScanNet,scene0415_00,train/obs_169038,train/obs_169038/metadata.json,obs_010,LEARNABLE,0.01,"[128,192]",ScanNet:scene0415,calibration,True,0,ScanNet,
obs_168039,train,train,ScanNet,scene0375_01,train/obs_168039,train/obs_168039/metadata.json,obs_018,LEARNABLE,0.01,"[128,192]",ScanNet:scene0375,calibration,True,0,ScanNet,
obs_158983,train,train,ScanNet,scene0593_01,train/obs_158983,train/obs_158983/metadata.json,obs_023,EASY,0.01,"[128,192]",ScanNet:scene0593,calibration,False,0,ScanNet,
obs_153455,train,train,ScanNet,scene0030_00,train/obs_153455,train/obs_153455/metadata.json,obs_008,EASY,0.01,"[128,192]",ScanNet:scene0030,calibration,True,0,ScanNet,old_train_or_checkpoint_validation
obs_155491,train,train,ScanNet,scene0506_00,train/obs_155491,train/obs_155491/metadata.json,obs_013,EASY,0.01,"[128,192]",ScanNet:scene0506,calibration,False,0,ScanNet,
obs_153292,train,train,ScanNet,scene0549_00,train/obs_153292,train/obs_153292/metadata.json,obs_002,LEARNABLE,0.01,"[128,192]",ScanNet:scene0549,calibration,True,0,ScanNet,
obs_162703,train,train,ScanNet,scene0141_00,train/obs_162703,train/obs_162703/metadata.json,obs_009,EASY,0.01,"[128,192]",ScanNet:scene0141,calibration,True,0,ScanNet,
obs_164136,train,train,ScanNet,scene0250_00,train/obs_164136,train/obs_164136/metadata.json,obs_007,EASY,0.01,"[128,192]",ScanNet:scene0250,calibration,True,0,ScanNet,
obs_157995,train,train,ScanNet,scene0251_00,train/obs_157995,train/obs_157995/metadata.json,obs_001,LEARNABLE,0.01,"[128,192]",ScanNet:scene0251,calibration,False,0,ScanNet,
obs_164530,train,train,ScanNet,scene0693_00,train/obs_164530,train/obs_164530/metadata.json,obs_012,EASY,0.01,"[128,192]",ScanNet:scene0693,calibration,True,0,ScanNet,
obs_161966,train,train,ScanNet,scene0544_00,train/obs_161966,train/obs_161966/metadata.json,obs_019,EASY,0.01,"[128,192]",ScanNet:scene0544,calibration,True,0,ScanNet,
obs_148503,train,train,ScanNet,scene0062_01,train/obs_148503,train/obs_148503/metadata.json,obs_016,EASY,0.01,"[128,192]",ScanNet:scene0062,calibration,True,0,ScanNet,
obs_161162,train,train,ScanNet,scene0059_01,train/obs_161162,train/obs_161162/metadata.json,obs_022,LEARNABLE,0.01,"[128,192]",ScanNet:scene0059,calibration,True,0,ScanNet,
obs_164811,train,train,ScanNet,scene0117_00,train/obs_164811,train/obs_164811/metadata.json,obs_020,EASY,0.01,"[128,192]",ScanNet:scene0117,calibration,False,0,ScanNet,
obs_152004,test,train,ScanNet,scene0185_00,train/obs_152004,train/obs_152004/metadata.json,obs_008,LEARNABLE,0.01,"[128,192]",ScanNet:scene0185,calibration,True,0,ScanNet,
obs_158795,train,train,ScanNet,scene0645_01,train/obs_158795,train/obs_158795/metadata.json,obs_008,LEARNABLE,0.01,"[128,192]",ScanNet:scene0645,calibration,True,0,ScanNet,
obs_166076,train,train,ScanNet,scene0221_01,train/obs_166076,train/obs_166076/metadata.json,obs_010,EASY,0.01,"[128,192]",ScanNet:scene0221,calibration,True,0,ScanNet,
obs_159676,train,train,ScanNet,scene0085_01,train/obs_159676,train/obs_159676/metadata.json,obs_012,EASY,0.01,"[128,192]",ScanNet:scene0085,calibration,True,0,ScanNet,
obs_143134,train,train,ScanNet,scene0213_00,train/obs_143134,train/obs_143134/metadata.json,obs_013,EASY,0.01,"[128,192]",ScanNet:scene0213,calibration,False,0,ScanNet,
obs_159023,train,train,ScanNet,scene0467_00,train/obs_159023,train/obs_159023/metadata.json,obs_011,EASY,0.01,"[128,192]",ScanNet:scene0467,calibration,True,0,ScanNet,
obs_161220,train,train,ScanNet,scene0673_04,train/obs_161220,train/obs_161220/metadata.json,obs_017,EASY,0.01,"[128,192]",ScanNet:scene0673,calibration,True,0,ScanNet,
obs_149176,train,train,ScanNet,scene0476_02,train/obs_149176,train/obs_149176/metadata.json,obs_009,EASY,0.01,"[128,192]",ScanNet:scene0476,calibration,True,0,ScanNet,
obs_207012,train,train,ZInD,0644_floor_01_pano_4,train/obs_207012,train/obs_207012/metadata.json,obs_001,EASY,0.01,"[128,192]",ZInD:0644,calibration,True,0,ZInD,
obs_179856,train,train,ZInD,0205_floor_01_pano_23,train/obs_179856,train/obs_179856/metadata.json,obs_012,EASY,0.01,"[128,192]",ZInD:0205,calibration,True,0,ZInD,
obs_216799,train,train,ZInD,0475_floor_01_pano_47,train/obs_216799,train/obs_216799/metadata.json,obs_016,LEARNABLE,0.01,"[128,192]",ZInD:0475,calibration,True,0,ZInD,
obs_297896,train,train,ZInD,1315_floor_01_pano_0,train/obs_297896,train/obs_297896/metadata.json,obs_020,LEARNABLE,0.01,"[128,192]",ZInD:1315,calibration,True,0,ZInD,
obs_204099,train,train,ZInD,1001_floor_01_pano_50,train/obs_204099,train/obs_204099/metadata.json,obs_006,EASY,0.01,"[128,192]",ZInD:1001,calibration,True,0,ZInD,
obs_208339,train,train,ZInD,0380_floor_01_pano_51,train/obs_208339,train/obs_208339/metadata.json,obs_023,LEARNABLE,0.01,"[128,192]",ZInD:0380,calibration,True,0,ZInD,
obs_232333,train,train,ZInD,1460_floor_01_pano_7,train/obs_232333,train/obs_232333/metadata.json,obs_011,EASY,0.01,"[128,192]",ZInD:1460,calibration,True,0,ZInD,
obs_277035,train,train,ZInD,0023_floor_01_pano_18,train/obs_277035,train/obs_277035/metadata.json,obs_018,EASY,0.01,"[128,192]",ZInD:0023,calibration,True,0,ZInD,
obs_271199,train,train,ZInD,1304_floor_02_pano_31,train/obs_271199,train/obs_271199/metadata.json,obs_016,LEARNABLE,0.01,"[128,192]",ZInD:1304,calibration,True,0,ZInD,
obs_269232,train,train,ZInD,0702_floor_01_pano_57,train/obs_269232,train/obs_269232/metadata.json,obs_006,EASY,0.01,"[128,192]",ZInD:0702,calibration,True,0,ZInD,
obs_246737,train,train,ZInD,0355_floor_02_pano_42,train/obs_246737,train/obs_246737/metadata.json,obs_015,EASY,0.01,"[128,192]",ZInD:0355,calibration,True,0,ZInD,
obs_215660,train,train,ZInD,0829_floor_01_pano_13,train/obs_215660,train/obs_215660/metadata.json,obs_018,EASY,0.01,"[128,192]",ZInD:0829,calibration,True,0,ZInD,
obs_241973,train,train,ZInD,1434_floor_01_pano_13,train/obs_241973,train/obs_241973/metadata.json,obs_006,EASY,0.01,"[128,192]",ZInD:1434,calibration,True,0,ZInD,
obs_221167,train,train,ZInD,0716_floor_01_pano_33,train/obs_221167,train/obs_221167/metadata.json,obs_022,LEARNABLE,0.01,"[128,192]",ZInD:0716,calibration,True,0,ZInD,
obs_284059,train,train,ZInD,1192_floor_01_pano_38,train/obs_284059,train/obs_284059/metadata.json,obs_019,EASY,0.01,"[128,192]",ZInD:1192,calibration,False,0,ZInD,
obs_289728,train,train,ZInD,1390_floor_01_pano_13,train/obs_289728,train/obs_289728/metadata.json,obs_007,EASY,0.01,"[128,192]",ZInD:1390,calibration,True,0,ZInD,
obs_266785,validation,train,ZInD,1198_floor_01_pano_34,train/obs_266785,train/obs_266785/metadata.json,obs_001,EASY,0.01,"[128,192]",ZInD:1198,calibration,False,0,ZInD,
obs_210488,train,train,ZInD,0952_floor_02_pano_69,train/obs_210488,train/obs_210488/metadata.json,obs_021,LEARNABLE,0.01,"[128,192]",ZInD:0952,calibration,True,0,ZInD,
obs_214870,train,train,ZInD,1199_floor_01_pano_16,train/obs_214870,train/obs_214870/metadata.json,obs_001,EASY,0.01,"[128,192]",ZInD:1199,calibration,True,0,ZInD,
obs_172562,train,train,ZInD,0136_floor_02_pano_47,train/obs_172562,train/obs_172562/metadata.json,obs_005,EASY,0.01,"[128,192]",ZInD:0136,calibration,True,0,ZInD,
obs_001305,train,train,3RScan,d7d40d6e-7a5d-2b36-9548-8c19e9b50063,train/obs_001305,train/obs_001305/metadata.json,obs_010,LEARNABLE,0.01,"[128,192]",3RScan:d7d40d6c-7a5d-2b36-9674-c435fa58a2d1,validation,True,0,3RScan,
obs_008486,validation,train,3RScan,5104a9cd-adc4-2a85-91f5-8030e69ee955,train/obs_008486,train/obs_008486/metadata.json,obs_017,EASY,0.01,"[128,192]",3RScan:5104a9c7-adc4-2a85-9026-45557dcf9a87,validation,True,0,3RScan,old_train_or_checkpoint_validation
obs_007610,train,train,3RScan,c7895f17-339c-2d13-8123-7faaa5ff50e6,train/obs_007610,train/obs_007610/metadata.json,obs_004,LEARNABLE,0.01,"[128,192]",3RScan:0cac758d-8d6f-2d13-8d21-9133668b4d7d,validation,True,0,3RScan,
obs_014873,train,train,3RScan,fcf66d8a-622d-291c-8429-0e1109c6bb26,train/obs_014873,train/obs_014873/metadata.json,obs_010,EASY,0.01,"[128,192]",3RScan:02b33e01-be2b-2d54-93fb-4145a709cec5,validation,True,0,3RScan,
obs_011104,test,train,3RScan,ad408c85-84db-2095-8af3-11fbabe6d684,train/obs_011104,train/obs_011104/metadata.json,obs_021,LEARNABLE,0.01,"[128,192]",3RScan:ad408c83-84db-2095-8aa4-924f966af2dc,validation,True,0,3RScan,
obs_008045,train,train,3RScan,b1d87fb6-e72e-2c8c-9eb0-c7a40f6f4877,train/obs_008045,train/obs_008045/metadata.json,obs_021,EASY,0.01,"[128,192]",3RScan:b1d87fae-e72e-2c8c-9cf3-c927fdb7c685,validation,True,0,3RScan,
obs_011289,train,train,3RScan,b8837e32-57ec-29c6-893c-77fce535b159,train/obs_011289,train/obs_011289/metadata.json,obs_004,LEARNABLE,0.01,"[128,192]",3RScan:b8837e34-57ec-29c6-8b50-775098de406a,validation,True,0,3RScan,
obs_014321,train,train,3RScan,8eabc463-5af7-2f32-8537-22977a89efdd,train/obs_014321,train/obs_014321/metadata.json,obs_023,LEARNABLE,0.01,"[128,192]",3RScan:8eabc463-5af7-2f32-8537-22977a89efdd,validation,False,0,3RScan,
obs_006178,test,train,3RScan,7747a50c-9431-24e8-877d-e60c3a341cc2,train/obs_006178,train/obs_006178/metadata.json,obs_019,LEARNABLE,0.01,"[128,192]",3RScan:7747a50c-9431-24e8-877d-e60c3a341cc2,validation,True,0,3RScan,
obs_013470,train,train,3RScan,d63767be-3205-226c-9a89-3a27969053a7,train/obs_013470,train/obs_013470/metadata.json,obs_001,EASY,0.01,"[128,192]",3RScan:d63767be-3205-226c-9a89-3a27969053a7,validation,False,0,3RScan,parent_pilot_development
obs_016844,train,train,3RScan,0cac75c4-8d6f-2d13-8c37-fcfaf141ae5a,train/obs_016844,train/obs_016844/metadata.json,obs_003,EASY,0.01,"[128,192]",3RScan:0cac75c4-8d6f-2d13-8c37-fcfaf141ae5a,validation,True,0,3RScan,parent_pilot_development
obs_008082,validation,train,3RScan,baf67395-8e94-22f8-8100-9c9d7ce1c2b7,train/obs_008082,train/obs_008082/metadata.json,obs_021,LEARNABLE,0.01,"[128,192]",3RScan:baf67395-8e94-22f8-8100-9c9d7ce1c2b7,validation,False,0,3RScan,
obs_003634,train,train,3RScan,bcb0fe2b-4f39-2c70-9d6b-5e92d634ac35,train/obs_003634,train/obs_003634/metadata.json,obs_008,LEARNABLE,0.01,"[128,192]",3RScan:bcb0fe2d-4f39-2c70-9d1a-49a4a6868d7d,validation,False,0,3RScan,
obs_017423,train,train,3RScan,e61b0e02-bada-2f31-82d0-80fc5c70bd6f,train/obs_017423,train/obs_017423/metadata.json,obs_000,LEARNABLE,0.01,"[128,192]",3RScan:e61b0e04-bada-2f31-82d6-72831a602ba7,validation,True,0,3RScan,
obs_009885,train,train,3RScan,baf673a4-8e94-22f8-83af-b4e879365685,train/obs_009885,train/obs_009885/metadata.json,obs_021,EASY,0.01,"[128,192]",3RScan:baf673a6-8e94-22f8-8047-575f7de04f21,validation,False,0,3RScan,
obs_003621,train,train,3RScan,a0905ff4-66f7-2272-9e2c-823789eb613a,train/obs_003621,train/obs_003621/metadata.json,obs_012,EASY,0.01,"[128,192]",3RScan:a0905ffa-66f7-2272-9ca9-24c7ec00f34f,validation,False,0,3RScan,
obs_009206,train,train,3RScan,87e6cf6b-9d1a-289f-866c-b90904d9487d,train/obs_009206,train/obs_009206/metadata.json,obs_002,LEARNABLE,0.01,"[128,192]",3RScan:f62fd5f4-9a3f-2f44-8b81-246b93170189,validation,True,0,3RScan,
obs_021819,train,train,3RScan,c7895f0d-339c-2d13-837c-6e5d8b7be7a8,train/obs_021819,train/obs_021819/metadata.json,obs_023,EASY,0.01,"[128,192]",3RScan:c7895f0d-339c-2d13-837c-6e5d8b7be7a8,validation,True,0,3RScan,
obs_017919,train,train,3RScan,1d233fe6-e280-2b1a-8caf-eb0d13a59ad6,train/obs_017919,train/obs_017919/metadata.json,obs_020,LEARNABLE,0.01,"[128,192]",3RScan:1d233fe8-e280-2b1a-8fac-c3646a1cd64a,validation,False,0,3RScan,
obs_023137,validation,train,3RScan,185d7429-3698-223c-8a42-8c2d18d51531,train/obs_023137,train/obs_023137/metadata.json,obs_000,LEARNABLE,0.01,"[128,192]",3RScan:185d7423-3698-223c-8879-80ad9339afce,validation,True,0,3RScan,old_train_or_checkpoint_validation
obs_000462,train,train,3RScan,1c21154c-f201-2d25-875c-01ab18e03231,train/obs_000462,train/obs_000462/metadata.json,obs_018,LEARNABLE,0.01,"[128,192]",3RScan:d63767c3-3205-226c-98c2-fdccc047d36e,validation,True,0,3RScan,
obs_022513,train,train,3RScan,68bae770-3567-2f7c-80b4-0ff21a8fee10,train/obs_022513,train/obs_022513/metadata.json,obs_012,LEARNABLE,0.01,"[128,192]",3RScan:68bae772-3567-2f7c-804c-d77a47cdc508,validation,True,0,3RScan,
obs_021515,train,train,3RScan,00d42bef-778d-2ac6-848a-008ef6c19ad6,train/obs_021515,train/obs_021515/metadata.json,obs_004,LEARNABLE,0.01,"[128,192]",3RScan:00d42bed-778d-2ac6-86a7-0e0e5f5f5660,validation,True,0,3RScan,parent_pilot_development
obs_010897,train,train,3RScan,75c2599b-9ca2-2844-9683-a503346d840a,train/obs_010897,train/obs_010897/metadata.json,obs_004,LEARNABLE,0.01,"[128,192]",3RScan:5341b7c1-8a66-2cdd-853b-598d8f2780ce,validation,False,0,3RScan,
obs_020480,train,train,3RScan,095821f9-e2c2-2de1-9707-8f735cd1c148,train/obs_020480,train/obs_020480/metadata.json,obs_017,EASY,0.01,"[128,192]",3RScan:095821f7-e2c2-2de1-9568-b9ce59920e29,validation,False,0,3RScan,parent_pilot_development
obs_019725,train,train,3RScan,6bde60a1-9162-246f-8c51-a147225db6bd,train/obs_019725,train/obs_019725/metadata.json,obs_022,LEARNABLE,0.01,"[128,192]",3RScan:6bde60a3-9162-246f-8ca3-48f7e86e95b8,validation,True,0,3RScan,
obs_011430,train,train,3RScan,77361fc6-d054-2a22-8971-e4faf5504a44,train/obs_011430,train/obs_011430/metadata.json,obs_014,LEARNABLE,0.01,"[128,192]",3RScan:77361fc6-d054-2a22-8971-e4faf5504a44,validation,True,0,3RScan,
obs_001849,train,train,3RScan,6a360547-fa53-2915-9606-a90f1c737290,train/obs_001849,train/obs_001849/metadata.json,obs_016,EASY,0.01,"[128,192]",3RScan:13124cbe-cec3-27a6-8745-6e02a03494d2,validation,False,0,3RScan,old_train_or_checkpoint_validation|published_development_gallery
obs_020725,train,train,3RScan,74ef8472-9dce-2d66-83c0-35cded3dcea0,train/obs_020725,train/obs_020725/metadata.json,obs_009,EASY,0.01,"[128,192]",3RScan:352e9c30-69fb-27a7-8b19-c703f0e190da,validation,True,0,3RScan,
obs_000641,train,train,3RScan,1d234000-e280-2b1a-8d5e-bd2403a8dbfa,train/obs_000641,train/obs_000641/metadata.json,obs_010,LEARNABLE,0.01,"[128,192]",3RScan:1d234002-e280-2b1a-8c8d-6aafb5b35a24,validation,True,0,3RScan,
obs_014941,train,train,3RScan,4d3d82b6-8cf4-2e04-830a-4303fa0e79c7,train/obs_014941,train/obs_014941/metadata.json,obs_022,EASY,0.01,"[128,192]",3RScan:4d3d82b6-8cf4-2e04-830a-4303fa0e79c7,validation,False,0,3RScan,old_train_or_checkpoint_validation
obs_003803,train,train,3RScan,ad408c93-84db-2095-8829-6100d1b70d80,train/obs_003803,train/obs_003803/metadata.json,obs_018,LEARNABLE,0.01,"[128,192]",3RScan:ad408c8f-84db-2095-8a45-03100fbc4f86,validation,True,0,3RScan,
obs_002949,train,train,3RScan,751a55a5-fe61-2c3b-8d49-350e8169e05e,train/obs_002949,train/obs_002949/metadata.json,obs_004,LEARNABLE,0.01,"[128,192]",3RScan:751a55a5-fe61-2c3b-8d49-350e8169e05e,validation,True,0,3RScan,
obs_022357,train,train,3RScan,3b7b33b1-1b11-283e-9ac0-8843e072d7d5,train/obs_022357,train/obs_022357/metadata.json,obs_012,EASY,0.01,"[128,192]",3RScan:80b8588f-4a8d-222f-8712-eaa02a5450a9,validation,False,0,3RScan,
obs_008415,train,train,3RScan,8eabc449-5af7-2f32-8669-f776ccecc6fa,train/obs_008415,train/obs_008415/metadata.json,obs_021,LEARNABLE,0.01,"[128,192]",3RScan:75c25973-9ca2-2844-96f4-90cd531364ac,validation,False,0,3RScan,old_train_or_checkpoint_validation
obs_022723,validation,train,3RScan,569d8f13-72aa-2f24-8b64-3bde3b0603ab,train/obs_022723,train/obs_022723/metadata.json,obs_006,EASY,0.01,"[128,192]",3RScan:569d8f13-72aa-2f24-8b64-3bde3b0603ab,validation,True,0,3RScan,
obs_022625,validation,train,3RScan,0ad2d391-79e2-2212-98a3-7e2440884395,train/obs_022625,train/obs_022625/metadata.json,obs_008,EASY,0.01,"[128,192]",3RScan:0ad2d38f-79e2-2212-98d2-9b5060e5e9b5,validation,False,0,3RScan,old_train_or_checkpoint_validation
obs_002831,train,train,3RScan,ab835fae-54c6-29a1-995e-b06cfc555786,train/obs_002831,train/obs_002831/metadata.json,obs_005,LEARNABLE,0.01,"[128,192]",3RScan:ab835fae-54c6-29a1-995e-b06cfc555786,validation,True,0,3RScan,parent_pilot_development
obs_022045,train,train,3RScan,ab835f98-54c6-29a1-9b55-b33723227477,train/obs_022045,train/obs_022045/metadata.json,obs_014,EASY,0.01,"[128,192]",3RScan:ab835f7d-54c6-29a1-9aae-bf97735dd235,validation,True,0,3RScan,
obs_003674,train,train,3RScan,7747a508-9431-24e8-863c-c53906506d8b,train/obs_003674,train/obs_003674/metadata.json,obs_022,LEARNABLE,0.01,"[128,192]",3RScan:7747a50a-9431-24e8-85c6-3488c128ac26,validation,False,0,3RScan,parent_pilot_development
obs_010924,train,train,3RScan,0cac768c-8d6f-2d13-8cc8-7ace156fc3e7,train/obs_010924,train/obs_010924/metadata.json,obs_005,EASY,0.01,"[128,192]",3RScan:0cac768c-8d6f-2d13-8cc8-7ace156fc3e7,validation,True,0,3RScan,parent_pilot_development
obs_019421,train,train,3RScan,2e4a3964-d452-21a0-9de5-4f7895499143,train/obs_019421,train/obs_019421/metadata.json,obs_018,EASY,0.01,"[128,192]",3RScan:2e4a3964-d452-21a0-9de5-4f7895499143,validation,True,0,3RScan,
obs_024186,train,train,3RScan,6bde60c4-9162-246f-8c1e-b0c518544104,train/obs_024186,train/obs_024186/metadata.json,obs_022,EASY,0.01,"[128,192]",3RScan:6bde60c0-9162-246f-8d1f-32543babecfb,validation,False,0,3RScan,
obs_021864,train,train,3RScan,10b17934-3938-2467-8959-93297ad1b22d,train/obs_021864,train/obs_021864/metadata.json,obs_005,LEARNABLE,0.01,"[128,192]",3RScan:c92fb59e-f771-2064-8431-6a20d3396067,validation,True,0,3RScan,
obs_009424,train,train,3RScan,8f0f1437-55de-28ce-828e-dbf210a7f472,train/obs_009424,train/obs_009424/metadata.json,obs_010,EASY,0.01,"[128,192]",3RScan:8f0f1437-55de-28ce-828e-dbf210a7f472,validation,True,0,3RScan,parent_pilot_development
obs_008862,train,train,3RScan,dc42b378-8d5c-2d2a-8477-c1f077da4e56,train/obs_008862,train/obs_008862/metadata.json,obs_009,LEARNABLE,0.01,"[128,192]",3RScan:0cac7549-8d6f-2d13-8d56-b895956f571a,validation,False,0,3RScan,
obs_040078,validation,train,ARKitScenes,47895879_3dod_mesh,train/obs_040078,train/obs_040078/metadata.json,obs_007,LEARNABLE,0.01,"[128,192]",ARKitScenes:482617,validation,True,0,ARKitScenes,
obs_100470,test,train,ARKitScenes,42445021_3dod_mesh,train/obs_100470,train/obs_100470/metadata.json,obs_020,LEARNABLE,0.01,"[128,192]",ARKitScenes:421380,validation,False,0,ARKitScenes,
obs_050753,train,train,ARKitScenes,47430590_3dod_mesh,train/obs_050753,train/obs_050753/metadata.json,obs_022,LEARNABLE,0.01,"[128,192]",ARKitScenes:472068,validation,True,0,ARKitScenes,
obs_067851,train,train,ARKitScenes,47332980_3dod_mesh,train/obs_067851,train/obs_067851/metadata.json,obs_020,EASY,0.01,"[128,192]",ARKitScenes:469464,validation,False,0,ARKitScenes,
obs_090489,train,train,ARKitScenes,43649688_3dod_mesh,train/obs_090489,train/obs_090489/metadata.json,obs_013,LEARNABLE,0.01,"[128,192]",ARKitScenes:437157,validation,True,0,ARKitScenes,
obs_029935,validation,train,ARKitScenes,47204274_3dod_mesh,train/obs_029935,train/obs_029935/metadata.json,obs_004,LEARNABLE,0.01,"[128,192]",ARKitScenes:470998,validation,True,0,ARKitScenes,
obs_047911,test,train,ARKitScenes,43896069_3dod_mesh,train/obs_047911,train/obs_047911/metadata.json,obs_008,EASY,0.01,"[128,192]",ARKitScenes:438028,validation,True,0,ARKitScenes,
obs_066408,train,train,ARKitScenes,47895826_3dod_mesh,train/obs_066408,train/obs_066408/metadata.json,obs_020,LEARNABLE,0.01,"[128,192]",ARKitScenes:482633,validation,False,0,ARKitScenes,
obs_094860,train,train,ARKitScenes,42447308_3dod_mesh,train/obs_094860,train/obs_094860/metadata.json,obs_003,LEARNABLE,0.01,"[128,192]",ARKitScenes:422378,validation,True,0,ARKitScenes,
obs_058875,train,train,ARKitScenes,44358291_3dod_mesh,train/obs_058875,train/obs_058875/metadata.json,obs_017,LEARNABLE,0.01,"[128,192]",ARKitScenes:438966,validation,False,0,ARKitScenes,
obs_090772,train,train,ARKitScenes,43896382_3dod_mesh,train/obs_090772,train/obs_090772/metadata.json,obs_017,EASY,0.01,"[128,192]",ARKitScenes:438361,validation,True,0,ARKitScenes,
obs_042365,train,train,ARKitScenes,47670039_3dod_mesh,train/obs_042365,train/obs_042365/metadata.json,obs_000,LEARNABLE,0.01,"[128,192]",ARKitScenes:482230,validation,True,0,ARKitScenes,
obs_055012,train,train,ARKitScenes,42899247_3dod_mesh,train/obs_055012,train/obs_055012/metadata.json,obs_012,LEARNABLE,0.01,"[128,192]",ARKitScenes:434906,validation,True,0,ARKitScenes,
obs_095495,train,train,ARKitScenes,42899577_3dod_mesh,train/obs_095495,train/obs_095495/metadata.json,obs_005,EASY,0.01,"[128,192]",ARKitScenes:435341,validation,True,0,ARKitScenes,
obs_036551,validation,train,ARKitScenes,47334754_3dod_mesh,train/obs_036551,train/obs_036551/metadata.json,obs_011,LEARNABLE,0.01,"[128,192]",ARKitScenes:481808,validation,True,0,ARKitScenes,
obs_031019,train,train,ARKitScenes,41098106_3dod_mesh,train/obs_031019,train/obs_031019/metadata.json,obs_021,LEARNABLE,0.01,"[128,192]",ARKitScenes:381874,validation,True,0,ARKitScenes,
obs_051397,train,train,ARKitScenes,41124848_3dod_mesh,train/obs_051397,train/obs_051397/metadata.json,obs_004,LEARNABLE,0.01,"[128,192]",ARKitScenes:382141,validation,False,0,ARKitScenes,
obs_096808,train,train,ARKitScenes,43896260_3dod_mesh,train/obs_096808,train/obs_096808/metadata.json,obs_000,LEARNABLE,0.01,"[128,192]",ARKitScenes:438375,validation,False,0,ARKitScenes,
obs_069668,train,train,ARKitScenes,42899533_3dod_mesh,train/obs_069668,train/obs_069668/metadata.json,obs_020,LEARNABLE,0.01,"[128,192]",ARKitScenes:435358,validation,True,0,ARKitScenes,
obs_099330,train,train,ARKitScenes,47430608_3dod_mesh,train/obs_099330,train/obs_099330/metadata.json,obs_009,LEARNABLE,0.01,"[128,192]",ARKitScenes:472041,validation,True,0,ARKitScenes,old_train_or_checkpoint_validation
obs_026622,test,train,ARKitScenes,44358250_3dod_mesh,train/obs_026622,train/obs_026622/metadata.json,obs_022,EASY,0.01,"[128,192]",ARKitScenes:438804,validation,False,0,ARKitScenes,
obs_050052,train,train,ARKitScenes,42897677_3dod_mesh,train/obs_050052,train/obs_050052/metadata.json,obs_010,EASY,0.01,"[128,192]",ARKitScenes:422838,validation,True,0,ARKitScenes,
obs_066740,test,train,ARKitScenes,42898936_3dod_mesh,train/obs_066740,train/obs_066740/metadata.json,obs_016,LEARNABLE,0.01,"[128,192]",ARKitScenes:434638,validation,False,0,ARKitScenes,
obs_046878,train,train,ARKitScenes,47333882_3dod_mesh,train/obs_046878,train/obs_046878/metadata.json,obs_010,LEARNABLE,0.01,"[128,192]",ARKitScenes:467346,validation,True,0,ARKitScenes,
obs_060811,train,train,ARKitScenes,47332522_3dod_mesh,train/obs_060811,train/obs_060811/metadata.json,obs_000,LEARNABLE,0.01,"[128,192]",ARKitScenes:472356,validation,True,0,ARKitScenes,
obs_053541,train,train,ARKitScenes,42899657_3dod_mesh,train/obs_053541,train/obs_053541/metadata.json,obs_006,LEARNABLE,0.01,"[128,192]",ARKitScenes:435723,validation,True,0,ARKitScenes,
obs_027524,train,train,ARKitScenes,41159868_3dod_mesh,train/obs_027524,train/obs_027524/metadata.json,obs_020,LEARNABLE,0.01,"[128,192]",ARKitScenes:382620,validation,True,0,ARKitScenes,
obs_095363,train,train,ARKitScenes,41126700_3dod_mesh,train/obs_095363,train/obs_095363/metadata.json,obs_014,EASY,0.01,"[128,192]",ARKitScenes:382633,validation,True,0,ARKitScenes,
obs_032299,train,train,ARKitScenes,47430543_3dod_mesh,train/obs_032299,train/obs_032299/metadata.json,obs_000,LEARNABLE,0.01,"[128,192]",ARKitScenes:471667,validation,False,0,ARKitScenes,
obs_065438,train,train,ARKitScenes,44358419_3dod_mesh,train/obs_065438,train/obs_065438/metadata.json,obs_023,LEARNABLE,0.01,"[128,192]",ARKitScenes:455339,validation,True,0,ARKitScenes,
obs_074678,train,train,ARKitScenes,43649729_3dod_mesh,train/obs_074678,train/obs_074678/metadata.json,obs_022,LEARNABLE,0.01,"[128,192]",ARKitScenes:437219,validation,True,0,ARKitScenes,
obs_094914,train,train,ARKitScenes,41125248_3dod_mesh,train/obs_094914,train/obs_094914/metadata.json,obs_007,LEARNABLE,0.01,"[128,192]",ARKitScenes:382112,validation,True,0,ARKitScenes,
obs_033752,train,train,ARKitScenes,47332409_3dod_mesh,train/obs_033752,train/obs_033752/metadata.json,obs_004,LEARNABLE,0.01,"[128,192]",ARKitScenes:472034,validation,True,0,ARKitScenes,
obs_097462,train,train,ARKitScenes,41159368_3dod_mesh,train/obs_097462,train/obs_097462/metadata.json,obs_001,LEARNABLE,0.01,"[128,192]",ARKitScenes:381626,validation,True,0,ARKitScenes,
obs_032252,train,train,ARKitScenes,47331091_3dod_mesh,train/obs_032252,train/obs_032252/metadata.json,obs_018,LEARNABLE,0.01,"[128,192]",ARKitScenes:470296,validation,False,0,ARKitScenes,
obs_083158,train,train,ARKitScenes,47334392_3dod_mesh,train/obs_083158,train/obs_083158/metadata.json,obs_016,LEARNABLE,0.01,"[128,192]",ARKitScenes:468097,validation,False,0,ARKitScenes,
obs_058015,train,train,ARKitScenes,43649613_3dod_mesh,train/obs_058015,train/obs_058015/metadata.json,obs_018,LEARNABLE,0.01,"[128,192]",ARKitScenes:437165,validation,True,0,ARKitScenes,
obs_047101,train,train,ARKitScenes,43896304_3dod_mesh,train/obs_047101,train/obs_047101/metadata.json,obs_009,LEARNABLE,0.01,"[128,192]",ARKitScenes:438104,validation,False,0,ARKitScenes,old_train_or_checkpoint_validation
obs_085228,train,train,ARKitScenes,42445999_3dod_mesh,train/obs_085228,train/obs_085228/metadata.json,obs_017,EASY,0.01,"[128,192]",ARKitScenes:422010,validation,True,0,ARKitScenes,
obs_051343,train,train,ARKitScenes,43895995_3dod_mesh,train/obs_051343,train/obs_051343/metadata.json,obs_000,LEARNABLE,0.01,"[128,192]",ARKitScenes:437980,validation,True,0,ARKitScenes,
obs_072432,test,train,ARKitScenes,44796279_3dod_mesh,train/obs_072432,train/obs_072432/metadata.json,obs_003,EASY,0.01,"[128,192]",ARKitScenes:464754,validation,False,0,ARKitScenes,
obs_049136,train,train,ARKitScenes,48458519_3dod_mesh,train/obs_049136,train/obs_049136/metadata.json,obs_012,LEARNABLE,0.01,"[128,192]",ARKitScenes:484161,validation,True,0,ARKitScenes,
obs_039129,train,train,ARKitScenes,47429787_3dod_mesh,train/obs_039129,train/obs_039129/metadata.json,obs_020,LEARNABLE,0.01,"[128,192]",ARKitScenes:471389,validation,True,0,ARKitScenes,old_train_or_checkpoint_validation
obs_096089,train,train,ARKitScenes,47430814_3dod_mesh,train/obs_096089,train/obs_096089/metadata.json,obs_023,LEARNABLE,0.01,"[128,192]",ARKitScenes:469632,validation,True,0,ARKitScenes,
obs_052428,train,train,ARKitScenes,41098048_3dod_mesh,train/obs_052428,train/obs_052428/metadata.json,obs_013,LEARNABLE,0.01,"[128,192]",ARKitScenes:381881,validation,False,0,ARKitScenes,
obs_049285,train,train,ARKitScenes,48018512_3dod_mesh,train/obs_049285,train/obs_049285/metadata.json,obs_020,LEARNABLE,0.01,"[128,192]",ARKitScenes:483413,validation,True,0,ARKitScenes,parent_pilot_development
obs_126583,validation,train,Matterport3D,VFuaQ6m2Qom_region_segmentations_region10.ply,train/obs_126583,train/obs_126583/metadata.json,obs_013,EASY,0.01,"[128,192]",Matterport3D:VFuaQ6m2Qom,validation,True,0,Matterport3D,old_train_or_checkpoint_validation|parent_pilot_development
obs_125827,train,train,Matterport3D,Z6MFQCViBuw_region_segmentations_region3.ply,train/obs_125827,train/obs_125827/metadata.json,obs_015,EASY,0.01,"[128,192]",Matterport3D:Z6MFQCViBuw,validation,True,0,Matterport3D,parent_pilot_development
obs_142339,train,train,Matterport3D,YFuZgdQ5vWj_region_segmentations_region13.ply,train/obs_142339,train/obs_142339/metadata.json,obs_002,LEARNABLE,0.01,"[128,192]",Matterport3D:YFuZgdQ5vWj,validation,True,0,Matterport3D,old_train_or_checkpoint_validation|parent_pilot_development
obs_119116,train,train,Matterport3D,HxpKQynjfin_region_segmentations_region5.ply,train/obs_119116,train/obs_119116/metadata.json,obs_021,EASY,0.01,"[128,192]",Matterport3D:HxpKQynjfin,validation,True,0,Matterport3D,parent_pilot_development
obs_141392,train,train,Matterport3D,EDJbREhghzL_region_segmentations_region3.ply,train/obs_141392,train/obs_141392/metadata.json,obs_011,EASY,0.01,"[128,192]",Matterport3D:EDJbREhghzL,validation,True,0,Matterport3D,old_train_or_checkpoint_validation|parent_pilot_development
obs_130464,train,train,Matterport3D,B6ByNegPMKs_region_segmentations_region30.ply,train/obs_130464,train/obs_130464/metadata.json,obs_009,LEARNABLE,0.01,"[128,192]",Matterport3D:B6ByNegPMKs,validation,True,0,Matterport3D,old_train_or_checkpoint_validation|parent_pilot_development|published_development_gallery
obs_117554,train,train,Matterport3D,Uxmj2M2itWa_region_segmentations_region16.ply,train/obs_117554,train/obs_117554/metadata.json,obs_014,EASY,0.01,"[128,192]",Matterport3D:Uxmj2M2itWa,validation,True,0,Matterport3D,old_train_or_checkpoint_validation|parent_pilot_development
obs_113699,train,train,Matterport3D,rqfALeAoiTq_region_segmentations_region21.ply,train/obs_113699,train/obs_113699/metadata.json,obs_015,EASY,0.01,"[128,192]",Matterport3D:rqfALeAoiTq,validation,True,0,Matterport3D,old_train_or_checkpoint_validation|parent_pilot_development
obs_166481,train,train,ScanNet,scene0157_00,train/obs_166481,train/obs_166481/metadata.json,obs_010,LEARNABLE,0.01,"[128,192]",ScanNet:scene0157,validation,True,0,ScanNet,
obs_165123,train,train,ScanNet,scene0563_00,train/obs_165123,train/obs_165123/metadata.json,obs_004,EASY,0.01,"[128,192]",ScanNet:scene0563,validation,False,0,ScanNet,
obs_156513,validation,train,ScanNet,scene0299_01,train/obs_156513,train/obs_156513/metadata.json,obs_011,EASY,0.01,"[128,192]",ScanNet:scene0299,validation,True,0,ScanNet,
obs_155795,train,train,ScanNet,scene0083_00,train/obs_155795,train/obs_155795/metadata.json,obs_011,LEARNABLE,0.01,"[128,192]",ScanNet:scene0083,validation,True,0,ScanNet,
obs_157802,train,train,ScanNet,scene0041_00,train/obs_157802,train/obs_157802/metadata.json,obs_014,LEARNABLE,0.01,"[128,192]",ScanNet:scene0041,validation,True,0,ScanNet,
obs_158657,train,train,ScanNet,scene0489_00,train/obs_158657,train/obs_158657/metadata.json,obs_015,LEARNABLE,0.01,"[128,192]",ScanNet:scene0489,validation,True,0,ScanNet,parent_pilot_development
obs_151710,train,train,ScanNet,scene0093_00,train/obs_151710,train/obs_151710/metadata.json,obs_005,LEARNABLE,0.01,"[128,192]",ScanNet:scene0093,validation,True,0,ScanNet,
obs_160758,train,train,ScanNet,scene0169_00,train/obs_160758,train/obs_160758/metadata.json,obs_000,EASY,0.01,"[128,192]",ScanNet:scene0169,validation,True,0,ScanNet,
obs_146155,validation,train,ScanNet,scene0301_00,train/obs_146155,train/obs_146155/metadata.json,obs_003,LEARNABLE,0.01,"[128,192]",ScanNet:scene0301,validation,True,0,ScanNet,
obs_144369,train,train,ScanNet,scene0446_01,train/obs_144369,train/obs_144369/metadata.json,obs_010,LEARNABLE,0.01,"[128,192]",ScanNet:scene0446,validation,True,0,ScanNet,
obs_153000,train,train,ScanNet,scene0241_00,train/obs_153000,train/obs_153000/metadata.json,obs_012,EASY,0.01,"[128,192]",ScanNet:scene0241,validation,True,0,ScanNet,parent_pilot_development
obs_152093,train,train,ScanNet,scene0657_00,train/obs_152093,train/obs_152093/metadata.json,obs_003,EASY,0.01,"[128,192]",ScanNet:scene0657,validation,False,0,ScanNet,
obs_170174,test,train,ScanNet,scene0564_00,train/obs_170174,train/obs_170174/metadata.json,obs_021,LEARNABLE,0.01,"[128,192]",ScanNet:scene0564,validation,True,0,ScanNet,
obs_158404,train,train,ScanNet,scene0114_01,train/obs_158404,train/obs_158404/metadata.json,obs_023,LEARNABLE,0.01,"[128,192]",ScanNet:scene0114,validation,True,0,ScanNet,
obs_150937,train,train,ScanNet,scene0343_00,train/obs_150937,train/obs_150937/metadata.json,obs_000,EASY,0.01,"[128,192]",ScanNet:scene0343,validation,True,0,ScanNet,
obs_143894,test,train,ScanNet,scene0249_00,train/obs_143894,train/obs_143894/metadata.json,obs_020,EASY,0.01,"[128,192]",ScanNet:scene0249,validation,True,0,ScanNet,
obs_153526,train,train,ScanNet,scene0170_00,train/obs_153526,train/obs_153526/metadata.json,obs_016,LEARNABLE,0.01,"[128,192]",ScanNet:scene0170,validation,True,0,ScanNet,parent_pilot_development
obs_163050,test,train,ScanNet,scene0013_00,train/obs_163050,train/obs_163050/metadata.json,obs_022,EASY,0.01,"[128,192]",ScanNet:scene0013,validation,True,0,ScanNet,
obs_155950,train,train,ScanNet,scene0031_00,train/obs_155950,train/obs_155950/metadata.json,obs_022,LEARNABLE,0.01,"[128,192]",ScanNet:scene0031,validation,True,0,ScanNet,
obs_147425,train,train,ScanNet,scene0612_01,train/obs_147425,train/obs_147425/metadata.json,obs_023,LEARNABLE,0.01,"[128,192]",ScanNet:scene0612,validation,False,0,ScanNet,
obs_160817,train,train,ScanNet,scene0390_00,train/obs_160817,train/obs_160817/metadata.json,obs_001,EASY,0.01,"[128,192]",ScanNet:scene0390,validation,True,0,ScanNet,
obs_152107,train,train,ScanNet,scene0355_01,train/obs_152107,train/obs_152107/metadata.json,obs_008,LEARNABLE,0.01,"[128,192]",ScanNet:scene0355,validation,True,0,ScanNet,parent_pilot_development
obs_143752,train,train,ScanNet,scene0630_02,train/obs_143752,train/obs_143752/metadata.json,obs_018,EASY,0.01,"[128,192]",ScanNet:scene0630,validation,True,0,ScanNet,
obs_144926,train,train,ScanNet,scene0417_00,train/obs_144926,train/obs_144926/metadata.json,obs_018,LEARNABLE,0.01,"[128,192]",ScanNet:scene0417,validation,False,0,ScanNet,
obs_153648,train,train,ScanNet,scene0008_00,train/obs_153648,train/obs_153648/metadata.json,obs_008,LEARNABLE,0.01,"[128,192]",ScanNet:scene0008,validation,False,0,ScanNet,
obs_165467,train,train,ScanNet,scene0676_00,train/obs_165467,train/obs_165467/metadata.json,obs_022,EASY,0.01,"[128,192]",ScanNet:scene0676,validation,True,0,ScanNet,
obs_160884,train,train,ScanNet,scene0384_00,train/obs_160884,train/obs_160884/metadata.json,obs_018,LEARNABLE,0.01,"[128,192]",ScanNet:scene0384,validation,False,0,ScanNet,
obs_150215,train,train,ScanNet,scene0379_00,train/obs_150215,train/obs_150215/metadata.json,obs_004,EASY,0.01,"[128,192]",ScanNet:scene0379,validation,True,0,ScanNet,
obs_161301,train,train,ScanNet,scene0339_00,train/obs_161301,train/obs_161301/metadata.json,obs_011,EASY,0.01,"[128,192]",ScanNet:scene0339,validation,False,0,ScanNet,
obs_160475,validation,train,ScanNet,scene0148_00,train/obs_160475,train/obs_160475/metadata.json,obs_004,LEARNABLE,0.01,"[128,192]",ScanNet:scene0148,validation,False,0,ScanNet,
obs_165826,test,train,ScanNet,scene0638_00,train/obs_165826,train/obs_165826/metadata.json,obs_004,EASY,0.01,"[128,192]",ScanNet:scene0638,validation,False,0,ScanNet,
obs_151587,train,train,ScanNet,scene0307_00,train/obs_151587,train/obs_151587/metadata.json,obs_018,LEARNABLE,0.01,"[128,192]",ScanNet:scene0307,validation,True,0,ScanNet,
obs_170410,train,train,ScanNet,scene0703_01,train/obs_170410,train/obs_170410/metadata.json,obs_006,EASY,0.01,"[128,192]",ScanNet:scene0703,validation,True,0,ScanNet,
obs_169562,train,train,ScanNet,scene0090_00,train/obs_169562,train/obs_169562/metadata.json,obs_002,LEARNABLE,0.01,"[128,192]",ScanNet:scene0090,validation,False,0,ScanNet,
obs_169208,train,train,ScanNet,scene0692_01,train/obs_169208,train/obs_169208/metadata.json,obs_017,EASY,0.01,"[128,192]",ScanNet:scene0692,validation,True,0,ScanNet,
obs_162378,test,train,ScanNet,scene0656_01,train/obs_162378,train/obs_162378/metadata.json,obs_007,LEARNABLE,0.01,"[128,192]",ScanNet:scene0656,validation,True,0,ScanNet,
obs_161198,test,train,ScanNet,scene0540_01,train/obs_161198,train/obs_161198/metadata.json,obs_022,LEARNABLE,0.01,"[128,192]",ScanNet:scene0540,validation,True,0,ScanNet,
obs_151958,train,train,ScanNet,scene0161_00,train/obs_151958,train/obs_151958/metadata.json,obs_001,EASY,0.01,"[128,192]",ScanNet:scene0161,validation,True,0,ScanNet,old_train_or_checkpoint_validation
obs_154659,train,train,ScanNet,scene0629_00,train/obs_154659,train/obs_154659/metadata.json,obs_003,EASY,0.01,"[128,192]",ScanNet:scene0629,validation,True,0,ScanNet,parent_pilot_development
obs_164234,train,train,ScanNet,scene0603_01,train/obs_164234,train/obs_164234/metadata.json,obs_010,EASY,0.01,"[128,192]",ScanNet:scene0603,validation,True,0,ScanNet,
obs_146897,train,train,ScanNet,scene0459_01,train/obs_146897,train/obs_146897/metadata.json,obs_017,EASY,0.01,"[128,192]",ScanNet:scene0459,validation,True,0,ScanNet,
obs_148366,test,train,ScanNet,scene0533_01,train/obs_148366,train/obs_148366/metadata.json,obs_012,EASY,0.01,"[128,192]",ScanNet:scene0533,validation,True,0,ScanNet,
obs_145102,validation,train,ScanNet,scene0493_01,train/obs_145102,train/obs_145102/metadata.json,obs_020,LEARNABLE,0.01,"[128,192]",ScanNet:scene0493,validation,True,0,ScanNet,
obs_165551,train,train,ScanNet,scene0438_00,train/obs_165551,train/obs_165551/metadata.json,obs_021,EASY,0.01,"[128,192]",ScanNet:scene0438,validation,False,0,ScanNet,parent_pilot_development
obs_143936,train,train,ScanNet,scene0423_01,train/obs_143936,train/obs_143936/metadata.json,obs_005,LEARNABLE,0.01,"[128,192]",ScanNet:scene0423,validation,True,0,ScanNet,
obs_151702,train,train,ScanNet,scene0647_00,train/obs_151702,train/obs_151702/metadata.json,obs_002,LEARNABLE,0.01,"[128,192]",ScanNet:scene0647,validation,True,0,ScanNet,
obs_237827,validation,train,ZInD,0956_floor_01_pano_8,train/obs_237827,train/obs_237827/metadata.json,obs_003,EASY,0.01,"[128,192]",ZInD:0956,validation,True,0,ZInD,
obs_177910,train,train,ZInD,0007_floor_02_pano_11,train/obs_177910,train/obs_177910/metadata.json,obs_015,EASY,0.01,"[128,192]",ZInD:0007,validation,True,0,ZInD,
obs_237544,train,train,ZInD,0362_floor_00_pano_44,train/obs_237544,train/obs_237544/metadata.json,obs_022,LEARNABLE,0.01,"[128,192]",ZInD:0362,validation,True,0,ZInD,
obs_310336,train,train,ZInD,0462_floor_01_pano_21,train/obs_310336,train/obs_310336/metadata.json,obs_015,EASY,0.01,"[128,192]",ZInD:0462,validation,True,0,ZInD,
obs_251574,train,train,ZInD,0360_floor_02_pano_54,train/obs_251574,train/obs_251574/metadata.json,obs_007,LEARNABLE,0.01,"[128,192]",ZInD:0360,validation,True,0,ZInD,
obs_196889,test,train,ZInD,0852_floor_02_pano_34,train/obs_196889,train/obs_196889/metadata.json,obs_020,EASY,0.01,"[128,192]",ZInD:0852,validation,True,0,ZInD,
obs_227665,validation,train,ZInD,0697_floor_01_pano_4,train/obs_227665,train/obs_227665/metadata.json,obs_000,LEARNABLE,0.01,"[128,192]",ZInD:0697,validation,True,0,ZInD,
obs_203337,validation,train,ZInD,0617_floor_02_pano_17,train/obs_203337,train/obs_203337/metadata.json,obs_006,EASY,0.01,"[128,192]",ZInD:0617,validation,True,0,ZInD,
obs_267658,train,train,ZInD,1026_floor_01_pano_8,train/obs_267658,train/obs_267658/metadata.json,obs_006,EASY,0.01,"[128,192]",ZInD:1026,validation,True,0,ZInD,
obs_183937,train,train,ZInD,0547_floor_01_pano_45,train/obs_183937,train/obs_183937/metadata.json,obs_014,EASY,0.01,"[128,192]",ZInD:0547,validation,True,0,ZInD,
obs_247923,train,train,ZInD,0777_floor_01_pano_15,train/obs_247923,train/obs_247923/metadata.json,obs_002,LEARNABLE,0.01,"[128,192]",ZInD:0777,validation,True,0,ZInD,
obs_186134,validation,train,ZInD,0865_floor_01_pano_8,train/obs_186134,train/obs_186134/metadata.json,obs_005,EASY,0.01,"[128,192]",ZInD:0865,validation,True,0,ZInD,
obs_270490,train,train,ZInD,0195_floor_02_pano_7,train/obs_270490,train/obs_270490/metadata.json,obs_005,EASY,0.01,"[128,192]",ZInD:0195,validation,True,0,ZInD,
obs_201915,train,train,ZInD,1459_floor_01_pano_52,train/obs_201915,train/obs_201915/metadata.json,obs_013,EASY,0.01,"[128,192]",ZInD:1459,validation,False,0,ZInD,
obs_275554,train,train,ZInD,0642_floor_01_pano_22,train/obs_275554,train/obs_275554/metadata.json,obs_023,LEARNABLE,0.01,"[128,192]",ZInD:0642,validation,True,0,ZInD,
obs_215183,train,train,ZInD,0349_floor_01_pano_37,train/obs_215183,train/obs_215183/metadata.json,obs_015,LEARNABLE,0.01,"[128,192]",ZInD:0349,validation,True,0,ZInD,parent_pilot_development
obs_279284,train,train,ZInD,0604_floor_00_pano_39,train/obs_279284,train/obs_279284/metadata.json,obs_020,EASY,0.01,"[128,192]",ZInD:0604,validation,True,0,ZInD,
obs_276150,test,train,ZInD,1139_floor_01_pano_41,train/obs_276150,train/obs_276150/metadata.json,obs_018,EASY,0.01,"[128,192]",ZInD:1139,validation,True,0,ZInD,
obs_224036,train,train,ZInD,1381_floor_01_pano_10,train/obs_224036,train/obs_224036/metadata.json,obs_015,EASY,0.01,"[128,192]",ZInD:1381,validation,True,0,ZInD,
obs_266351,train,train,ZInD,0006_floor_01_pano_53,train/obs_266351,train/obs_266351/metadata.json,obs_018,LEARNABLE,0.01,"[128,192]",ZInD:0006,validation,True,0,ZInD,
obs_215525,train,train,ZInD,0995_floor_01_pano_5,train/obs_215525,train/obs_215525/metadata.json,obs_014,EASY,0.01,"[128,192]",ZInD:0995,validation,True,0,ZInD,
obs_171542,train,train,ZInD,1311_floor_01_pano_12,train/obs_171542,train/obs_171542/metadata.json,obs_007,LEARNABLE,0.01,"[128,192]",ZInD:1311,validation,True,0,ZInD,
obs_197555,train,train,ZInD,0256_floor_02_pano_17,train/obs_197555,train/obs_197555/metadata.json,obs_014,EASY,0.01,"[128,192]",ZInD:0256,validation,True,0,ZInD,
obs_248323,train,train,ZInD,1367_floor_01_pano_50,train/obs_248323,train/obs_248323/metadata.json,obs_018,EASY,0.01,"[128,192]",ZInD:1367,validation,True,0,ZInD,
obs_248006,train,train,ZInD,0378_floor_01_pano_11,train/obs_248006,train/obs_248006/metadata.json,obs_004,EASY,0.01,"[128,192]",ZInD:0378,validation,True,0,ZInD,
obs_276093,train,train,ZInD,1392_floor_02_pano_25,train/obs_276093,train/obs_276093/metadata.json,obs_019,EASY,0.01,"[128,192]",ZInD:1392,validation,True,0,ZInD,
obs_239914,validation,train,ZInD,1163_floor_01_pano_9,train/obs_239914,train/obs_239914/metadata.json,obs_022,EASY,0.01,"[128,192]",ZInD:1163,validation,True,0,ZInD,
obs_292366,train,train,ZInD,0232_floor_01_pano_14,train/obs_292366,train/obs_292366/metadata.json,obs_019,EASY,0.01,"[128,192]",ZInD:0232,validation,True,0,ZInD,
obs_250647,train,train,ZInD,1356_floor_02_pano_58,train/obs_250647,train/obs_250647/metadata.json,obs_010,EASY,0.01,"[128,192]",ZInD:1356,validation,True,0,ZInD,
obs_208063,train,train,ZInD,1246_floor_02_pano_54,train/obs_208063,train/obs_208063/metadata.json,obs_012,LEARNABLE,0.01,"[128,192]",ZInD:1246,validation,True,0,ZInD,parent_pilot_development
obs_192912,train,train,ZInD,0619_floor_01_pano_20,train/obs_192912,train/obs_192912/metadata.json,obs_019,EASY,0.01,"[128,192]",ZInD:0619,validation,True,0,ZInD,
obs_175326,train,train,ZInD,0938_floor_02_pano_81,train/obs_175326,train/obs_175326/metadata.json,obs_008,EASY,0.01,"[128,192]",ZInD:0938,validation,True,0,ZInD,
obs_308558,train,train,ZInD,0336_floor_02_pano_55,train/obs_308558,train/obs_308558/metadata.json,obs_007,EASY,0.01,"[128,192]",ZInD:0336,validation,True,0,ZInD,
obs_197631,train,train,ZInD,0191_floor_02_pano_11,train/obs_197631,train/obs_197631/metadata.json,obs_021,EASY,0.01,"[128,192]",ZInD:0191,validation,True,0,ZInD,
obs_268152,train,train,ZInD,1132_floor_01_pano_37,train/obs_268152,train/obs_268152/metadata.json,obs_021,EASY,0.01,"[128,192]",ZInD:1132,validation,True,0,ZInD,
obs_297591,train,train,ZInD,0178_floor_01_pano_16,train/obs_297591,train/obs_297591/metadata.json,obs_008,EASY,0.01,"[128,192]",ZInD:0178,validation,True,0,ZInD,
obs_259846,train,train,ZInD,0630_floor_01_pano_15,train/obs_259846,train/obs_259846/metadata.json,obs_005,EASY,0.01,"[128,192]",ZInD:0630,validation,False,0,ZInD,
obs_185768,train,train,ZInD,0529_floor_02_pano_37,train/obs_185768,train/obs_185768/metadata.json,obs_005,EASY,0.01,"[128,192]",ZInD:0529,validation,True,0,ZInD,
obs_281242,train,train,ZInD,1288_floor_01_pano_9,train/obs_281242,train/obs_281242/metadata.json,obs_010,LEARNABLE,0.01,"[128,192]",ZInD:1288,validation,False,0,ZInD,parent_pilot_development
obs_281250,train,train,ZInD,0893_floor_01_pano_25,train/obs_281250,train/obs_281250/metadata.json,obs_023,LEARNABLE,0.01,"[128,192]",ZInD:0893,validation,True,0,ZInD,
obs_223754,train,train,ZInD,0788_floor_01_pano_15,train/obs_223754,train/obs_223754/metadata.json,obs_006,EASY,0.01,"[128,192]",ZInD:0788,validation,True,0,ZInD,old_train_or_checkpoint_validation
obs_301659,train,train,ZInD,1134_floor_01_pano_42,train/obs_301659,train/obs_301659/metadata.json,obs_012,EASY,0.01,"[128,192]",ZInD:1134,validation,True,0,ZInD,
obs_259516,train,train,ZInD,0866_floor_01_pano_10,train/obs_259516,train/obs_259516/metadata.json,obs_006,EASY,0.01,"[128,192]",ZInD:0866,validation,True,0,ZInD,
obs_286950,train,train,ZInD,1053_floor_01_pano_7,train/obs_286950,train/obs_286950/metadata.json,obs_012,EASY,0.01,"[128,192]",ZInD:1053,validation,False,0,ZInD,
obs_214830,validation,train,ZInD,0510_floor_02_pano_39,train/obs_214830,train/obs_214830/metadata.json,obs_014,EASY,0.01,"[128,192]",ZInD:0510,validation,True,0,ZInD,
