cohort,method,seed,K,actual_map_count,K_role,stratum_dimension,stratum_value,weighting,event_count,parent_count,positive_rate,mean_score,brier,nll,ece,false_safe_at_0_8,coverage_at_0_8,risk_at_30_percent,snapshot_json_pointer,source_prediction,source_prediction_sha256,validation_only
parent_isolated_three_seed,all_blocked,rule,1,1,actual binary worlds used for event scores,overall,all,equal_parent,1545,40,0.2812621850973244,0.0,0.2812621850973244,3.885781406506364,0.2812621850973244,,0.0,0.7187378149026756,/development_run_metrics/0/equal_parent,results/parent_group_pilot_v1/evaluation/all_blocked/rule/predictions_k1.csv,06799c4968c9f5197bba5b987b8589bba6b2588d7b36c7df949c84af06dd3aca,True
parent_isolated_three_seed,all_blocked,rule,1,1,actual binary worlds used for event scores,overall,all,pooled,1545,40,0.31456310679611643,0.0,0.31456310679611643,4.345850608525028,0.31456310679611643,,0.0,0.685436893203883,/development_run_metrics/0/pooled,results/parent_group_pilot_v1/evaluation/all_blocked/rule/predictions_k1.csv,06799c4968c9f5197bba5b987b8589bba6b2588d7b36c7df949c84af06dd3aca,True
parent_isolated_three_seed,all_blocked,rule,1,1,actual binary worlds used for event scores,source,3RScan,equal_parent_within_stratum,228,8,0.16749037999038,0.0,0.16749037999038,2.3139659456245796,0.16749037999038,,0.0,0.83250962000962,/development_run_metrics/0/by_source/3RScan,results/parent_group_pilot_v1/evaluation/all_blocked/rule/predictions_k1.csv,06799c4968c9f5197bba5b987b8589bba6b2588d7b36c7df949c84af06dd3aca,True
parent_isolated_three_seed,all_blocked,rule,1,1,actual binary worlds used for event scores,source,ARKitScenes,equal_parent_within_stratum,294,8,0.11491402116402115,0.0,0.11491402116402115,1.5875967577360863,0.11491402116402115,,0.0,0.8850859788359787,/development_run_metrics/0/by_source/ARKitScenes,results/parent_group_pilot_v1/evaluation/all_blocked/rule/predictions_k1.csv,06799c4968c9f5197bba5b987b8589bba6b2588d7b36c7df949c84af06dd3aca,True
parent_isolated_three_seed,all_blocked,rule,1,1,actual binary worlds used for event scores,source,Matterport3D,equal_parent_within_stratum,324,8,0.44575137338295234,0.0,0.44575137338295234,6.158283359448156,0.44575137338295234,,0.0,0.5542486266170477,/development_run_metrics/0/by_source/Matterport3D,results/parent_group_pilot_v1/evaluation/all_blocked/rule/predictions_k1.csv,06799c4968c9f5197bba5b987b8589bba6b2588d7b36c7df949c84af06dd3aca,True
parent_isolated_three_seed,all_blocked,rule,1,1,actual binary worlds used for event scores,source,ScanNet,equal_parent_within_stratum,312,8,0.21962340491752255,0.0,0.21962340491752255,3.0342102497910806,0.21962340491752255,,0.0,0.7803765950824771,/development_run_metrics/0/by_source/ScanNet,results/parent_group_pilot_v1/evaluation/all_blocked/rule/predictions_k1.csv,06799c4968c9f5197bba5b987b8589bba6b2588d7b36c7df949c84af06dd3aca,True
parent_isolated_three_seed,all_blocked,rule,1,1,actual binary worlds used for event scores,source,ZInD,equal_parent_within_stratum,387,8,0.45853174603174596,0.0,0.45853174603174596,6.334850719931904,0.45853174603174596,,0.0,0.5414682539682539,/development_run_metrics/0/by_source/ZInD,results/parent_group_pilot_v1/evaluation/all_blocked/rule/predictions_k1.csv,06799c4968c9f5197bba5b987b8589bba6b2588d7b36c7df949c84af06dd3aca,True
parent_isolated_three_seed,all_blocked,rule,1,1,actual binary worlds used for event scores,radius,0,equal_parent_within_stratum,515,40,0.595891557380528,0.0,0.595891557380528,8.232546506501102,0.595891557380528,,0.0,0.40410844261947204,/development_run_metrics/0/by_radius/0,results/parent_group_pilot_v1/evaluation/all_blocked/rule/predictions_k1.csv,06799c4968c9f5197bba5b987b8589bba6b2588d7b36c7df949c84af06dd3aca,True
parent_isolated_three_seed,all_blocked,rule,1,1,actual binary worlds used for event scores,radius,10,equal_parent_within_stratum,515,40,0.15929537385129489,0.0,0.15929537385129489,2.200747759982478,0.15929537385129489,,0.0,0.8407046261487052,/development_run_metrics/0/by_radius/10,results/parent_group_pilot_v1/evaluation/all_blocked/rule/predictions_k1.csv,06799c4968c9f5197bba5b987b8589bba6b2588d7b36c7df949c84af06dd3aca,True
parent_isolated_three_seed,all_blocked,rule,1,1,actual binary worlds used for event scores,radius,20,equal_parent_within_stratum,515,40,0.08859962406015037,0.0,0.08859962406015037,1.2240499530355047,0.08859962406015037,,0.0,0.9114003759398498,/development_run_metrics/0/by_radius/20,results/parent_group_pilot_v1/evaluation/all_blocked/rule/predictions_k1.csv,06799c4968c9f5197bba5b987b8589bba6b2588d7b36c7df949c84af06dd3aca,True
parent_isolated_three_seed,all_blocked,rule,1,1,actual binary worlds used for event scores,truth,0,equal_parent_within_stratum,1059,40,0.0,0.0,0.0,1.0000005000003338e-06,0.0,,0.0,1.0,/development_run_metrics/0/by_truth/0,results/parent_group_pilot_v1/evaluation/all_blocked/rule/predictions_k1.csv,06799c4968c9f5197bba5b987b8589bba6b2588d7b36c7df949c84af06dd3aca,True
parent_isolated_three_seed,all_blocked,rule,1,1,actual binary worlds used for event scores,truth,1,equal_parent_within_stratum,486,35,0.9999999999999999,0.0,0.9999999999999999,13.815510557964277,0.9999999999999999,,0.0,0.0,/development_run_metrics/0/by_truth/1,results/parent_group_pilot_v1/evaluation/all_blocked/rule/predictions_k1.csv,06799c4968c9f5197bba5b987b8589bba6b2588d7b36c7df949c84af06dd3aca,True
parent_isolated_three_seed,all_floor,rule,1,1,actual binary worlds used for event scores,overall,all,equal_parent,1545,40,0.2812621850973244,0.46174119800764535,0.18047901291032098,2.4934105278697185,0.18047901291032098,0.3908661685140183,0.46174119800764524,0.3908661685140183,/development_run_metrics/1/equal_parent,results/parent_group_pilot_v1/evaluation/all_floor/rule/predictions_k1.csv,c7b3568655c80abd3d047aedce9750dc568012c0885e110c6a5ef170df9c6f4f,True
parent_isolated_three_seed,all_floor,rule,1,1,actual binary worlds used for event scores,overall,all,pooled,1545,40,0.31456310679611643,0.5145631067961162,0.2,2.763102911587505,0.19999999999999973,0.3886792452830189,0.5145631067961165,0.3886792452830189,/development_run_metrics/1/pooled,results/parent_group_pilot_v1/evaluation/all_floor/rule/predictions_k1.csv,c7b3568655c80abd3d047aedce9750dc568012c0885e110c6a5ef170df9c6f4f,True
parent_isolated_three_seed,all_floor,rule,1,1,actual binary worlds used for event scores,source,3RScan,equal_parent_within_stratum,228,8,0.16749037999038,0.31962481962481964,0.15213443963443962,2.1018158048611895,0.15213443963443954,0.4759781790820165,0.3196248196248196,0.4759781790820165,/development_run_metrics/1/by_source/3RScan,results/parent_group_pilot_v1/evaluation/all_floor/rule/predictions_k1.csv,c7b3568655c80abd3d047aedce9750dc568012c0885e110c6a5ef170df9c6f4f,True
parent_isolated_three_seed,all_floor,rule,1,1,actual binary worlds used for event scores,source,ARKitScenes,equal_parent_within_stratum,294,8,0.11491402116402115,0.39109848484848486,0.27618446368446364,3.815630097786365,0.27618446368446364,0.7061762558130599,0.39109848484848475,0.70617625581306,/development_run_metrics/1/by_source/ARKitScenes,results/parent_group_pilot_v1/evaluation/all_floor/rule/predictions_k1.csv,c7b3568655c80abd3d047aedce9750dc568012c0885e110c6a5ef170df9c6f4f,True
parent_isolated_three_seed,all_floor,rule,1,1,actual binary worlds used for event scores,source,Matterport3D,equal_parent_within_stratum,324,8,0.44575137338295234,0.5726437305384673,0.12689235715551506,1.753083573111422,0.12689235715551497,0.22159040671971705,0.5726437305384673,0.22159040671971705,/development_run_metrics/1/by_source/Matterport3D,results/parent_group_pilot_v1/evaluation/all_floor/rule/predictions_k1.csv,c7b3568655c80abd3d047aedce9750dc568012c0885e110c6a5ef170df9c6f4f,True
parent_isolated_three_seed,all_floor,rule,1,1,actual binary worlds used for event scores,source,ScanNet,equal_parent_within_stratum,312,8,0.21962340491752255,0.4046296296296296,0.18500622471210706,2.5559562657880885,0.1850062247121071,0.4572236217141319,0.4046296296296297,0.4572236217141319,/development_run_metrics/1/by_source/ScanNet,results/parent_group_pilot_v1/evaluation/all_floor/rule/predictions_k1.csv,c7b3568655c80abd3d047aedce9750dc568012c0885e110c6a5ef170df9c6f4f,True
parent_isolated_three_seed,all_floor,rule,1,1,actual binary worlds used for event scores,source,ZInD,equal_parent_within_stratum,387,8,0.45853174603174596,0.6207093253968252,0.16217757936507934,2.240566897801519,0.16217757936507954,0.26127781995444926,0.6207093253968252,0.2612778199544493,/development_run_metrics/1/by_source/ZInD,results/parent_group_pilot_v1/evaluation/all_floor/rule/predictions_k1.csv,c7b3568655c80abd3d047aedce9750dc568012c0885e110c6a5ef170df9c6f4f,True
parent_isolated_three_seed,all_floor,rule,1,1,actual binary worlds used for event scores,radius,0,equal_parent_within_stratum,515,40,0.595891557380528,0.946969696969697,0.351078139589169,4.85032439307671,0.3510781395891691,0.37073851540616254,0.9469696969696968,0.3707385154061626,/development_run_metrics/1/by_radius/0,results/parent_group_pilot_v1/evaluation/all_floor/rule/predictions_k1.csv,c7b3568655c80abd3d047aedce9750dc568012c0885e110c6a5ef170df9c6f4f,True
parent_isolated_three_seed,all_floor,rule,1,1,actual binary worlds used for event scores,radius,10,equal_parent_within_stratum,515,40,0.15929537385129489,0.29292312219943795,0.1336277483481431,1.846136434509606,0.13362774834814303,0.4561870955928227,0.29292312219943795,0.4690154204956838,/development_run_metrics/1/by_radius/10,results/parent_group_pilot_v1/evaluation/all_floor/rule/predictions_k1.csv,c7b3568655c80abd3d047aedce9750dc568012c0885e110c6a5ef170df9c6f4f,True
parent_isolated_three_seed,all_floor,rule,1,1,actual binary worlds used for event scores,radius,20,equal_parent_within_stratum,515,40,0.08859962406015037,0.14533077485380116,0.05673115079365079,0.7837707560228352,0.05673115079365082,0.39035882696366825,0.14533077485380116,0.7046679197994988,/development_run_metrics/1/by_radius/20,results/parent_group_pilot_v1/evaluation/all_floor/rule/predictions_k1.csv,c7b3568655c80abd3d047aedce9750dc568012c0885e110c6a5ef170df9c6f4f,True
parent_isolated_three_seed,all_floor,rule,1,1,actual binary worlds used for event scores,truth,0,equal_parent_within_stratum,1059,40,0.0,0.2415927697555145,0.2415927697555145,3.337728219685805,0.2415927697555145,1.0,0.2415927697555145,1.0,/development_run_metrics/1/by_truth/0,results/parent_group_pilot_v1/evaluation/all_floor/rule/predictions_k1.csv,c7b3568655c80abd3d047aedce9750dc568012c0885e110c6a5ef170df9c6f4f,True
parent_isolated_three_seed,all_floor,rule,1,1,actual binary worlds used for event scores,truth,1,equal_parent_within_stratum,486,35,0.9999999999999999,0.9999999999999999,0.0,1.0000005000290887e-06,0.0,0.0,1.0,0.0,/development_run_metrics/1/by_truth/1,results/parent_group_pilot_v1/evaluation/all_floor/rule/predictions_k1.csv,c7b3568655c80abd3d047aedce9750dc568012c0885e110c6a5ef170df9c6f4f,True
parent_isolated_three_seed,correlated,20260910,4,4,actual binary worlds used for event scores,overall,all,equal_parent,1545,40,0.2812621850973244,0.2653366910294155,0.10331136139330799,1.0757148086806638,0.0887835204190661,0.16303176330340854,0.19805319150520387,0.2302914693083851,/development_run_metrics/2/equal_parent,results/parent_group_pilot_v1/evaluation/correlated/20260910/predictions_k4.csv,f0b7e7743b70a8f441984230aced039f747255206a90786e7f5ab7fd4be1bff2,True
parent_isolated_three_seed,correlated,20260910,4,4,actual binary worlds used for event scores,overall,all,pooled,1545,40,0.31456310679611643,0.29530744336569575,0.11727346278317154,1.1965992222510327,0.10016181229773465,0.16417910447761194,0.2168284789644013,0.21511430302492937,/development_run_metrics/2/pooled,results/parent_group_pilot_v1/evaluation/correlated/20260910/predictions_k4.csv,f0b7e7743b70a8f441984230aced039f747255206a90786e7f5ab7fd4be1bff2,True
parent_isolated_three_seed,correlated,20260910,4,4,actual binary worlds used for event scores,source,3RScan,equal_parent_within_stratum,228,8,0.16749037999038,0.14452786796536796,0.05869539892977393,0.6993723253501294,0.06265407046657046,0.16241610738255036,0.12094155844155842,0.5222647221417657,/development_run_metrics/2/by_source/3RScan,results/parent_group_pilot_v1/evaluation/correlated/20260910/predictions_k4.csv,f0b7e7743b70a8f441984230aced039f747255206a90786e7f5ab7fd4be1bff2,True
parent_isolated_three_seed,correlated,20260910,4,4,actual binary worlds used for event scores,source,ARKitScenes,equal_parent_within_stratum,294,8,0.11491402116402115,0.12280919312169312,0.06881407076719576,0.7992766991259512,0.06080522486772487,0.359375,0.09523809523809525,0.6742855560783275,/development_run_metrics/2/by_source/ARKitScenes,results/parent_group_pilot_v1/evaluation/correlated/20260910/predictions_k4.csv,f0b7e7743b70a8f441984230aced039f747255206a90786e7f5ab7fd4be1bff2,True
parent_isolated_three_seed,correlated,20260910,4,4,actual binary worlds used for event scores,source,Matterport3D,equal_parent_within_stratum,324,8,0.44575137338295234,0.4117255338472443,0.13271365954342929,1.2147347610015549,0.10684163850282255,0.09771057934786204,0.2873629781524517,0.10760562366926632,/development_run_metrics/2/by_source/Matterport3D,results/parent_group_pilot_v1/evaluation/correlated/20260910/predictions_k4.csv,f0b7e7743b70a8f441984230aced039f747255206a90786e7f5ab7fd4be1bff2,True
parent_isolated_three_seed,correlated,20260910,4,4,actual binary worlds used for event scores,source,ScanNet,equal_parent_within_stratum,312,8,0.21962340491752255,0.2586124727668845,0.06733412114845937,0.6679411185201358,0.060153089013383156,0.16621593509465363,0.19636437908496734,0.308290930894775,/development_run_metrics/2/by_source/ScanNet,results/parent_group_pilot_v1/evaluation/correlated/20260910/predictions_k4.csv,f0b7e7743b70a8f441984230aced039f747255206a90786e7f5ab7fd4be1bff2,True
parent_isolated_three_seed,correlated,20260910,4,4,actual binary worlds used for event scores,source,ZInD,equal_parent_within_stratum,387,8,0.45853174603174596,0.3890083874458874,0.18899955657768155,1.997249139405548,0.17013024591149595,0.16138116684785422,0.29035894660894657,0.1656719697990892,/development_run_metrics/2/by_source/ZInD,results/parent_group_pilot_v1/evaluation/correlated/20260910/predictions_k4.csv,f0b7e7743b70a8f441984230aced039f747255206a90786e7f5ab7fd4be1bff2,True
parent_isolated_three_seed,correlated,20260910,4,4,actual binary worlds used for event scores,radius,0,equal_parent_within_stratum,515,40,0.595891557380528,0.6508699322532043,0.15905777675653596,1.7787110874890353,0.12767408194338345,0.16617078555934303,0.5478312537136067,0.16617078555934303,/development_run_metrics/2/by_radius/0,results/parent_group_pilot_v1/evaluation/correlated/20260910/predictions_k4.csv,f0b7e7743b70a8f441984230aced039f747255206a90786e7f5ab7fd4be1bff2,True
parent_isolated_three_seed,correlated,20260910,4,4,actual binary worlds used for event scores,radius,10,equal_parent_within_stratum,515,40,0.15929537385129489,0.11508975445241892,0.09186491174669627,0.7944752399810023,0.08285750479418244,0.13700242807740415,0.04257832080200502,0.5923870805528653,/development_run_metrics/2/by_radius/10,results/parent_group_pilot_v1/evaluation/correlated/20260910/predictions_k4.csv,f0b7e7743b70a8f441984230aced039f747255206a90786e7f5ab7fd4be1bff2,True
parent_isolated_three_seed,correlated,20260910,4,4,actual binary worlds used for event scores,radius,20,equal_parent_within_stratum,515,40,0.08859962406015037,0.030050386382623223,0.05901139567669173,0.6539580985719545,0.05854923767752714,0.0,0.00375,0.8147284460501413,/development_run_metrics/2/by_radius/20,results/parent_group_pilot_v1/evaluation/correlated/20260910/predictions_k4.csv,f0b7e7743b70a8f441984230aced039f747255206a90786e7f5ab7fd4be1bff2,True
parent_isolated_three_seed,correlated,20260910,4,4,actual binary worlds used for event scores,truth,0,equal_parent_within_stratum,1059,40,0.0,0.08276075980602869,0.067450921508938,0.6762697346580022,0.08276075980602868,1.0000000000000002,0.04452259137679479,1.0000000000000002,/development_run_metrics/2/by_truth/0,results/parent_group_pilot_v1/evaluation/correlated/20260910/predictions_k4.csv,f0b7e7743b70a8f441984230aced039f747255206a90786e7f5ab7fd4be1bff2,True
parent_isolated_three_seed,correlated,20260910,4,4,actual binary worlds used for event scores,truth,1,equal_parent_within_stratum,486,35,0.9999999999999999,0.699854704484344,0.25181311896600506,2.8316295278504056,0.30014529551565583,0.0,0.5722109789713516,0.0,/development_run_metrics/2/by_truth/1,results/parent_group_pilot_v1/evaluation/correlated/20260910/predictions_k4.csv,f0b7e7743b70a8f441984230aced039f747255206a90786e7f5ab7fd4be1bff2,True
parent_isolated_three_seed,correlated,20260910,32,32,actual binary worlds used for event scores,overall,all,equal_parent,1545,40,0.2812621850973244,0.26257506684433807,0.09988516979120873,0.6828019799273964,0.08435565755699875,0.1724487139127441,0.2069161237727414,0.23890881434628763,/development_run_metrics/3/equal_parent,results/parent_group_pilot_v1/evaluation/correlated/20260910/predictions_k32.csv,b98ff3a43afb8c86866d48849b9acc83f1280a952ea3719c564a2e7941110ccc,True
parent_isolated_three_seed,correlated,20260910,32,32,actual binary worlds used for event scores,overall,all,pooled,1545,40,0.31456310679611643,0.2880461165048543,0.11634114583333334,0.7924926307456461,0.09492313915857609,0.17441860465116277,0.22265372168284792,0.22771403353927616,/development_run_metrics/3/pooled,results/parent_group_pilot_v1/evaluation/correlated/20260910/predictions_k32.csv,b98ff3a43afb8c86866d48849b9acc83f1280a952ea3719c564a2e7941110ccc,True
parent_isolated_three_seed,correlated,20260910,32,32,actual binary worlds used for event scores,source,3RScan,equal_parent_within_stratum,228,8,0.16749037999038,0.14952989718614718,0.04472025054300445,0.3087540612075155,0.05598131613756613,0.1842553191489362,0.12716450216450215,0.46483231955563625,/development_run_metrics/3/by_source/3RScan,results/parent_group_pilot_v1/evaluation/correlated/20260910/predictions_k32.csv,b98ff3a43afb8c86866d48849b9acc83f1280a952ea3719c564a2e7941110ccc,True
parent_isolated_three_seed,correlated,20260910,32,32,actual binary worlds used for event scores,source,ARKitScenes,equal_parent_within_stratum,294,8,0.11491402116402115,0.12867373511904762,0.06231673306258267,0.512828479816777,0.05781353339947089,0.38190954773869346,0.09871031746031747,0.6496068680111732,/development_run_metrics/3/by_source/ARKitScenes,results/parent_group_pilot_v1/evaluation/correlated/20260910/predictions_k32.csv,b98ff3a43afb8c86866d48849b9acc83f1280a952ea3719c564a2e7941110ccc,True
parent_isolated_three_seed,correlated,20260910,32,32,actual binary worlds used for event scores,source,Matterport3D,equal_parent_within_stratum,324,8,0.44575137338295234,0.40994366143420413,0.1323201418592943,0.7617374658987149,0.11472927010550361,0.12190476190476195,0.3156565656565655,0.121653038319705,/development_run_metrics/3/by_source/Matterport3D,results/parent_group_pilot_v1/evaluation/correlated/20260910/predictions_k32.csv,b98ff3a43afb8c86866d48849b9acc83f1280a952ea3719c564a2e7941110ccc,True
parent_isolated_three_seed,correlated,20260910,32,32,actual binary worlds used for event scores,source,ScanNet,equal_parent_within_stratum,312,8,0.21962340491752255,0.2529279854302832,0.06566089353493133,0.3591592451846843,0.05572983533691256,0.1368442594992837,0.1996051198257081,0.31136528685548276,/development_run_metrics/3/by_source/ScanNet,results/parent_group_pilot_v1/evaluation/correlated/20260910/predictions_k32.csv,b98ff3a43afb8c86866d48849b9acc83f1280a952ea3719c564a2e7941110ccc,True
parent_isolated_three_seed,correlated,20260910,32,32,actual binary worlds used for event scores,source,ZInD,equal_parent_within_stratum,387,8,0.45853174603174596,0.37180005505200814,0.19440782995623082,1.4715306475292877,0.1703796474792569,0.1754613325820538,0.2934441137566137,0.1808682831433661,/development_run_metrics/3/by_source/ZInD,results/parent_group_pilot_v1/evaluation/correlated/20260910/predictions_k32.csv,b98ff3a43afb8c86866d48849b9acc83f1280a952ea3719c564a2e7941110ccc,True
parent_isolated_three_seed,correlated,20260910,32,32,actual binary worlds used for event scores,radius,0,equal_parent_within_stratum,515,40,0.595891557380528,0.6600369754722564,0.14843125923782563,1.0141409712953628,0.12876258006068259,0.1734954647113167,0.6025936094134623,0.12375329603358048,/development_run_metrics/3/by_radius/0,results/parent_group_pilot_v1/evaluation/correlated/20260910/predictions_k32.csv,b98ff3a43afb8c86866d48849b9acc83f1280a952ea3719c564a2e7941110ccc,True
parent_isolated_three_seed,correlated,20260910,32,32,actual binary worlds used for event scores,radius,10,equal_parent_within_stratum,515,40,0.15929537385129489,0.1008277470427964,0.08902962273885769,0.5234635993746236,0.06597939272898155,0.13770491803278684,0.01815476190476191,0.5406935083980617,/development_run_metrics/3/by_radius/10,results/parent_group_pilot_v1/evaluation/correlated/20260910/predictions_k32.csv,b98ff3a43afb8c86866d48849b9acc83f1280a952ea3719c564a2e7941110ccc,True
parent_isolated_three_seed,correlated,20260910,32,32,actual binary worlds used for event scores,radius,20,equal_parent_within_stratum,515,40,0.08859962406015037,0.02686047801796157,0.062194627396942884,0.510801369112202,0.06295442381996658,,0.0,0.7812492845247928,/development_run_metrics/3/by_radius/20,results/parent_group_pilot_v1/evaluation/correlated/20260910/predictions_k32.csv,b98ff3a43afb8c86866d48849b9acc83f1280a952ea3719c564a2e7941110ccc,True
parent_isolated_three_seed,correlated,20260910,32,32,actual binary worlds used for event scores,truth,0,equal_parent_within_stratum,1059,40,0.0,0.08354000731152574,0.06589248203958187,0.3967879771574545,0.08354000731152571,0.9999999999999994,0.051075953653354426,1.0000000000000002,/development_run_metrics/3/by_truth/0,results/parent_group_pilot_v1/evaluation/correlated/20260910/predictions_k32.csv,b98ff3a43afb8c86866d48849b9acc83f1280a952ea3719c564a2e7941110ccc,True
parent_isolated_three_seed,correlated,20260910,32,32,actual binary worlds used for event scores,truth,1,equal_parent_within_stratum,486,35,0.9999999999999999,0.6990321516493828,0.23330222583436666,2.2341812194085993,0.300967848350617,0.0,0.6018985854286487,0.0,/development_run_metrics/3/by_truth/1,results/parent_group_pilot_v1/evaluation/correlated/20260910/predictions_k32.csv,b98ff3a43afb8c86866d48849b9acc83f1280a952ea3719c564a2e7941110ccc,True
parent_isolated_three_seed,correlated,20260911,4,4,actual binary worlds used for event scores,overall,all,equal_parent,1545,40,0.2812621850973244,0.25551247620592626,0.11632478528442876,1.3118648856040798,0.10256716171649413,0.18155602732159418,0.19211976576914658,0.24426319392432427,/development_run_metrics/4/equal_parent,results/parent_group_pilot_v1/evaluation/correlated/20260911/predictions_k4.csv,8b5af8286f6ab6ddbe9c0d26b1c7b04df20ec9faa264240274f67418f3baa5ed,True
parent_isolated_three_seed,correlated,20260911,4,4,actual binary worlds used for event scores,overall,all,pooled,1545,40,0.31456310679611643,0.27766990291262134,0.13632686084142392,1.5352195754299183,0.12427184466019423,0.17956656346749225,0.20906148867313917,0.23046496832904592,/development_run_metrics/4/pooled,results/parent_group_pilot_v1/evaluation/correlated/20260911/predictions_k4.csv,8b5af8286f6ab6ddbe9c0d26b1c7b04df20ec9faa264240274f67418f3baa5ed,True
parent_isolated_three_seed,correlated,20260911,4,4,actual binary worlds used for event scores,source,3RScan,equal_parent_within_stratum,228,8,0.16749037999038,0.1347815957190957,0.05355996723184223,0.6704248055784942,0.05695120851370851,0.11194402798600701,0.10827922077922077,0.5377317488150889,/development_run_metrics/4/by_source/3RScan,results/parent_group_pilot_v1/evaluation/correlated/20260911/predictions_k4.csv,8b5af8286f6ab6ddbe9c0d26b1c7b04df20ec9faa264240274f67418f3baa5ed,True
parent_isolated_three_seed,correlated,20260911,4,4,actual binary worlds used for event scores,source,ARKitScenes,equal_parent_within_stratum,294,8,0.11491402116402115,0.140666335978836,0.06385375330687831,0.7983015886875379,0.06097056878306878,0.34061135371179047,0.11359126984126983,0.6651247138286722,/development_run_metrics/4/by_source/ARKitScenes,results/parent_group_pilot_v1/evaluation/correlated/20260911/predictions_k4.csv,8b5af8286f6ab6ddbe9c0d26b1c7b04df20ec9faa264240274f67418f3baa5ed,True
parent_isolated_three_seed,correlated,20260911,4,4,actual binary worlds used for event scores,source,Matterport3D,equal_parent_within_stratum,324,8,0.44575137338295234,0.3690545413407256,0.1752318671520974,1.770979728209262,0.15862434653553067,0.11145645364732008,0.262172160198476,0.14407381247684312,/development_run_metrics/4/by_source/Matterport3D,results/parent_group_pilot_v1/evaluation/correlated/20260911/predictions_k4.csv,8b5af8286f6ab6ddbe9c0d26b1c7b04df20ec9faa264240274f67418f3baa5ed,True
parent_isolated_three_seed,correlated,20260911,4,4,actual binary worlds used for event scores,source,ScanNet,equal_parent_within_stratum,312,8,0.21962340491752255,0.25797103563647683,0.07087162990196078,0.7778750787548596,0.058527369281045724,0.23381059377109623,0.1930575007780891,0.291421231964325,/development_run_metrics/4/by_source/ScanNet,results/parent_group_pilot_v1/evaluation/correlated/20260911/predictions_k4.csv,8b5af8286f6ab6ddbe9c0d26b1c7b04df20ec9faa264240274f67418f3baa5ed,True
parent_isolated_three_seed,correlated,20260911,4,4,actual binary worlds used for event scores,source,ZInD,equal_parent_within_stratum,387,8,0.45853174603174596,0.3750888723544973,0.21810670882936506,2.5417432267902464,0.21110077711640207,0.17365566312842645,0.2834986772486772,0.18613279009925576,/development_run_metrics/4/by_source/ZInD,results/parent_group_pilot_v1/evaluation/correlated/20260911/predictions_k4.csv,8b5af8286f6ab6ddbe9c0d26b1c7b04df20ec9faa264240274f67418f3baa5ed,True
parent_isolated_three_seed,correlated,20260911,4,4,actual binary worlds used for event scores,radius,0,equal_parent_within_stratum,515,40,0.595891557380528,0.6475172930515907,0.15423619653453488,1.653845545185956,0.12239753272720577,0.16508093631737897,0.5270846903354643,0.16508093631737897,/development_run_metrics/4/by_radius/0,results/parent_group_pilot_v1/evaluation/correlated/20260911/predictions_k4.csv,8b5af8286f6ab6ddbe9c0d26b1c7b04df20ec9faa264240274f67418f3baa5ed,True
parent_isolated_three_seed,correlated,20260911,4,4,actual binary worlds used for event scores,radius,10,equal_parent_within_stratum,515,40,0.15929537385129489,0.09962346681096679,0.11514849505392268,1.3572902667625666,0.10369479570137463,0.35778814308751367,0.049274606971975395,0.6754224146375817,/development_run_metrics/4/by_radius/10,results/parent_group_pilot_v1/evaluation/correlated/20260911/predictions_k4.csv,8b5af8286f6ab6ddbe9c0d26b1c7b04df20ec9faa264240274f67418f3baa5ed,True
parent_isolated_three_seed,correlated,20260911,4,4,actual binary worlds used for event scores,radius,20,equal_parent_within_stratum,515,40,0.08859962406015037,0.019396668755221384,0.07958966426482873,0.9244588448637174,0.08222927109440269,,0.0,0.8598437428114066,/development_run_metrics/4/by_radius/20,results/parent_group_pilot_v1/evaluation/correlated/20260911/predictions_k4.csv,8b5af8286f6ab6ddbe9c0d26b1c7b04df20ec9faa264240274f67418f3baa5ed,True
parent_isolated_three_seed,correlated,20260911,4,4,actual binary worlds used for event scores,truth,0,equal_parent_within_stratum,1059,40,0.0,0.08038171859086837,0.06951753329863841,0.7327986087382343,0.08038171859086835,0.9999999999999997,0.04923671554473119,1.0,/development_run_metrics/4/by_truth/0,results/parent_group_pilot_v1/evaluation/correlated/20260911/predictions_k4.csv,8b5af8286f6ab6ddbe9c0d26b1c7b04df20ec9faa264240274f67418f3baa5ed,True
parent_isolated_three_seed,correlated,20260911,4,4,actual binary worlds used for event scores,truth,1,equal_parent_within_stratum,486,35,0.9999999999999999,0.7117569284589245,0.24324329493981273,2.827780813962342,0.2882430715410756,0.0,0.5803504276940044,0.0,/development_run_metrics/4/by_truth/1,results/parent_group_pilot_v1/evaluation/correlated/20260911/predictions_k4.csv,8b5af8286f6ab6ddbe9c0d26b1c7b04df20ec9faa264240274f67418f3baa5ed,True
parent_isolated_three_seed,correlated,20260911,32,32,actual binary worlds used for event scores,overall,all,equal_parent,1545,40,0.2812621850973244,0.25611260157098126,0.10662033159925748,0.8863466390093986,0.08986290080018915,0.1866609012780959,0.21036436205263603,0.23406867005525714,/development_run_metrics/5/equal_parent,results/parent_group_pilot_v1/evaluation/correlated/20260911/predictions_k32.csv,a22d8c4b4db70546bde30d1ecb74dc709f760337d11f2c7bd50a729d40b732c7,True
parent_isolated_three_seed,correlated,20260911,32,32,actual binary worlds used for event scores,overall,all,pooled,1545,40,0.31456310679611643,0.2780137540453074,0.12492099008899678,1.095430531792197,0.10588592233009714,0.18258426966292135,0.23042071197411004,0.21453613807982738,/development_run_metrics/5/pooled,results/parent_group_pilot_v1/evaluation/correlated/20260911/predictions_k32.csv,a22d8c4b4db70546bde30d1ecb74dc709f760337d11f2c7bd50a729d40b732c7,True
parent_isolated_three_seed,correlated,20260911,32,32,actual binary worlds used for event scores,source,3RScan,equal_parent_within_stratum,228,8,0.16749037999038,0.1382616154100529,0.04616804613752856,0.3191157361141756,0.05183090202621452,0.11111111111111113,0.10909090909090907,0.45491418195509875,/development_run_metrics/5/by_source/3RScan,results/parent_group_pilot_v1/evaluation/correlated/20260911/predictions_k32.csv,a22d8c4b4db70546bde30d1ecb74dc709f760337d11f2c7bd50a729d40b732c7,True
parent_isolated_three_seed,correlated,20260911,32,32,actual binary worlds used for event scores,source,ARKitScenes,equal_parent_within_stratum,294,8,0.11491402116402115,0.13601603835978837,0.0634604156332672,0.41944351193403656,0.059968171296296294,0.34299516908212563,0.10267857142857144,0.6397469895276914,/development_run_metrics/5/by_source/ARKitScenes,results/parent_group_pilot_v1/evaluation/correlated/20260911/predictions_k32.csv,a22d8c4b4db70546bde30d1ecb74dc709f760337d11f2c7bd50a729d40b732c7,True
parent_isolated_three_seed,correlated,20260911,32,32,actual binary worlds used for event scores,source,Matterport3D,equal_parent_within_stratum,324,8,0.44575137338295234,0.38025785245152016,0.15911566633227048,1.289688110731762,0.14740877307694736,0.13796453168132342,0.30865595174805693,0.1304901059876184,/development_run_metrics/5/by_source/Matterport3D,results/parent_group_pilot_v1/evaluation/correlated/20260911/predictions_k32.csv,a22d8c4b4db70546bde30d1ecb74dc709f760337d11f2c7bd50a729d40b732c7,True
parent_isolated_three_seed,correlated,20260911,32,32,actual binary worlds used for event scores,source,ScanNet,equal_parent_within_stratum,312,8,0.21962340491752255,0.2526574779217242,0.06634736332684116,0.43951193679587375,0.0663044297580144,0.2483682522949883,0.22143440709617185,0.2915240170142131,/development_run_metrics/5/by_source/ScanNet,results/parent_group_pilot_v1/evaluation/correlated/20260911/predictions_k32.csv,a22d8c4b4db70546bde30d1ecb74dc709f760337d11f2c7bd50a729d40b732c7,True
parent_isolated_three_seed,correlated,20260911,32,32,actual binary worlds used for event scores,source,ZInD,equal_parent_within_stratum,387,8,0.45853174603174596,0.37337002371182054,0.19801016656637993,1.963973899471143,0.18177414490891058,0.16587096257968156,0.30996197089947086,0.1673626228949303,/development_run_metrics/5/by_source/ZInD,results/parent_group_pilot_v1/evaluation/correlated/20260911/predictions_k32.csv,a22d8c4b4db70546bde30d1ecb74dc709f760337d11f2c7bd50a729d40b732c7,True
parent_isolated_three_seed,correlated,20260911,32,32,actual binary worlds used for event scores,radius,0,equal_parent_within_stratum,515,40,0.595891557380528,0.6505737093419406,0.14613844768513995,0.9868003480742581,0.1140799784265281,0.17767690286773186,0.5838189348705989,0.11962959428333045,/development_run_metrics/5/by_radius/0,results/parent_group_pilot_v1/evaluation/correlated/20260911/predictions_k32.csv,a22d8c4b4db70546bde30d1ecb74dc709f760337d11f2c7bd50a729d40b732c7,True
parent_isolated_three_seed,correlated,20260911,32,32,actual binary worlds used for event scores,radius,10,equal_parent_within_stratum,515,40,0.15929537385129489,0.09558579806523884,0.10467040218325169,0.9565035689707128,0.09300561417748916,0.29761008259583466,0.047274151287309184,0.6333472926191068,/development_run_metrics/5/by_radius/10,results/parent_group_pilot_v1/evaluation/correlated/20260911/predictions_k32.csv,a22d8c4b4db70546bde30d1ecb74dc709f760337d11f2c7bd50a729d40b732c7,True
parent_isolated_three_seed,correlated,20260911,32,32,actual binary worlds used for event scores,radius,20,equal_parent_within_stratum,515,40,0.08859962406015037,0.022178297305764413,0.06905214492938073,0.7157359999832241,0.06868695175438597,,0.0,0.8216658316545493,/development_run_metrics/5/by_radius/20,results/parent_group_pilot_v1/evaluation/correlated/20260911/predictions_k32.csv,a22d8c4b4db70546bde30d1ecb74dc709f760337d11f2c7bd50a729d40b732c7,True
parent_isolated_three_seed,correlated,20260911,32,32,actual binary worlds used for event scores,truth,0,equal_parent_within_stratum,1059,40,0.0,0.07848766717386908,0.06560567142894905,0.4190087516959579,0.07848766717386908,1.0,0.05620239252634104,1.0000000000000002,/development_run_metrics/5/by_truth/0,results/parent_group_pilot_v1/evaluation/correlated/20260911/predictions_k32.csv,a22d8c4b4db70546bde30d1ecb74dc709f760337d11f2c7bd50a729d40b732c7,True
parent_isolated_three_seed,correlated,20260911,32,32,actual binary worlds used for event scores,truth,1,equal_parent_within_stratum,486,35,0.9999999999999999,0.710371581175473,0.2313213157755186,1.9923344060357195,0.2896284188245266,0.0,0.6289260853242341,0.0,/development_run_metrics/5/by_truth/1,results/parent_group_pilot_v1/evaluation/correlated/20260911/predictions_k32.csv,a22d8c4b4db70546bde30d1ecb74dc709f760337d11f2c7bd50a729d40b732c7,True
parent_isolated_three_seed,correlated,20260912,4,4,actual binary worlds used for event scores,overall,all,equal_parent,1545,40,0.2812621850973244,0.2675769594952548,0.1122777664403414,1.1827013897409164,0.0976307341949273,0.18944847926659678,0.19854231212687096,0.24896928572414445,/development_run_metrics/6/equal_parent,results/parent_group_pilot_v1/evaluation/correlated/20260912/predictions_k4.csv,a66d5aa30c0705b1479afee2b0ac08c6a0017dc03d413559959cf6e954270f0a,True
parent_isolated_three_seed,correlated,20260912,4,4,actual binary worlds used for event scores,overall,all,pooled,1545,40,0.31456310679611643,0.2962783171521035,0.12439320388349516,1.2802608917137561,0.10728155339805828,0.1861861861861862,0.21553398058252426,0.2308522114347357,/development_run_metrics/6/pooled,results/parent_group_pilot_v1/evaluation/correlated/20260912/predictions_k4.csv,a66d5aa30c0705b1479afee2b0ac08c6a0017dc03d413559959cf6e954270f0a,True
parent_isolated_three_seed,correlated,20260912,4,4,actual binary worlds used for event scores,source,3RScan,equal_parent_within_stratum,228,8,0.16749037999038,0.12780032467532465,0.07341232263107263,0.9769314016769718,0.07524200336700337,0.1321648507816201,0.11423160173160171,0.5897842444950705,/development_run_metrics/6/by_source/3RScan,results/parent_group_pilot_v1/evaluation/correlated/20260912/predictions_k4.csv,a66d5aa30c0705b1479afee2b0ac08c6a0017dc03d413559959cf6e954270f0a,True
parent_isolated_three_seed,correlated,20260912,4,4,actual binary worlds used for event scores,source,ARKitScenes,equal_parent_within_stratum,294,8,0.11491402116402115,0.1183449074074074,0.06608589616402116,0.564922237111908,0.05658895502645503,0.25581395348837205,0.06398809523809523,0.6684779736173007,/development_run_metrics/6/by_source/ARKitScenes,results/parent_group_pilot_v1/evaluation/correlated/20260912/predictions_k4.csv,a66d5aa30c0705b1479afee2b0ac08c6a0017dc03d413559959cf6e954270f0a,True
parent_isolated_three_seed,correlated,20260912,4,4,actual binary worlds used for event scores,source,Matterport3D,equal_parent_within_stratum,324,8,0.44575137338295234,0.42245231924508236,0.13277319126414522,1.1159091011436455,0.11607914198374705,0.11817546124468835,0.2794462481962481,0.13482728379797412,/development_run_metrics/6/by_source/Matterport3D,results/parent_group_pilot_v1/evaluation/correlated/20260912/predictions_k4.csv,a66d5aa30c0705b1479afee2b0ac08c6a0017dc03d413559959cf6e954270f0a,True
parent_isolated_three_seed,correlated,20260912,4,4,actual binary worlds used for event scores,source,ScanNet,equal_parent_within_stratum,312,8,0.21962340491752255,0.29595101929660755,0.09470656318082789,1.1779226484894987,0.08787445533769063,0.3036637327541189,0.25702808901338314,0.297205534904388,/development_run_metrics/6/by_source/ScanNet,results/parent_group_pilot_v1/evaluation/correlated/20260912/predictions_k4.csv,a66d5aa30c0705b1479afee2b0ac08c6a0017dc03d413559959cf6e954270f0a,True
parent_isolated_three_seed,correlated,20260912,4,4,actual binary worlds used for event scores,source,ZInD,equal_parent_within_stratum,387,8,0.45853174603174596,0.3733362268518518,0.19441085896164018,2.0778215602825574,0.1762504133597884,0.16375747123018827,0.27801752645502636,0.16774647371880685,/development_run_metrics/6/by_source/ZInD,results/parent_group_pilot_v1/evaluation/correlated/20260912/predictions_k4.csv,a66d5aa30c0705b1479afee2b0ac08c6a0017dc03d413559959cf6e954270f0a,True
parent_isolated_three_seed,correlated,20260912,4,4,actual binary worlds used for event scores,radius,0,equal_parent_within_stratum,515,40,0.595891557380528,0.6607836809464616,0.17485110662337103,1.9731324189026074,0.15139364083950974,0.17761170207820784,0.5638773920652791,0.1776117020782078,/development_run_metrics/6/by_radius/0,results/parent_group_pilot_v1/evaluation/correlated/20260912/predictions_k4.csv,a66d5aa30c0705b1479afee2b0ac08c6a0017dc03d413559959cf6e954270f0a,True
parent_isolated_three_seed,correlated,20260912,4,4,actual binary worlds used for event scores,radius,10,equal_parent_within_stratum,515,40,0.15929537385129489,0.11191534707982076,0.10579380506189716,1.034113942227815,0.08593674052555633,0.39967168704419664,0.03174954431533379,0.6234409146390001,/development_run_metrics/6/by_radius/10,results/parent_group_pilot_v1/evaluation/correlated/20260912/predictions_k4.csv,a66d5aa30c0705b1479afee2b0ac08c6a0017dc03d413559959cf6e954270f0a,True
parent_isolated_three_seed,correlated,20260912,4,4,actual binary worlds used for event scores,radius,20,equal_parent_within_stratum,515,40,0.08859962406015037,0.03003185045948204,0.05618838763575606,0.5408578080923268,0.05856777360066834,,0.0,0.7925701183928422,/development_run_metrics/6/by_radius/20,results/parent_group_pilot_v1/evaluation/correlated/20260912/predictions_k4.csv,a66d5aa30c0705b1479afee2b0ac08c6a0017dc03d413559959cf6e954270f0a,True
parent_isolated_three_seed,correlated,20260912,4,4,actual binary worlds used for event scores,truth,0,equal_parent_within_stratum,1059,40,0.0,0.08988638901022364,0.07534936693743075,0.7950023478822689,0.08988638901022361,1.0,0.0533171606511903,1.0,/development_run_metrics/6/by_truth/0,results/parent_group_pilot_v1/evaluation/correlated/20260912/predictions_k4.csv,a66d5aa30c0705b1479afee2b0ac08c6a0017dc03d413559959cf6e954270f0a,True
parent_isolated_three_seed,correlated,20260912,4,4,actual binary worlds used for event scores,truth,1,equal_parent_within_stratum,486,35,0.9999999999999999,0.7120847009379235,0.244237046870084,2.8563567584402096,0.2879152990620764,0.0,0.5902261443574064,0.0,/development_run_metrics/6/by_truth/1,results/parent_group_pilot_v1/evaluation/correlated/20260912/predictions_k4.csv,a66d5aa30c0705b1479afee2b0ac08c6a0017dc03d413559959cf6e954270f0a,True
parent_isolated_three_seed,correlated,20260912,32,32,actual binary worlds used for event scores,overall,all,equal_parent,1545,40,0.2812621850973244,0.2735932976223284,0.10489152842641918,0.8107550460283794,0.08445026479865275,0.2003733898953963,0.22291999122881473,0.24557832907579075,/development_run_metrics/7/equal_parent,results/parent_group_pilot_v1/evaluation/correlated/20260912/predictions_k32.csv,602fcd8e54d02dafdb0370ea1223289601529f54b9bc7662dc43d24564075b63,True
parent_isolated_three_seed,correlated,20260912,32,32,actual binary worlds used for event scores,overall,all,pooled,1545,40,0.31456310679611643,0.3023260517799353,0.11514778013754046,0.8271214986023856,0.08998786407766995,0.1994609164420485,0.24012944983818774,0.22168284789644005,/development_run_metrics/7/pooled,results/parent_group_pilot_v1/evaluation/correlated/20260912/predictions_k32.csv,602fcd8e54d02dafdb0370ea1223289601529f54b9bc7662dc43d24564075b63,True
parent_isolated_three_seed,correlated,20260912,32,32,actual binary worlds used for event scores,source,3RScan,equal_parent_within_stratum,228,8,0.16749037999038,0.13056091044372292,0.07231535441374308,0.8491605552098158,0.07619827365921115,0.12394491337183476,0.12180735930735928,0.5769108127856517,/development_run_metrics/7/by_source/3RScan,results/parent_group_pilot_v1/evaluation/correlated/20260912/predictions_k32.csv,602fcd8e54d02dafdb0370ea1223289601529f54b9bc7662dc43d24564075b63,True
parent_isolated_three_seed,correlated,20260912,32,32,actual binary worlds used for event scores,source,ARKitScenes,equal_parent_within_stratum,294,8,0.11491402116402115,0.1325696511243386,0.06851390051463294,0.45946286144225845,0.06250516699735449,0.3915094339622642,0.10515873015873015,0.6527220596543376,/development_run_metrics/7/by_source/ARKitScenes,results/parent_group_pilot_v1/evaluation/correlated/20260912/predictions_k32.csv,602fcd8e54d02dafdb0370ea1223289601529f54b9bc7662dc43d24564075b63,True
parent_isolated_three_seed,correlated,20260912,32,32,actual binary worlds used for event scores,source,Matterport3D,equal_parent_within_stratum,324,8,0.44575137338295234,0.43061995760392136,0.13018107912195853,0.6814015262180113,0.11053030599699999,0.16543010027429295,0.3342803030303029,0.14492984999242106,/development_run_metrics/7/by_source/Matterport3D,results/parent_group_pilot_v1/evaluation/correlated/20260912/predictions_k32.csv,602fcd8e54d02dafdb0370ea1223289601529f54b9bc7662dc43d24564075b63,True
parent_isolated_three_seed,correlated,20260912,32,32,actual binary worlds used for event scores,source,ScanNet,equal_parent_within_stratum,312,8,0.21962340491752255,0.28565647613211953,0.07687622602209286,0.6197229592454536,0.07362515318627452,0.23831725035237983,0.2511710239651417,0.2915240170142129,/development_run_metrics/7/by_source/ScanNet,results/parent_group_pilot_v1/evaluation/correlated/20260912/predictions_k32.csv,602fcd8e54d02dafdb0370ea1223289601529f54b9bc7662dc43d24564075b63,True
parent_isolated_three_seed,correlated,20260912,32,32,actual binary worlds used for event scores,source,ZInD,equal_parent_within_stratum,387,8,0.45853174603174596,0.38855949280753965,0.17657108205966848,1.444027328026358,0.15866892981150799,0.1717826657912016,0.3021825396825396,0.17160279626163905,/development_run_metrics/7/by_source/ZInD,results/parent_group_pilot_v1/evaluation/correlated/20260912/predictions_k32.csv,602fcd8e54d02dafdb0370ea1223289601529f54b9bc7662dc43d24564075b63,True
parent_isolated_three_seed,correlated,20260912,32,32,actual binary worlds used for event scores,radius,0,equal_parent_within_stratum,515,40,0.595891557380528,0.663422239441281,0.1653071030286351,1.4165172523898752,0.1418757377913784,0.1814498648307194,0.6277751252015957,0.13114297486238188,/development_run_metrics/7/by_radius/0,results/parent_group_pilot_v1/evaluation/correlated/20260912/predictions_k32.csv,602fcd8e54d02dafdb0370ea1223289601529f54b9bc7662dc43d24564075b63,True
parent_isolated_three_seed,correlated,20260912,32,32,actual binary worlds used for event scores,radius,10,equal_parent_within_stratum,515,40,0.15929537385129489,0.1224913127693761,0.09634488032548078,0.606871365025727,0.07592352759858928,0.49022973329812514,0.040984848484848485,0.5582491121472973,/development_run_metrics/7/by_radius/10,results/parent_group_pilot_v1/evaluation/correlated/20260912/predictions_k32.csv,602fcd8e54d02dafdb0370ea1223289601529f54b9bc7662dc43d24564075b63,True
parent_isolated_three_seed,correlated,20260912,32,32,actual binary worlds used for event scores,radius,20,equal_parent_within_stratum,515,40,0.08859962406015037,0.03486634065632832,0.053022601925141626,0.4088765206695356,0.05373328340382206,,0.0,0.7641663139819775,/development_run_metrics/7/by_radius/20,results/parent_group_pilot_v1/evaluation/correlated/20260912/predictions_k32.csv,602fcd8e54d02dafdb0370ea1223289601529f54b9bc7662dc43d24564075b63,True
parent_isolated_three_seed,correlated,20260912,32,32,actual binary worlds used for event scores,truth,0,equal_parent_within_stratum,1059,40,0.0,0.09220730378285508,0.07566261595031454,0.4868237238608421,0.09220730378285505,0.9999999999999996,0.06360254575872806,1.0,/development_run_metrics/7/by_truth/0,results/parent_group_pilot_v1/evaluation/correlated/20260912/predictions_k32.csv,602fcd8e54d02dafdb0370ea1223289601529f54b9bc7662dc43d24564075b63,True
parent_isolated_three_seed,correlated,20260912,32,32,actual binary worlds used for event scores,truth,1,equal_parent_within_stratum,486,35,0.9999999999999999,0.7286581306086859,0.21101615304095625,2.0876799830403194,0.2713418693913141,0.0,0.6316516879395082,0.0,/development_run_metrics/7/by_truth/1,results/parent_group_pilot_v1/evaluation/correlated/20260912/predictions_k32.csv,602fcd8e54d02dafdb0370ea1223289601529f54b9bc7662dc43d24564075b63,True
parent_isolated_three_seed,deterministic,20260910,1,1,actual binary worlds used for event scores,overall,all,equal_parent,1545,40,0.2812621850973244,0.33224754455211103,0.10878135531192806,1.502870854038398,0.10878135531192806,0.24043325133085564,0.33224754455211114,0.2404332513308556,/development_run_metrics/8/equal_parent,results/parent_group_pilot_v1/evaluation/deterministic/20260910/predictions_k1.csv,f915512dbdebce54d85bfb812fd96a2ff16b5e4f460f0291fdf093de7755211a,True
parent_isolated_three_seed,deterministic,20260910,1,1,actual binary worlds used for event scores,overall,all,pooled,1545,40,0.31456310679611643,0.3831715210355986,0.1203883495145631,1.6632273933837143,0.12038834951456297,0.24662162162162163,0.3831715210355987,0.24662162162162166,/development_run_metrics/8/pooled,results/parent_group_pilot_v1/evaluation/deterministic/20260910/predictions_k1.csv,f915512dbdebce54d85bfb812fd96a2ff16b5e4f460f0291fdf093de7755211a,True
parent_isolated_three_seed,deterministic,20260910,1,1,actual binary worlds used for event scores,source,3RScan,equal_parent_within_stratum,228,8,0.16749037999038,0.12099567099567099,0.07073713323713322,0.9772705403407226,0.07073713323713322,0.10017889087656533,0.12099567099567096,0.5972957857243338,/development_run_metrics/8/by_source/3RScan,results/parent_group_pilot_v1/evaluation/deterministic/20260910/predictions_k1.csv,f915512dbdebce54d85bfb812fd96a2ff16b5e4f460f0291fdf093de7755211a,True
parent_isolated_three_seed,deterministic,20260910,1,1,actual binary worlds used for event scores,source,ARKitScenes,equal_parent_within_stratum,294,8,0.11491402116402115,0.15955687830687829,0.07242063492063491,1.0005289739386543,0.0724206349206349,0.366839378238342,0.15955687830687829,0.6555131683541741,/development_run_metrics/8/by_source/ARKitScenes,results/parent_group_pilot_v1/evaluation/deterministic/20260910/predictions_k1.csv,f915512dbdebce54d85bfb812fd96a2ff16b5e4f460f0291fdf093de7755211a,True
parent_isolated_three_seed,deterministic,20260910,1,1,actual binary worlds used for event scores,source,Matterport3D,equal_parent_within_stratum,324,8,0.44575137338295234,0.5259748170932381,0.11202643603959395,1.547703297847363,0.1120264360395939,0.18275578364410563,0.5259748170932381,0.18275578364410563,/development_run_metrics/8/by_source/Matterport3D,results/parent_group_pilot_v1/evaluation/deterministic/20260910/predictions_k1.csv,f915512dbdebce54d85bfb812fd96a2ff16b5e4f460f0291fdf093de7755211a,True
parent_isolated_three_seed,deterministic,20260910,1,1,actual binary worlds used for event scores,source,ScanNet,equal_parent_within_stratum,312,8,0.21962340491752255,0.312431917211329,0.13913593215063805,1.9222348004805037,0.13913593215063805,0.3711919808237088,0.312431917211329,0.3711919808237088,/development_run_metrics/8/by_source/ScanNet,results/parent_group_pilot_v1/evaluation/deterministic/20260910/predictions_k1.csv,f915512dbdebce54d85bfb812fd96a2ff16b5e4f460f0291fdf093de7755211a,True
parent_isolated_three_seed,deterministic,20260910,1,1,actual binary worlds used for event scores,source,ZInD,equal_parent_within_stratum,387,8,0.45853174603174596,0.5422784391534391,0.1495866402116402,2.066616657584749,0.14958664021164023,0.21514162880751295,0.542278439153439,0.21514162880751295,/development_run_metrics/8/by_source/ZInD,results/parent_group_pilot_v1/evaluation/deterministic/20260910/predictions_k1.csv,f915512dbdebce54d85bfb812fd96a2ff16b5e4f460f0291fdf093de7755211a,True
parent_isolated_three_seed,deterministic,20260910,1,1,actual binary worlds used for event scores,radius,0,equal_parent_within_stratum,515,40,0.595891557380528,0.6455516827943298,0.18974193086325442,2.6213824593848507,0.18974193086325447,0.18542439177044856,0.6455516827943298,0.18542439177044856,/development_run_metrics/8/by_radius/0,results/parent_group_pilot_v1/evaluation/deterministic/20260910/predictions_k1.csv,f915512dbdebce54d85bfb812fd96a2ff16b5e4f460f0291fdf093de7755211a,True
parent_isolated_three_seed,deterministic,20260910,1,1,actual binary worlds used for event scores,radius,10,equal_parent_within_stratum,515,40,0.15929537385129489,0.24138727500569607,0.10123872655122657,1.3986655943024153,0.10123872655122654,0.3797437700502267,0.241387275005696,0.4984612262764011,/development_run_metrics/8/by_radius/10,results/parent_group_pilot_v1/evaluation/deterministic/20260910/predictions_k1.csv,f915512dbdebce54d85bfb812fd96a2ff16b5e4f460f0291fdf093de7755211a,True
parent_isolated_three_seed,deterministic,20260910,1,1,actual binary worlds used for event scores,radius,20,equal_parent_within_stratum,515,40,0.08859962406015037,0.10980367585630743,0.03536340852130326,0.4885645084279295,0.03536340852130326,0.2575845474949597,0.1098036758563074,0.7232247808700734,/development_run_metrics/8/by_radius/20,results/parent_group_pilot_v1/evaluation/deterministic/20260910/predictions_k1.csv,f915512dbdebce54d85bfb812fd96a2ff16b5e4f460f0291fdf093de7755211a,True
parent_isolated_three_seed,deterministic,20260910,1,1,actual binary worlds used for event scores,truth,0,equal_parent_within_stratum,1059,40,0.0,0.11859282541005052,0.11859282541005052,1.638421312955572,0.1185928254100505,0.9999999999999998,0.11859282541005053,0.9999999999999998,/development_run_metrics/8/by_truth/0,results/parent_group_pilot_v1/evaluation/deterministic/20260910/predictions_k1.csv,f915512dbdebce54d85bfb812fd96a2ff16b5e4f460f0291fdf093de7755211a,True
parent_isolated_three_seed,deterministic,20260910,1,1,actual binary worlds used for event scores,truth,1,equal_parent_within_stratum,486,35,0.9999999999999999,0.7841474348002831,0.21585256519971657,2.9821141776281834,0.21585256519971663,0.0,0.7841474348002835,0.0,/development_run_metrics/8/by_truth/1,results/parent_group_pilot_v1/evaluation/deterministic/20260910/predictions_k1.csv,f915512dbdebce54d85bfb812fd96a2ff16b5e4f460f0291fdf093de7755211a,True
parent_isolated_three_seed,deterministic,20260911,1,1,actual binary worlds used for event scores,overall,all,equal_parent,1545,40,0.2812621850973244,0.34949001477252245,0.11385645858556076,1.5729859918226026,0.1138564585855607,0.2604999865007225,0.3494900147725225,0.26049998650072254,/development_run_metrics/9/equal_parent,results/parent_group_pilot_v1/evaluation/deterministic/20260911/predictions_k1.csv,8c21ed064db50fe5980281464428f92c0b34f7a7e6366d2a52ff8be7579995be,True
parent_isolated_three_seed,deterministic,20260911,1,1,actual binary worlds used for event scores,overall,all,pooled,1545,40,0.31456310679611643,0.4006472491909383,0.12103559870550162,1.6721694707672492,0.12103559870550148,0.25848142164781907,0.4006472491909385,0.25848142164781907,/development_run_metrics/9/pooled,results/parent_group_pilot_v1/evaluation/deterministic/20260911/predictions_k1.csv,8c21ed064db50fe5980281464428f92c0b34f7a7e6366d2a52ff8be7579995be,True
parent_isolated_three_seed,deterministic,20260911,1,1,actual binary worlds used for event scores,source,3RScan,equal_parent_within_stratum,228,8,0.16749037999038,0.13438852813852814,0.07996332371332371,1.1047350630478012,0.07996332371332374,0.17435071471713307,0.13438852813852814,0.5940873924586508,/development_run_metrics/9/by_source/3RScan,results/parent_group_pilot_v1/evaluation/deterministic/20260911/predictions_k1.csv,8c21ed064db50fe5980281464428f92c0b34f7a7e6366d2a52ff8be7579995be,True
parent_isolated_three_seed,deterministic,20260911,1,1,actual binary worlds used for event scores,source,ARKitScenes,equal_parent_within_stratum,294,8,0.11491402116402115,0.1780753968253968,0.08167989417989417,1.1284503587342156,0.0816798941798941,0.4066852367688024,0.17807539682539675,0.6432390537072695,/development_run_metrics/9/by_source/ARKitScenes,results/parent_group_pilot_v1/evaluation/deterministic/20260911/predictions_k1.csv,8c21ed064db50fe5980281464428f92c0b34f7a7e6366d2a52ff8be7579995be,True
parent_isolated_three_seed,deterministic,20260911,1,1,actual binary worlds used for event scores,source,Matterport3D,equal_parent_within_stratum,324,8,0.44575137338295234,0.5386762360446571,0.14456912483228274,1.9972971259039451,0.14456912483228285,0.22044223561618093,0.5386762360446569,0.22044223561618093,/development_run_metrics/9/by_source/Matterport3D,results/parent_group_pilot_v1/evaluation/deterministic/20260911/predictions_k1.csv,8c21ed064db50fe5980281464428f92c0b34f7a7e6366d2a52ff8be7579995be,True
parent_isolated_three_seed,deterministic,20260911,1,1,actual binary worlds used for event scores,source,ScanNet,equal_parent_within_stratum,312,8,0.21962340491752255,0.33536414565826334,0.12527233115468409,1.7307020884129756,0.1252723311546841,0.3593304099672861,0.33536414565826334,0.3593304099672861,/development_run_metrics/9/by_source/ScanNet,results/parent_group_pilot_v1/evaluation/deterministic/20260911/predictions_k1.csv,8c21ed064db50fe5980281464428f92c0b34f7a7e6366d2a52ff8be7579995be,True
parent_isolated_three_seed,deterministic,20260911,1,1,actual binary worlds used for event scores,source,ZInD,equal_parent_within_stratum,387,8,0.45853174603174596,0.5609457671957672,0.13779761904761903,1.903745323014078,0.13779761904761895,0.2141130696221188,0.5609457671957669,0.21411306962211882,/development_run_metrics/9/by_source/ZInD,results/parent_group_pilot_v1/evaluation/deterministic/20260911/predictions_k1.csv,8c21ed064db50fe5980281464428f92c0b34f7a7e6366d2a52ff8be7579995be,True
parent_isolated_three_seed,deterministic,20260911,1,1,actual binary worlds used for event scores,radius,0,equal_parent_within_stratum,515,40,0.595891557380528,0.6757842341482048,0.19440492105933282,2.685804045006962,0.19440492105933288,0.20294761550093662,0.6757842341482048,0.20294761550093662,/development_run_metrics/9/by_radius/0,results/parent_group_pilot_v1/evaluation/deterministic/20260911/predictions_k1.csv,8c21ed064db50fe5980281464428f92c0b34f7a7e6366d2a52ff8be7579995be,True
parent_isolated_three_seed,deterministic,20260911,1,1,actual binary worlds used for event scores,radius,10,equal_parent_within_stratum,515,40,0.15929537385129489,0.25509443590035696,0.10408279220779221,1.4379578105639368,0.10408279220779226,0.3917801138064231,0.2550944359003569,0.4819893494305992,/development_run_metrics/9/by_radius/10,results/parent_group_pilot_v1/evaluation/deterministic/20260911/predictions_k1.csv,8c21ed064db50fe5980281464428f92c0b34f7a7e6366d2a52ff8be7579995be,True
parent_isolated_three_seed,deterministic,20260911,1,1,actual binary worlds used for event scores,radius,20,equal_parent_within_stratum,515,40,0.08859962406015037,0.11759137426900584,0.043081662489557235,0.5951961198969109,0.04308166248955725,0.3064570558276462,0.11759137426900582,0.723296739277022,/development_run_metrics/9/by_radius/20,results/parent_group_pilot_v1/evaluation/deterministic/20260911/predictions_k1.csv,8c21ed064db50fe5980281464428f92c0b34f7a7e6366d2a52ff8be7579995be,True
parent_isolated_three_seed,deterministic,20260911,1,1,actual binary worlds used for event scores,truth,0,equal_parent_within_stratum,1059,40,0.0,0.13494791718047516,0.13494791718047516,1.8643752396307784,0.13494791718047516,0.9999999999999998,0.1349479171804752,0.9999999999999998,/development_run_metrics/9/by_truth/0,results/parent_group_pilot_v1/evaluation/deterministic/20260911/predictions_k1.csv,8c21ed064db50fe5980281464428f92c0b34f7a7e6366d2a52ff8be7579995be,True
parent_isolated_three_seed,deterministic,20260911,1,1,actual binary worlds used for event scores,truth,1,equal_parent_within_stratum,486,35,0.9999999999999999,0.8546464369937219,0.145353563006278,2.0081345389978233,0.14535356300627797,0.0,0.854646436993722,0.0,/development_run_metrics/9/by_truth/1,results/parent_group_pilot_v1/evaluation/deterministic/20260911/predictions_k1.csv,8c21ed064db50fe5980281464428f92c0b34f7a7e6366d2a52ff8be7579995be,True
parent_isolated_three_seed,deterministic,20260912,1,1,actual binary worlds used for event scores,overall,all,equal_parent,1545,40,0.2812621850973244,0.3441983975275383,0.11190931921678826,1.5460852692627427,0.1119093192167882,0.25398946204131195,0.3441983975275384,0.25398946204131195,/development_run_metrics/10/equal_parent,results/parent_group_pilot_v1/evaluation/deterministic/20260912/predictions_k1.csv,0d7956ddaaa84bc9215033ce4bf2de1ac9b0a2ba84283fc53609d4e2efd4265f,True
parent_isolated_three_seed,deterministic,20260912,1,1,actual binary worlds used for event scores,overall,all,pooled,1545,40,0.31456310679611643,0.39158576051779914,0.12491909385113269,1.7258219350700954,0.12491909385113259,0.25785123966942153,0.39158576051779936,0.25785123966942153,/development_run_metrics/10/pooled,results/parent_group_pilot_v1/evaluation/deterministic/20260912/predictions_k1.csv,0d7956ddaaa84bc9215033ce4bf2de1ac9b0a2ba84283fc53609d4e2efd4265f,True
parent_isolated_three_seed,deterministic,20260912,1,1,actual binary worlds used for event scores,source,3RScan,equal_parent_within_stratum,228,8,0.16749037999038,0.16198593073593073,0.052365921115921116,0.7234628836884113,0.05236592111592112,0.14464673459161517,0.16198593073593073,0.5222647221417656,/development_run_metrics/10/by_source/3RScan,results/parent_group_pilot_v1/evaluation/deterministic/20260912/predictions_k1.csv,0d7956ddaaa84bc9215033ce4bf2de1ac9b0a2ba84283fc53609d4e2efd4265f,True
parent_isolated_three_seed,deterministic,20260912,1,1,actual binary worlds used for event scores,source,ARKitScenes,equal_parent_within_stratum,294,8,0.11491402116402115,0.16121031746031747,0.0916005291005291,1.2655089853014163,0.0916005291005291,0.4276923076923077,0.16121031746031744,0.6799666013765164,/development_run_metrics/10/by_source/ARKitScenes,results/parent_group_pilot_v1/evaluation/deterministic/20260912/predictions_k1.csv,0d7956ddaaa84bc9215033ce4bf2de1ac9b0a2ba84283fc53609d4e2efd4265f,True
parent_isolated_three_seed,deterministic,20260912,1,1,actual binary worlds used for event scores,source,Matterport3D,equal_parent_within_stratum,324,8,0.44575137338295234,0.5192724551277182,0.12991205918837498,1.7948022954093248,0.12991205918837495,0.19588285390865307,0.5192724551277184,0.19588285390865307,/development_run_metrics/10/by_source/Matterport3D,results/parent_group_pilot_v1/evaluation/deterministic/20260912/predictions_k1.csv,0d7956ddaaa84bc9215033ce4bf2de1ac9b0a2ba84283fc53609d4e2efd4265f,True
parent_isolated_three_seed,deterministic,20260912,1,1,actual binary worlds used for event scores,source,ScanNet,equal_parent_within_stratum,312,8,0.21962340491752255,0.32557189542483667,0.13691643323996266,1.8915712920660206,0.1369164332399627,0.3729820158929316,0.3255718954248367,0.3729820158929316,/development_run_metrics/10/by_source/ScanNet,results/parent_group_pilot_v1/evaluation/deterministic/20260912/predictions_k1.csv,0d7956ddaaa84bc9215033ce4bf2de1ac9b0a2ba84283fc53609d4e2efd4265f,True
parent_isolated_three_seed,deterministic,20260912,1,1,actual binary worlds used for event scores,source,ZInD,equal_parent_within_stratum,387,8,0.45853174603174596,0.5529513888888888,0.14875165343915342,2.0550808898485435,0.14875165343915342,0.21988487702773415,0.5529513888888888,0.21988487702773415,/development_run_metrics/10/by_source/ZInD,results/parent_group_pilot_v1/evaluation/deterministic/20260912/predictions_k1.csv,0d7956ddaaa84bc9215033ce4bf2de1ac9b0a2ba84283fc53609d4e2efd4265f,True
parent_isolated_three_seed,deterministic,20260912,1,1,actual binary worlds used for event scores,radius,0,equal_parent_within_stratum,515,40,0.595891557380528,0.6729897395561095,0.17956052676253914,2.4807211737176793,0.1795605267625393,0.19068545466042885,0.6729897395561095,0.19068545466042885,/development_run_metrics/10/by_radius/0,results/parent_group_pilot_v1/evaluation/deterministic/20260912/predictions_k1.csv,0d7956ddaaa84bc9215033ce4bf2de1ac9b0a2ba84283fc53609d4e2efd4265f,True
parent_isolated_three_seed,deterministic,20260912,1,1,actual binary worlds used for event scores,radius,10,equal_parent_within_stratum,515,40,0.15929537385129489,0.2484128882813093,0.11385957792207793,1.5730290870457702,0.11385957792207793,0.40854782889170344,0.2484128882813093,0.507421801194166,/development_run_metrics/10/by_radius/10,results/parent_group_pilot_v1/evaluation/deterministic/20260912/predictions_k1.csv,0d7956ddaaa84bc9215033ce4bf2de1ac9b0a2ba84283fc53609d4e2efd4265f,True
parent_isolated_three_seed,deterministic,20260912,1,1,actual binary worlds used for event scores,radius,20,equal_parent_within_stratum,515,40,0.08859962406015037,0.11119256474519632,0.042307852965747704,0.5845055470247802,0.042307852965747725,0.291839628843517,0.11119256474519632,0.7305461135249577,/development_run_metrics/10/by_radius/20,results/parent_group_pilot_v1/evaluation/deterministic/20260912/predictions_k1.csv,0d7956ddaaa84bc9215033ce4bf2de1ac9b0a2ba84283fc53609d4e2efd4265f,True
parent_isolated_three_seed,deterministic,20260912,1,1,actual binary worlds used for event scores,truth,0,equal_parent_within_stratum,1059,40,0.0,0.12915101484182712,0.12915101484182712,1.7842880799647702,0.1291510148418271,0.9999999999999998,0.12915101484182712,0.9999999999999998,/development_run_metrics/10/by_truth/0,results/parent_group_pilot_v1/evaluation/deterministic/20260912/predictions_k1.csv,0d7956ddaaa84bc9215033ce4bf2de1ac9b0a2ba84283fc53609d4e2efd4265f,True
parent_isolated_three_seed,deterministic,20260912,1,1,actual binary worlds used for event scores,truth,1,equal_parent_within_stratum,486,35,0.9999999999999999,0.8254024468419474,0.1745975531580523,2.4121551644526598,0.1745975531580523,0.0,0.8254024468419476,0.0,/development_run_metrics/10/by_truth/1,results/parent_group_pilot_v1/evaluation/deterministic/20260912/predictions_k1.csv,0d7956ddaaa84bc9215033ce4bf2de1ac9b0a2ba84283fc53609d4e2efd4265f,True
parent_isolated_three_seed,independent,20260910,4,4,actual binary worlds used for event scores,overall,all,equal_parent,1545,40,0.2812621850973244,0.27956606843627935,0.11225981361859602,1.2390241683947545,0.10212218996782652,0.1931562694223429,0.2259287097348243,0.2502566707754052,/development_run_metrics/11/equal_parent,results/parent_group_pilot_v1/evaluation/independent/20260910/predictions_k4.csv,7e2bc88bd6fea1d7b4c17419c0a1b4a028f04044e12dde01620859444debd179,True
parent_isolated_three_seed,independent,20260910,4,4,actual binary worlds used for event scores,overall,all,pooled,1545,40,0.31456310679611643,0.3084142394822006,0.12718446601941746,1.408998291172556,0.11359223300970873,0.1962864721485411,0.24401294498381879,0.22684002346751453,/development_run_metrics/11/pooled,results/parent_group_pilot_v1/evaluation/independent/20260910/predictions_k4.csv,7e2bc88bd6fea1d7b4c17419c0a1b4a028f04044e12dde01620859444debd179,True
parent_isolated_three_seed,independent,20260910,4,4,actual binary worlds used for event scores,source,3RScan,equal_parent_within_stratum,228,8,0.16749037999038,0.14089556277056278,0.06599890271765271,0.7476163394682648,0.0704800986050986,0.15815899581589957,0.12932900432900435,0.5278512949446926,/development_run_metrics/11/by_source/3RScan,results/parent_group_pilot_v1/evaluation/independent/20260910/predictions_k4.csv,7e2bc88bd6fea1d7b4c17419c0a1b4a028f04044e12dde01620859444debd179,True
parent_isolated_three_seed,independent,20260910,4,4,actual binary worlds used for event scores,source,ARKitScenes,equal_parent_within_stratum,294,8,0.11491402116402115,0.14322916666666666,0.07038483796296297,0.8551500633632654,0.07204861111111113,0.3734439834024896,0.11954365079365079,0.6591079845124909,/development_run_metrics/11/by_source/ARKitScenes,results/parent_group_pilot_v1/evaluation/independent/20260910/predictions_k4.csv,7e2bc88bd6fea1d7b4c17419c0a1b4a028f04044e12dde01620859444debd179,True
parent_isolated_three_seed,independent,20260910,4,4,actual binary worlds used for event scores,source,Matterport3D,equal_parent_within_stratum,324,8,0.44575137338295234,0.41973957146654506,0.1479842381363763,1.420475764627427,0.13584248658261808,0.11999477890678346,0.31516923622186765,0.11999477890678348,/development_run_metrics/11/by_source/Matterport3D,results/parent_group_pilot_v1/evaluation/independent/20260910/predictions_k4.csv,7e2bc88bd6fea1d7b4c17419c0a1b4a028f04044e12dde01620859444debd179,True
parent_isolated_three_seed,independent,20260910,4,4,actual binary worlds used for event scores,source,ScanNet,equal_parent_within_stratum,312,8,0.21962340491752255,0.28723447712418304,0.08663729380641146,0.9375591008576368,0.08877509337068168,0.21494551689805838,0.24617374727668856,0.31090888150232826,/development_run_metrics/11/by_source/ScanNet,results/parent_group_pilot_v1/evaluation/independent/20260910/predictions_k4.csv,7e2bc88bd6fea1d7b4c17419c0a1b4a028f04044e12dde01620859444debd179,True
parent_isolated_three_seed,independent,20260910,4,4,actual binary worlds used for event scores,source,ZInD,equal_parent_within_stratum,387,8,0.45853174603174596,0.40673156415343914,0.1902937954695767,2.2343195736571797,0.17653563161375663,0.1952482012526528,0.3194279100529101,0.1952482012526528,/development_run_metrics/11/by_source/ZInD,results/parent_group_pilot_v1/evaluation/independent/20260910/predictions_k4.csv,7e2bc88bd6fea1d7b4c17419c0a1b4a028f04044e12dde01620859444debd179,True
parent_isolated_three_seed,independent,20260910,4,4,actual binary worlds used for event scores,radius,0,equal_parent_within_stratum,515,40,0.595891557380528,0.6819718190306425,0.1762064248047704,2.084659695791358,0.16340300324675316,0.18815205844799782,0.6115557094049742,0.18815205844799782,/development_run_metrics/11/by_radius/0,results/parent_group_pilot_v1/evaluation/independent/20260910/predictions_k4.csv,7e2bc88bd6fea1d7b4c17419c0a1b4a028f04044e12dde01620859444debd179,True
parent_isolated_three_seed,independent,20260910,4,4,actual binary worlds used for event scores,radius,10,equal_parent_within_stratum,515,40,0.15929537385129489,0.13360712980367584,0.09303476939270525,0.8630150168937792,0.08776179914748995,0.24984262432678184,0.06345264202172096,0.5811721107838875,/development_run_metrics/11/by_radius/10,results/parent_group_pilot_v1/evaluation/independent/20260910/predictions_k4.csv,7e2bc88bd6fea1d7b4c17419c0a1b4a028f04044e12dde01620859444debd179,True
parent_isolated_three_seed,independent,20260910,4,4,actual binary worlds used for event scores,radius,20,equal_parent_within_stratum,515,40,0.08859962406015037,0.023119256474519633,0.06753824665831244,0.7693977924991267,0.06548036758563075,0.0,0.002777777777777778,0.8342712386836614,/development_run_metrics/11/by_radius/20,results/parent_group_pilot_v1/evaluation/independent/20260910/predictions_k4.csv,7e2bc88bd6fea1d7b4c17419c0a1b4a028f04044e12dde01620859444debd179,True
parent_isolated_three_seed,independent,20260910,4,4,actual binary worlds used for event scores,truth,0,equal_parent_within_stratum,1059,40,0.0,0.09350633286907084,0.08234497405365501,0.9057845327153637,0.09350633286907081,0.9999999999999996,0.06171406760194194,1.0,/development_run_metrics/11/by_truth/0,results/parent_group_pilot_v1/evaluation/independent/20260910/predictions_k4.csv,7e2bc88bd6fea1d7b4c17419c0a1b4a028f04044e12dde01620859444debd179,True
parent_isolated_three_seed,independent,20260910,4,4,actual binary worlds used for event scores,truth,1,equal_parent_within_stratum,486,35,0.9999999999999999,0.7191138860424102,0.2479843148334984,3.030898886898347,0.2808861139575896,0.0,0.6268012502578546,0.0,/development_run_metrics/11/by_truth/1,results/parent_group_pilot_v1/evaluation/independent/20260910/predictions_k4.csv,7e2bc88bd6fea1d7b4c17419c0a1b4a028f04044e12dde01620859444debd179,True
parent_isolated_three_seed,independent,20260910,32,32,actual binary worlds used for event scores,overall,all,equal_parent,1545,40,0.2812621850973244,0.27926293522958096,0.10844725764745712,0.8811937693896779,0.09996037819035111,0.20570982063968435,0.2418114591663353,0.2540124704510091,/development_run_metrics/12/equal_parent,results/parent_group_pilot_v1/evaluation/independent/20260910/predictions_k32.csv,07d7dc4ecd91907957a0ace223f6a5fe5fafafa1d75d0cc20b4fd13260c364f1,True
parent_isolated_three_seed,independent,20260910,32,32,actual binary worlds used for event scores,overall,all,pooled,1545,40,0.31456310679611643,0.3091019417475728,0.11966777912621361,0.9604735222173074,0.10889967637540457,0.20398009950248755,0.26019417475728157,0.23592233009708738,/development_run_metrics/12/pooled,results/parent_group_pilot_v1/evaluation/independent/20260910/predictions_k32.csv,07d7dc4ecd91907957a0ace223f6a5fe5fafafa1d75d0cc20b4fd13260c364f1,True
parent_isolated_three_seed,independent,20260910,32,32,actual binary worlds used for event scores,source,3RScan,equal_parent_within_stratum,228,8,0.16749037999038,0.1357330747955748,0.07394986650357743,0.7099651499135391,0.07581507034632033,0.1770961145194274,0.13230519480519481,0.5283286975024709,/development_run_metrics/12/by_source/3RScan,results/parent_group_pilot_v1/evaluation/independent/20260910/predictions_k32.csv,07d7dc4ecd91907957a0ace223f6a5fe5fafafa1d75d0cc20b4fd13260c364f1,True
parent_isolated_three_seed,independent,20260910,32,32,actual binary worlds used for event scores,source,ARKitScenes,equal_parent_within_stratum,294,8,0.11491402116402115,0.1427434689153439,0.06569158967840608,0.6336352856343767,0.06414310515873015,0.3723849372384937,0.1185515873015873,0.6432231997923592,/development_run_metrics/12/by_source/ARKitScenes,results/parent_group_pilot_v1/evaluation/independent/20260910/predictions_k32.csv,07d7dc4ecd91907957a0ace223f6a5fe5fafafa1d75d0cc20b4fd13260c364f1,True
parent_isolated_three_seed,independent,20260910,32,32,actual binary worlds used for event scores,source,Matterport3D,equal_parent_within_stratum,324,8,0.44575137338295234,0.4288086901676539,0.1370383397569741,0.9238875941834825,0.12565719756303648,0.1636269416399145,0.36028676489202793,0.10961967879754182,/development_run_metrics/12/by_source/Matterport3D,results/parent_group_pilot_v1/evaluation/independent/20260910/predictions_k32.csv,07d7dc4ecd91907957a0ace223f6a5fe5fafafa1d75d0cc20b4fd13260c364f1,True
parent_isolated_three_seed,independent,20260910,32,32,actual binary worlds used for event scores,source,ScanNet,equal_parent_within_stratum,312,8,0.21962340491752255,0.2847166904956427,0.08566866986594984,0.6176339883947779,0.08688707253734826,0.22705741502264323,0.2615876906318083,0.3113652868554828,/development_run_metrics/12/by_source/ScanNet,results/parent_group_pilot_v1/evaluation/independent/20260910/predictions_k32.csv,07d7dc4ecd91907957a0ace223f6a5fe5fafafa1d75d0cc20b4fd13260c364f1,True
parent_isolated_three_seed,independent,20260910,32,32,actual binary worlds used for event scores,source,ZInD,equal_parent_within_stratum,387,8,0.45853174603174596,0.40431275177368925,0.17988782243237808,1.5208468288222117,0.1668024177789803,0.18669190305294728,0.3363260582010581,0.1588403880070547,/development_run_metrics/12/by_source/ZInD,results/parent_group_pilot_v1/evaluation/independent/20260910/predictions_k32.csv,07d7dc4ecd91907957a0ace223f6a5fe5fafafa1d75d0cc20b4fd13260c364f1,True
parent_isolated_three_seed,independent,20260910,32,32,actual binary worlds used for event scores,radius,0,equal_parent_within_stratum,515,40,0.595891557380528,0.6837387747164257,0.17681798340668317,1.5454613734427844,0.16754799347968857,0.19925090871919063,0.6570292738307444,0.14581096936257507,/development_run_metrics/12/by_radius/0,results/parent_group_pilot_v1/evaluation/independent/20260910/predictions_k32.csv,07d7dc4ecd91907957a0ace223f6a5fe5fafafa1d75d0cc20b4fd13260c364f1,True
parent_isolated_three_seed,independent,20260910,32,32,actual binary worlds used for event scores,radius,10,equal_parent_within_stratum,515,40,0.15929537385129489,0.1291879326927641,0.08484342136877022,0.49693967581856435,0.07154403453591363,0.2790803307430146,0.06562732589048378,0.5377585234496445,/development_run_metrics/12/by_radius/10,results/parent_group_pilot_v1/evaluation/independent/20260910/predictions_k32.csv,07d7dc4ecd91907957a0ace223f6a5fe5fafafa1d75d0cc20b4fd13260c364f1,True
parent_isolated_three_seed,independent,20260910,32,32,actual binary worlds used for event scores,radius,20,equal_parent_within_stratum,515,40,0.08859962406015037,0.02486209827955305,0.06368036816691794,0.6011802589076839,0.06553440078059733,0.0,0.002777777777777778,0.8002512901208835,/development_run_metrics/12/by_radius/20,results/parent_group_pilot_v1/evaluation/independent/20260910/predictions_k32.csv,07d7dc4ecd91907957a0ace223f6a5fe5fafafa1d75d0cc20b4fd13260c364f1,True
parent_isolated_three_seed,independent,20260910,32,32,actual binary worlds used for event scores,truth,0,equal_parent_within_stratum,1059,40,0.0,0.0942664181395553,0.08069486702561796,0.5711586684635929,0.09426641813955527,1.0,0.07146905193473188,1.0,/development_run_metrics/12/by_truth/0,results/parent_group_pilot_v1/evaluation/independent/20260910/predictions_k32.csv,07d7dc4ecd91907957a0ace223f6a5fe5fafafa1d75d0cc20b4fd13260c364f1,True
parent_isolated_three_seed,independent,20260910,32,32,actual binary worlds used for event scores,truth,1,equal_parent_within_stratum,486,35,0.9999999999999999,0.7179927810238496,0.24115644391806604,2.7157747440303255,0.2820072189761506,0.0,0.6653259025110732,0.0,/development_run_metrics/12/by_truth/1,results/parent_group_pilot_v1/evaluation/independent/20260910/predictions_k32.csv,07d7dc4ecd91907957a0ace223f6a5fe5fafafa1d75d0cc20b4fd13260c364f1,True
parent_isolated_three_seed,independent,20260911,4,4,actual binary worlds used for event scores,overall,all,equal_parent,1545,40,0.2812621850973244,0.260117347759811,0.11949642676465191,1.3434115716119477,0.10518049466264445,0.1981447004777017,0.1977747119581485,0.24254841836315133,/development_run_metrics/13/equal_parent,results/parent_group_pilot_v1/evaluation/independent/20260911/predictions_k4.csv,17b7bb2386014c850988dfe3e8dcbce3d48105bc96de4bf105f22ce340ea93b7,True
parent_isolated_three_seed,independent,20260911,4,4,actual binary worlds used for event scores,overall,all,pooled,1545,40,0.31456310679611643,0.2846278317152103,0.13555825242718444,1.5406150467230317,0.11990291262135927,0.1897590361445783,0.21488673139158576,0.23423948220064716,/development_run_metrics/13/pooled,results/parent_group_pilot_v1/evaluation/independent/20260911/predictions_k4.csv,17b7bb2386014c850988dfe3e8dcbce3d48105bc96de4bf105f22ce340ea93b7,True
parent_isolated_three_seed,independent,20260911,4,4,actual binary worlds used for event scores,source,3RScan,equal_parent_within_stratum,228,8,0.16749037999038,0.13694008537758537,0.0681015888047138,0.7030345716241478,0.07030949374699375,0.1312323612417686,0.11504329004329003,0.5307271666303192,/development_run_metrics/13/by_source/3RScan,results/parent_group_pilot_v1/evaluation/independent/20260911/predictions_k4.csv,17b7bb2386014c850988dfe3e8dcbce3d48105bc96de4bf105f22ce340ea93b7,True
parent_isolated_three_seed,independent,20260911,4,4,actual binary worlds used for event scores,source,ARKitScenes,equal_parent_within_stratum,294,8,0.11491402116402115,0.13210978835978834,0.06568287037037038,0.7685952998382803,0.058449074074074105,0.35467980295566504,0.10069444444444445,0.6647301738630389,/development_run_metrics/13/by_source/ARKitScenes,results/parent_group_pilot_v1/evaluation/independent/20260911/predictions_k4.csv,17b7bb2386014c850988dfe3e8dcbce3d48105bc96de4bf105f22ce340ea93b7,True
parent_isolated_three_seed,independent,20260911,4,4,actual binary worlds used for event scores,source,Matterport3D,equal_parent_within_stratum,324,8,0.44575137338295234,0.3903093434343434,0.1725982807397281,1.9685014212441574,0.14923712374370265,0.15982486128560874,0.2934308625098099,0.16156971212699692,/development_run_metrics/13/by_source/Matterport3D,results/parent_group_pilot_v1/evaluation/independent/20260911/predictions_k4.csv,17b7bb2386014c850988dfe3e8dcbce3d48105bc96de4bf105f22ce340ea93b7,True
parent_isolated_three_seed,independent,20260911,4,4,actual binary worlds used for event scores,source,ScanNet,equal_parent_within_stratum,312,8,0.21962340491752255,0.2617326097105509,0.07440938180827886,0.797594068157033,0.06969635076252724,0.25493029930299294,0.1897759103641457,0.2877622076309615,/development_run_metrics/13/by_source/ScanNet,results/parent_group_pilot_v1/evaluation/independent/20260911/predictions_k4.csv,17b7bb2386014c850988dfe3e8dcbce3d48105bc96de4bf105f22ce340ea93b7,True
parent_isolated_three_seed,independent,20260911,4,4,actual binary worlds used for event scores,source,ZInD,equal_parent_within_stratum,387,8,0.45853174603174596,0.37949491191678686,0.2166900121001683,2.479332497196122,0.2080291381072631,0.1719427220505589,0.28992905242905237,0.18014469482167475,/development_run_metrics/13/by_source/ZInD,results/parent_group_pilot_v1/evaluation/independent/20260911/predictions_k4.csv,17b7bb2386014c850988dfe3e8dcbce3d48105bc96de4bf105f22ce340ea93b7,True
parent_isolated_three_seed,independent,20260911,4,4,actual binary worlds used for event scores,radius,0,equal_parent_within_stratum,515,40,0.595891557380528,0.6540919327759015,0.16582817677758904,1.7419101064388063,0.13905709118775095,0.1737183865509735,0.5286032427324996,0.1737183865509735,/development_run_metrics/13/by_radius/0,results/parent_group_pilot_v1/evaluation/independent/20260911/predictions_k4.csv,17b7bb2386014c850988dfe3e8dcbce3d48105bc96de4bf105f22ce340ea93b7,True
parent_isolated_three_seed,independent,20260911,4,4,actual binary worlds used for event scores,radius,10,equal_parent_within_stratum,515,40,0.15929537385129489,0.1033486652236652,0.11492222507025139,1.3382705893448783,0.10741857009949116,0.4226013431356044,0.06089883800410117,0.6503916981014561,/development_run_metrics/13/by_radius/10,results/parent_group_pilot_v1/evaluation/independent/20260911/predictions_k4.csv,17b7bb2386014c850988dfe3e8dcbce3d48105bc96de4bf105f22ce340ea93b7,True
parent_isolated_three_seed,independent,20260911,4,4,actual binary worlds used for event scores,radius,20,equal_parent_within_stratum,515,40,0.08859962406015037,0.022911445279866334,0.07773887844611528,0.9500540190521597,0.07746449456975772,0.0,0.0038220551378446116,0.8659748471758976,/development_run_metrics/13/by_radius/20,results/parent_group_pilot_v1/evaluation/independent/20260911/predictions_k4.csv,17b7bb2386014c850988dfe3e8dcbce3d48105bc96de4bf105f22ce340ea93b7,True
parent_isolated_three_seed,independent,20260911,4,4,actual binary worlds used for event scores,truth,0,equal_parent_within_stratum,1059,40,0.0,0.08611106709144221,0.07556784419711927,0.8217498194279753,0.0861110670914422,0.9999999999999998,0.05580011253224072,1.0000000000000002,/development_run_metrics/13/by_truth/0,results/parent_group_pilot_v1/evaluation/independent/20260911/predictions_k4.csv,17b7bb2386014c850988dfe3e8dcbce3d48105bc96de4bf105f22ce340ea93b7,True
parent_isolated_three_seed,independent,20260911,4,4,actual binary worlds used for event scores,truth,1,equal_parent_within_stratum,486,35,0.9999999999999999,0.7212590303541857,0.23049246928838207,2.728294941918005,0.2787409696458143,0.0,0.5690446776835312,0.0,/development_run_metrics/13/by_truth/1,results/parent_group_pilot_v1/evaluation/independent/20260911/predictions_k4.csv,17b7bb2386014c850988dfe3e8dcbce3d48105bc96de4bf105f22ce340ea93b7,True
parent_isolated_three_seed,independent,20260911,32,32,actual binary worlds used for event scores,overall,all,equal_parent,1545,40,0.2812621850973244,0.25738635870641124,0.111832389946123,0.9386804212285992,0.09632979107670113,0.19713220352626734,0.21297523461803644,0.24344110539838829,/development_run_metrics/14/equal_parent,results/parent_group_pilot_v1/evaluation/independent/20260911/predictions_k32.csv,c803782fdb2d8a72c90c2fa8bc080701acb5c6ca369e90a662bf39834ffb55cc,True
parent_isolated_three_seed,independent,20260911,32,32,actual binary worlds used for event scores,overall,all,pooled,1545,40,0.31456310679611643,0.2811084142394822,0.12779379045307443,1.0933292183051497,0.10962783171521036,0.1894150417827298,0.23236245954692558,0.23208506703652332,/development_run_metrics/14/pooled,results/parent_group_pilot_v1/evaluation/independent/20260911/predictions_k32.csv,c803782fdb2d8a72c90c2fa8bc080701acb5c6ca369e90a662bf39834ffb55cc,True
parent_isolated_three_seed,independent,20260911,32,32,actual binary worlds used for event scores,source,3RScan,equal_parent_within_stratum,228,8,0.16749037999038,0.13830163615319868,0.05912987001243837,0.6155153926608753,0.065362610479798,0.12704918032786885,0.11883116883116882,0.5213709008044852,/development_run_metrics/14/by_source/3RScan,results/parent_group_pilot_v1/evaluation/independent/20260911/predictions_k32.csv,c803782fdb2d8a72c90c2fa8bc080701acb5c6ca369e90a662bf39834ffb55cc,True
parent_isolated_three_seed,independent,20260911,32,32,actual binary worlds used for event scores,source,ARKitScenes,equal_parent_within_stratum,294,8,0.11491402116402115,0.12851872519841268,0.06510691163401125,0.4180066005520131,0.06814752810846561,0.3513513513513514,0.1101190476190476,0.6554904236202573,/development_run_metrics/14/by_source/ARKitScenes,results/parent_group_pilot_v1/evaluation/independent/20260911/predictions_k32.csv,c803782fdb2d8a72c90c2fa8bc080701acb5c6ca369e90a662bf39834ffb55cc,True
parent_isolated_three_seed,independent,20260911,32,32,actual binary worlds used for event scores,source,Matterport3D,equal_parent_within_stratum,324,8,0.44575137338295234,0.3882516670859598,0.16581751839673559,1.3998008215994213,0.1528605733478265,0.16699223090653462,0.33817419179261277,0.14202578881314512,/development_run_metrics/14/by_source/Matterport3D,results/parent_group_pilot_v1/evaluation/independent/20260911/predictions_k32.csv,c803782fdb2d8a72c90c2fa8bc080701acb5c6ca369e90a662bf39834ffb55cc,True
parent_isolated_three_seed,independent,20260911,32,32,actual binary worlds used for event scores,source,ScanNet,equal_parent_within_stratum,312,8,0.21962340491752255,0.26033539283769064,0.06972692532959364,0.3063731132621509,0.05175246313803299,0.23370565852461023,0.20602046374105204,0.29152401701421304,/development_run_metrics/14/by_source/ScanNet,results/parent_group_pilot_v1/evaluation/independent/20260911/predictions_k32.csv,c803782fdb2d8a72c90c2fa8bc080701acb5c6ca369e90a662bf39834ffb55cc,True
parent_isolated_three_seed,independent,20260911,32,32,actual binary worlds used for event scores,source,ZInD,equal_parent_within_stratum,387,8,0.45853174603174596,0.37152437225679413,0.19938072435783616,1.9537061780685332,0.17743696732954542,0.17657651623274584,0.291731301106301,0.17473084228331073,/development_run_metrics/14/by_source/ZInD,results/parent_group_pilot_v1/evaluation/independent/20260911/predictions_k32.csv,c803782fdb2d8a72c90c2fa8bc080701acb5c6ca369e90a662bf39834ffb55cc,True
parent_isolated_three_seed,independent,20260911,32,32,actual binary worlds used for event scores,radius,0,equal_parent_within_stratum,515,40,0.595891557380528,0.6496573287346736,0.15014439293947524,1.0259517070001682,0.11932173971686963,0.17542461076895097,0.5712818783813366,0.09528345275248062,/development_run_metrics/14/by_radius/0,results/parent_group_pilot_v1/evaluation/independent/20260911/predictions_k32.csv,c803782fdb2d8a72c90c2fa8bc080701acb5c6ca369e90a662bf39834ffb55cc,True
parent_isolated_three_seed,independent,20260911,32,32,actual binary worlds used for event scores,radius,10,equal_parent_within_stratum,515,40,0.15929537385129489,0.10182776424963924,0.10791925677860606,0.9767881268370051,0.10328853620794409,0.3717020588355893,0.06251224652540442,0.6316781634681928,/development_run_metrics/14/by_radius/10,results/parent_group_pilot_v1/evaluation/independent/20260911/predictions_k32.csv,c803782fdb2d8a72c90c2fa8bc080701acb5c6ca369e90a662bf39834ffb55cc,True
parent_isolated_three_seed,independent,20260911,32,32,actual binary worlds used for event scores,radius,20,equal_parent_within_stratum,515,40,0.08859962406015037,0.020673983134920634,0.0774335201202877,0.8133014298486233,0.07847662776733498,0.48717948717948717,0.005131578947368421,0.837264712278142,/development_run_metrics/14/by_radius/20,results/parent_group_pilot_v1/evaluation/independent/20260911/predictions_k32.csv,c803782fdb2d8a72c90c2fa8bc080701acb5c6ca369e90a662bf39834ffb55cc,True
parent_isolated_three_seed,independent,20260911,32,32,actual binary worlds used for event scores,truth,0,equal_parent_within_stratum,1059,40,0.0,0.08337089984078586,0.06919238121056355,0.3810019377690077,0.08337089984078584,1.0000000000000002,0.06060656754387008,1.0000000000000004,/development_run_metrics/14/by_truth/0,results/parent_group_pilot_v1/evaluation/independent/20260911/predictions_k32.csv,c803782fdb2d8a72c90c2fa8bc080701acb5c6ca369e90a662bf39834ffb55cc,True
parent_isolated_three_seed,independent,20260911,32,32,actual binary worlds used for event scores,truth,1,equal_parent_within_stratum,486,35,0.9999999999999999,0.7157314509036228,0.2210757854371293,2.258129439676199,0.284268549096377,0.0,0.6188906078582255,0.0,/development_run_metrics/14/by_truth/1,results/parent_group_pilot_v1/evaluation/independent/20260911/predictions_k32.csv,c803782fdb2d8a72c90c2fa8bc080701acb5c6ca369e90a662bf39834ffb55cc,True
parent_isolated_three_seed,independent,20260912,4,4,actual binary worlds used for event scores,overall,all,equal_parent,1545,40,0.2812621850973244,0.25422811359392244,0.12908764892353805,1.5789516443225364,0.12225809040389149,0.2288765526813161,0.20802484523846754,0.26807433256055463,/development_run_metrics/15/equal_parent,results/parent_group_pilot_v1/evaluation/independent/20260912/predictions_k4.csv,cf44238d01ec051cb59344ab81341aebb3c28fde72a56263958b0ae020d4712b,True
parent_isolated_three_seed,independent,20260912,4,4,actual binary worlds used for event scores,overall,all,pooled,1545,40,0.31456310679611643,0.27993527508090615,0.14409385113268605,1.7516931482828444,0.1368932038834952,0.22701149425287356,0.22524271844660196,0.22679517846254865,/development_run_metrics/15/pooled,results/parent_group_pilot_v1/evaluation/independent/20260912/predictions_k4.csv,cf44238d01ec051cb59344ab81341aebb3c28fde72a56263958b0ae020d4712b,True
parent_isolated_three_seed,independent,20260912,4,4,actual binary worlds used for event scores,source,3RScan,equal_parent_within_stratum,228,8,0.16749037999038,0.13231872294372293,0.07503569925444925,0.9795549920884369,0.0744844276094276,0.12477638640429342,0.12099567099567096,0.5897842444950705,/development_run_metrics/15/by_source/3RScan,results/parent_group_pilot_v1/evaluation/independent/20260912/predictions_k4.csv,cf44238d01ec051cb59344ab81341aebb3c28fde72a56263958b0ae020d4712b,True
parent_isolated_three_seed,independent,20260912,4,4,actual binary worlds used for event scores,source,ARKitScenes,equal_parent_within_stratum,294,8,0.11491402116402115,0.11693948412698411,0.07371238425925926,0.9215217384890249,0.07436342592592593,0.411764705882353,0.09275793650793651,0.6888787206971198,/development_run_metrics/15/by_source/ARKitScenes,results/parent_group_pilot_v1/evaluation/independent/20260912/predictions_k4.csv,cf44238d01ec051cb59344ab81341aebb3c28fde72a56263958b0ae020d4712b,True
parent_isolated_three_seed,independent,20260912,4,4,actual binary worlds used for event scores,source,Matterport3D,equal_parent_within_stratum,324,8,0.44575137338295234,0.41482533670033667,0.1691907325131009,1.947364454452964,0.16136735462393342,0.19259081023120433,0.3386488633199158,0.19259081023120433,/development_run_metrics/15/by_source/Matterport3D,results/parent_group_pilot_v1/evaluation/independent/20260912/predictions_k4.csv,cf44238d01ec051cb59344ab81341aebb3c28fde72a56263958b0ae020d4712b,True
parent_isolated_three_seed,independent,20260912,4,4,actual binary worlds used for event scores,source,ScanNet,equal_parent_within_stratum,312,8,0.21962340491752255,0.2540188297541239,0.09244961873638344,1.0834808001687393,0.08208061002178654,0.29659900337821093,0.1963527077497666,0.32150003430412644,/development_run_metrics/15/by_source/ScanNet,results/parent_group_pilot_v1/evaluation/independent/20260912/predictions_k4.csv,cf44238d01ec051cb59344ab81341aebb3c28fde72a56263958b0ae020d4712b,True
parent_isolated_three_seed,independent,20260912,4,4,actual binary worlds used for event scores,source,ZInD,equal_parent_within_stratum,387,8,0.45853174603174596,0.3530381944444444,0.2350498098544973,2.962836236413517,0.22811259920634913,0.21041879468845762,0.2913690476190476,0.21141797059487874,/development_run_metrics/15/by_source/ZInD,results/parent_group_pilot_v1/evaluation/independent/20260912/predictions_k4.csv,cf44238d01ec051cb59344ab81341aebb3c28fde72a56263958b0ae020d4712b,True
parent_isolated_three_seed,independent,20260912,4,4,actual binary worlds used for event scores,radius,0,equal_parent_within_stratum,515,40,0.595891557380528,0.6114848458322724,0.19349449391499024,2.3058695109787193,0.18439695006790593,0.1902147872129574,0.5256958237840591,0.1902147872129574,/development_run_metrics/15/by_radius/0,results/parent_group_pilot_v1/evaluation/independent/20260912/predictions_k4.csv,cf44238d01ec051cb59344ab81341aebb3c28fde72a56263958b0ae020d4712b,True
parent_isolated_three_seed,independent,20260912,4,4,actual binary worlds used for event scores,radius,10,equal_parent_within_stratum,515,40,0.15929537385129489,0.12066613028784082,0.12208488194919116,1.5391752399478436,0.11250237335763648,0.397880188314444,0.08568134351029087,0.6720920832297612,/development_run_metrics/15/by_radius/10,results/parent_group_pilot_v1/evaluation/independent/20260912/predictions_k4.csv,cf44238d01ec051cb59344ab81341aebb3c28fde72a56263958b0ae020d4712b,True
parent_isolated_three_seed,independent,20260912,4,4,actual binary worlds used for event scores,radius,20,equal_parent_within_stratum,515,40,0.08859962406015037,0.030533364661654135,0.07168357090643274,0.8918101820410475,0.07556625939849625,0.6891191709844561,0.01269736842105263,0.8370685196751343,/development_run_metrics/15/by_radius/20,results/parent_group_pilot_v1/evaluation/independent/20260912/predictions_k4.csv,cf44238d01ec051cb59344ab81341aebb3c28fde72a56263958b0ae020d4712b,True
parent_isolated_three_seed,independent,20260912,4,4,actual binary worlds used for event scores,truth,0,equal_parent_within_stratum,1059,40,0.0,0.08424491006090826,0.0781070580638831,0.9608034243426427,0.08424491006090823,0.9999999999999998,0.06753779539017975,1.0000000000000002,/development_run_metrics/15/by_truth/0,results/parent_group_pilot_v1/evaluation/independent/20260912/predictions_k4.csv,cf44238d01ec051cb59344ab81341aebb3c28fde72a56263958b0ae020d4712b,True
parent_isolated_three_seed,independent,20260912,4,4,actual binary worlds used for event scores,truth,1,equal_parent_within_stratum,486,35,0.9999999999999999,0.6718155999250884,0.2921323337062904,3.693950947728971,0.3281844000749116,0.0,0.5658346906694217,0.0,/development_run_metrics/15/by_truth/1,results/parent_group_pilot_v1/evaluation/independent/20260912/predictions_k4.csv,cf44238d01ec051cb59344ab81341aebb3c28fde72a56263958b0ae020d4712b,True
parent_isolated_three_seed,independent,20260912,32,32,actual binary worlds used for event scores,overall,all,equal_parent,1545,40,0.2812621850973244,0.2550285340848361,0.11575315035586156,1.0110462624066714,0.10764782814333536,0.22257691703859542,0.21881200373557186,0.23551265106654035,/development_run_metrics/16/equal_parent,results/parent_group_pilot_v1/evaluation/independent/20260912/predictions_k32.csv,f6d64b786cdf7f54b0612c1892ed6b108954124f470637097de4d630d07ee09d,True
parent_isolated_three_seed,independent,20260912,32,32,actual binary worlds used for event scores,overall,all,pooled,1545,40,0.31456310679611643,0.27702265372168283,0.13276572613268608,1.2053491084098065,0.12196601941747579,0.22038567493112943,0.23495145631067965,0.22725638259618844,/development_run_metrics/16/pooled,results/parent_group_pilot_v1/evaluation/independent/20260912/predictions_k32.csv,f6d64b786cdf7f54b0612c1892ed6b108954124f470637097de4d630d07ee09d,True
parent_isolated_three_seed,independent,20260912,32,32,actual binary worlds used for event scores,source,3RScan,equal_parent_within_stratum,228,8,0.16749037999038,0.14529220779220778,0.05782177710888648,0.47935976184025353,0.06402041245791246,0.17216699801192842,0.1360930735930736,0.47904776387007403,/development_run_metrics/16/by_source/3RScan,results/parent_group_pilot_v1/evaluation/independent/20260912/predictions_k32.csv,f6d64b786cdf7f54b0612c1892ed6b108954124f470637097de4d630d07ee09d,True
parent_isolated_three_seed,independent,20260912,32,32,actual binary worlds used for event scores,source,ARKitScenes,equal_parent_within_stratum,294,8,0.11491402116402115,0.11765252976190475,0.06983035455935846,0.6137443358641559,0.07117022156084656,0.40291262135922323,0.1021825396825397,0.6832975567904647,/development_run_metrics/16/by_source/ARKitScenes,results/parent_group_pilot_v1/evaluation/independent/20260912/predictions_k32.csv,f6d64b786cdf7f54b0612c1892ed6b108954124f470637097de4d630d07ee09d,True
parent_isolated_three_seed,independent,20260912,32,32,actual binary worlds used for event scores,source,Matterport3D,equal_parent_within_stratum,324,8,0.44575137338295234,0.4102207509382673,0.15263243666274864,1.2494475850723585,0.14278403849744295,0.19020882945594436,0.3454975823396875,0.18140352508961913,/development_run_metrics/16/by_source/Matterport3D,results/parent_group_pilot_v1/evaluation/independent/20260912/predictions_k32.csv,f6d64b786cdf7f54b0612c1892ed6b108954124f470637097de4d630d07ee09d,True
parent_isolated_three_seed,independent,20260912,32,32,actual binary worlds used for event scores,source,ScanNet,equal_parent_within_stratum,312,8,0.21962340491752255,0.25250757421023967,0.08088947085995857,0.5844961604251536,0.06920208187441657,0.2453065557816508,0.21986850295673832,0.2984684614586577,/development_run_metrics/16/by_source/ScanNet,results/parent_group_pilot_v1/evaluation/independent/20260912/predictions_k32.csv,f6d64b786cdf7f54b0612c1892ed6b108954124f470637097de4d630d07ee09d,True
parent_isolated_three_seed,independent,20260912,32,32,actual binary worlds used for event scores,source,ZInD,equal_parent_within_stratum,387,8,0.45853174603174596,0.3494696077215609,0.2175917125883556,2.1281834688314354,0.2101053550760583,0.20404793760141193,0.2904183201058201,0.20447530864197527,/development_run_metrics/16/by_source/ZInD,results/parent_group_pilot_v1/evaluation/independent/20260912/predictions_k32.csv,f6d64b786cdf7f54b0612c1892ed6b108954124f470637097de4d630d07ee09d,True
parent_isolated_three_seed,independent,20260912,32,32,actual binary worlds used for event scores,radius,0,equal_parent_within_stratum,515,40,0.595891557380528,0.6182816576154485,0.16727005024174527,1.2857784239673642,0.1598926533394957,0.19225876049180157,0.5600898427552838,0.13650433869636155,/development_run_metrics/16/by_radius/0,results/parent_group_pilot_v1/evaluation/independent/20260912/predictions_k32.csv,f6d64b786cdf7f54b0612c1892ed6b108954124f470637097de4d630d07ee09d,True
parent_isolated_three_seed,independent,20260912,32,32,actual binary worlds used for event scores,radius,10,equal_parent_within_stratum,515,40,0.15929537385129489,0.1174590981478317,0.11471155982033089,1.0307503786089232,0.1095261087140199,0.3796034936458381,0.0913461684514316,0.6385569006756214,/development_run_metrics/16/by_radius/10,results/parent_group_pilot_v1/evaluation/independent/20260912/predictions_k32.csv,f6d64b786cdf7f54b0612c1892ed6b108954124f470637097de4d630d07ee09d,True
parent_isolated_three_seed,independent,20260912,32,32,actual binary worlds used for event scores,radius,20,equal_parent_within_stratum,515,40,0.08859962406015037,0.02934484649122807,0.06527784100550856,0.7166099846437269,0.06589540256892232,0.75,0.005,0.8241948404547009,/development_run_metrics/16/by_radius/20,results/parent_group_pilot_v1/evaluation/independent/20260912/predictions_k32.csv,f6d64b786cdf7f54b0612c1892ed6b108954124f470637097de4d630d07ee09d,True
parent_isolated_three_seed,independent,20260912,32,32,actual binary worlds used for event scores,truth,0,equal_parent_within_stratum,1059,40,0.0,0.0817614604098254,0.07099114009145319,0.4938597352856399,0.08176146040982538,1.0,0.06918733120032464,1.0,/development_run_metrics/16/by_truth/0,results/parent_group_pilot_v1/evaluation/independent/20260912/predictions_k32.csv,f6d64b786cdf7f54b0612c1892ed6b108954124f470637097de4d630d07ee09d,True
parent_isolated_three_seed,independent,20260912,32,32,actual binary worlds used for event scores,truth,1,equal_parent_within_stratum,486,35,0.9999999999999999,0.6813729678877342,0.2644391173479458,2.9262964461561554,0.3186270321122659,0.0,0.6034363527834676,0.0,/development_run_metrics/16/by_truth/1,results/parent_group_pilot_v1/evaluation/independent/20260912/predictions_k32.csv,f6d64b786cdf7f54b0612c1892ed6b108954124f470637097de4d630d07ee09d,True
parent_isolated_three_seed,nearest_observed,rule,1,1,actual binary worlds used for event scores,overall,all,equal_parent,1545,40,0.2812621850973244,0.3657275122967847,0.13833505052738798,1.9111702127598267,0.13833505052738795,0.3045988751675424,0.3657275122967848,0.30459887516754236,/development_run_metrics/17/equal_parent,results/parent_group_pilot_v1/evaluation/nearest_observed/rule/predictions_k1.csv,8f2e2b40fe56aa909cf9d894df586f4f887bfcf2e29a45c99d1d983344578707,True
parent_isolated_three_seed,nearest_observed,rule,1,1,actual binary worlds used for event scores,overall,all,pooled,1545,40,0.31456310679611643,0.411650485436893,0.1488673139158576,2.056678798269888,0.1488673139158575,0.2987421383647799,0.4116504854368932,0.29874213836477986,/development_run_metrics/17/pooled,results/parent_group_pilot_v1/evaluation/nearest_observed/rule/predictions_k1.csv,8f2e2b40fe56aa909cf9d894df586f4f887bfcf2e29a45c99d1d983344578707,True
parent_isolated_three_seed,nearest_observed,rule,1,1,actual binary worlds used for event scores,source,3RScan,equal_parent_within_stratum,228,8,0.16749037999038,0.22518037518037518,0.07806036556036555,1.0784447264959245,0.07806036556036558,0.30142582505607174,0.2251803751803752,0.47237094575844296,/development_run_metrics/17/by_source/3RScan,results/parent_group_pilot_v1/evaluation/nearest_observed/rule/predictions_k1.csv,8f2e2b40fe56aa909cf9d894df586f4f887bfcf2e29a45c99d1d983344578707,True
parent_isolated_three_seed,nearest_observed,rule,1,1,actual binary worlds used for event scores,source,ARKitScenes,equal_parent_within_stratum,294,8,0.11491402116402115,0.23011363636363635,0.140993265993266,1.9478948139353118,0.14099326599326603,0.5566660134561369,0.23011363636363633,0.656040320323838,/development_run_metrics/17/by_source/ARKitScenes,results/parent_group_pilot_v1/evaluation/nearest_observed/rule/predictions_k1.csv,8f2e2b40fe56aa909cf9d894df586f4f887bfcf2e29a45c99d1d983344578707,True
parent_isolated_three_seed,nearest_observed,rule,1,1,actual binary worlds used for event scores,source,Matterport3D,equal_parent_within_stratum,324,8,0.44575137338295234,0.5404799878484089,0.12821510847826637,1.7713580566541456,0.1282151084782664,0.20624604791681309,0.5404799878484088,0.20624604791681306,/development_run_metrics/17/by_source/Matterport3D,results/parent_group_pilot_v1/evaluation/nearest_observed/rule/predictions_k1.csv,8f2e2b40fe56aa909cf9d894df586f4f887bfcf2e29a45c99d1d983344578707,True
parent_isolated_three_seed,nearest_observed,rule,1,1,actual binary worlds used for event scores,source,ScanNet,equal_parent_within_stratum,312,8,0.21962340491752255,0.29098194833488955,0.19954870837223776,2.756868087792581,0.19954870837223784,0.46550525443217394,0.2909819483348895,0.478854825298428,/development_run_metrics/17/by_source/ScanNet,results/parent_group_pilot_v1/evaluation/nearest_observed/rule/predictions_k1.csv,8f2e2b40fe56aa909cf9d894df586f4f887bfcf2e29a45c99d1d983344578707,True
parent_isolated_three_seed,nearest_observed,rule,1,1,actual binary worlds used for event scores,source,ZInD,equal_parent_within_stratum,387,8,0.45853174603174596,0.5418816137566137,0.14485780423280423,2.0012853789211715,0.1448578042328042,0.21056967625789527,0.5418816137566136,0.21056967625789527,/development_run_metrics/17/by_source/ZInD,results/parent_group_pilot_v1/evaluation/nearest_observed/rule/predictions_k1.csv,8f2e2b40fe56aa909cf9d894df586f4f887bfcf2e29a45c99d1d983344578707,True
parent_isolated_three_seed,nearest_observed,rule,1,1,actual binary worlds used for event scores,radius,0,equal_parent_within_stratum,515,40,0.595891557380528,0.7127295483584184,0.2555106530251654,3.5300108690258853,0.25551065302516535,0.26121313818169967,0.7127295483584183,0.26121313818169967,/development_run_metrics/17/by_radius/0,results/parent_group_pilot_v1/evaluation/nearest_observed/rule/predictions_k1.csv,8f2e2b40fe56aa909cf9d894df586f4f887bfcf2e29a45c99d1d983344578707,True
parent_isolated_three_seed,nearest_observed,rule,1,1,actual binary worlds used for event scores,radius,10,equal_parent_within_stratum,515,40,0.15929537385129489,0.2584376898686109,0.11469787157287156,1.584610540990534,0.11469787157287153,0.41371710855894006,0.25843768986861093,0.49348827719323163,/development_run_metrics/17/by_radius/10,results/parent_group_pilot_v1/evaluation/nearest_observed/rule/predictions_k1.csv,8f2e2b40fe56aa909cf9d894df586f4f887bfcf2e29a45c99d1d983344578707,True
parent_isolated_three_seed,nearest_observed,rule,1,1,actual binary worlds used for event scores,radius,20,equal_parent_within_stratum,515,40,0.08859962406015037,0.12601529866332498,0.04479662698412699,0.618889228263062,0.044796626984126973,0.3261996855117892,0.12601529866332498,0.7145206221384998,/development_run_metrics/17/by_radius/20,results/parent_group_pilot_v1/evaluation/nearest_observed/rule/predictions_k1.csv,8f2e2b40fe56aa909cf9d894df586f4f887bfcf2e29a45c99d1d983344578707,True
parent_isolated_three_seed,nearest_observed,rule,1,1,actual binary worlds used for event scores,truth,0,equal_parent_within_stratum,1059,40,0.0,0.15334165832114113,0.15334165832114113,2.1184941461658306,0.15334165832114108,1.0,0.15334165832114108,1.0,/development_run_metrics/17/by_truth/0,results/parent_group_pilot_v1/evaluation/nearest_observed/rule/predictions_k1.csv,8f2e2b40fe56aa909cf9d894df586f4f887bfcf2e29a45c99d1d983344578707,True
parent_isolated_three_seed,nearest_observed,rule,1,1,actual binary worlds used for event scores,truth,1,equal_parent_within_stratum,486,35,0.9999999999999999,0.8008088640861748,0.19919113591382498,2.75192804207961,0.19919113591382503,0.0,0.8008088640861751,0.0,/development_run_metrics/17/by_truth/1,results/parent_group_pilot_v1/evaluation/nearest_observed/rule/predictions_k1.csv,8f2e2b40fe56aa909cf9d894df586f4f887bfcf2e29a45c99d1d983344578707,True
parent_isolated_three_seed,train_radius_prior,rule,1,,archive filename budget tag; no generated map,overall,all,equal_parent,1545,40,0.2812621850973244,0.33779317500174255,0.15606418204128064,0.4849883218557583,0.056530989904418134,,0.0,0.40410844261947193,/development_run_metrics/18/equal_parent,results/parent_group_pilot_v1/evaluation/train_radius_prior/rule/predictions_k1.csv,3d1b23eed7e7edce8a79e894b8bcf488366d2413c9b0c5314c76a1951455773f,True
parent_isolated_three_seed,train_radius_prior,rule,1,,archive filename budget tag; no generated map,overall,all,pooled,1545,40,0.31456310679611643,0.3377931750017425,0.17001668714827145,0.5179882828463831,0.025862049381584942,,0.0,0.3844660194174758,/development_run_metrics/18/pooled,results/parent_group_pilot_v1/evaluation/train_radius_prior/rule/predictions_k1.csv,3d1b23eed7e7edce8a79e894b8bcf488366d2413c9b0c5314c76a1951455773f,True
parent_isolated_three_seed,train_radius_prior,rule,1,,archive filename budget tag; no generated map,source,3RScan,equal_parent_within_stratum,228,8,0.16749037999038,0.3377931750017425,0.12885645322507144,0.41752211164660563,0.1703027950113626,,0.0,0.5511002886002887,/development_run_metrics/18/by_source/3RScan,results/parent_group_pilot_v1/evaluation/train_radius_prior/rule/predictions_k1.csv,3d1b23eed7e7edce8a79e894b8bcf488366d2413c9b0c5314c76a1951455773f,True
parent_isolated_three_seed,train_radius_prior,rule,1,,archive filename budget tag; no generated map,source,ARKitScenes,equal_parent_within_stratum,294,8,0.11491402116402115,0.3377931750017425,0.1493410111010571,0.46012940332547203,0.2228791538377214,,0.0,0.7455357142857141,/development_run_metrics/18/by_source/ARKitScenes,results/parent_group_pilot_v1/evaluation/train_radius_prior/rule/predictions_k1.csv,3d1b23eed7e7edce8a79e894b8bcf488366d2413c9b0c5314c76a1951455773f,True
parent_isolated_three_seed,train_radius_prior,rule,1,,archive filename budget tag; no generated map,source,Matterport3D,equal_parent_within_stratum,324,8,0.44575137338295234,0.33779317500174255,0.1891376132478742,0.5701658241055427,0.1079581983812097,,0.0,0.16107503607503612,/development_run_metrics/18/by_source/Matterport3D,results/parent_group_pilot_v1/evaluation/train_radius_prior/rule/predictions_k1.csv,3d1b23eed7e7edce8a79e894b8bcf488366d2413c9b0c5314c76a1951455773f,True
parent_isolated_three_seed,train_radius_prior,rule,1,,archive filename budget tag; no generated map,source,ScanNet,equal_parent_within_stratum,312,8,0.21962340491752255,0.3377931750017426,0.10941688758842198,0.37714186741548117,0.13580368515131924,,0.0,0.3619631185807656,/development_run_metrics/18/by_source/ScanNet,results/parent_group_pilot_v1/evaluation/train_radius_prior/rule/predictions_k1.csv,3d1b23eed7e7edce8a79e894b8bcf488366d2413c9b0c5314c76a1951455773f,True
parent_isolated_three_seed,train_radius_prior,rule,1,,archive filename budget tag; no generated map,source,ZInD,equal_parent_within_stratum,387,8,0.45853174603174596,0.33779317500174255,0.20356894504397868,0.5999824027856897,0.1207385710300035,,0.0,0.20086805555555556,/development_run_metrics/18/by_source/ZInD,results/parent_group_pilot_v1/evaluation/train_radius_prior/rule/predictions_k1.csv,3d1b23eed7e7edce8a79e894b8bcf488366d2413c9b0c5314c76a1951455773f,True
parent_isolated_three_seed,train_radius_prior,rule,1,,archive filename budget tag; no generated map,radius,0,equal_parent_within_stratum,515,40,0.595891557380528,0.6115860088185857,0.2410511250290785,0.6751583837237394,0.015694451438057696,,0.0,0.40410844261947204,/development_run_metrics/18/by_radius/0,results/parent_group_pilot_v1/evaluation/train_radius_prior/rule/predictions_k1.csv,3d1b23eed7e7edce8a79e894b8bcf488366d2413c9b0c5314c76a1951455773f,True
parent_isolated_three_seed,train_radius_prior,rule,1,,archive filename budget tag; no generated map,radius,10,equal_parent_within_stratum,515,40,0.15929537385129489,0.2539781568024444,0.1428851871082456,0.4646422176412831,0.09468278295114953,,0.0,0.8407046261487052,/development_run_metrics/18/by_radius/10,results/parent_group_pilot_v1/evaluation/train_radius_prior/rule/predictions_k1.csv,3d1b23eed7e7edce8a79e894b8bcf488366d2413c9b0c5314c76a1951455773f,True
parent_isolated_three_seed,train_radius_prior,rule,1,,archive filename budget tag; no generated map,radius,20,equal_parent_within_stratum,515,40,0.08859962406015037,0.1478153593841974,0.08425623398651799,0.3151643642022524,0.05921573532404704,,0.0,0.9114003759398498,/development_run_metrics/18/by_radius/20,results/parent_group_pilot_v1/evaluation/train_radius_prior/rule/predictions_k1.csv,3d1b23eed7e7edce8a79e894b8bcf488366d2413c9b0c5314c76a1951455773f,True
parent_isolated_three_seed,train_radius_prior,rule,1,,archive filename budget tag; no generated map,truth,0,equal_parent_within_stratum,1059,40,0.0,0.26396041708438855,0.0951300487552521,0.3383295125056755,0.26396041708438855,,0.0,1.0,/development_run_metrics/18/by_truth/0,results/parent_group_pilot_v1/evaluation/train_radius_prior/rule/predictions_k1.csv,3d1b23eed7e7edce8a79e894b8bcf488366d2413c9b0c5314c76a1951455773f,True
parent_isolated_three_seed,train_radius_prior,rule,1,,archive filename budget tag; no generated map,truth,1,equal_parent_within_stratum,486,35,0.9999999999999999,0.5442657582217492,0.22984911079623244,0.6720185622576613,0.4557342417782504,,0.0,0.0,/development_run_metrics/18/by_truth/1,results/parent_group_pilot_v1/evaluation/train_radius_prior/rule/predictions_k1.csv,3d1b23eed7e7edce8a79e894b8bcf488366d2413c9b0c5314c76a1951455773f,True
coherent_two_seed_development,coherent_categorical,20260910,4,4,actual binary worlds used for event scores,overall,all,equal_parent,1545,40,0.2812621850973244,0.2995289635491358,0.09656186026959294,0.9507513144515162,0.08607872885664106,0.19656201475437088,0.2243694426202166,0.2386223131657346,/development_run_metrics/19/equal_parent,results/coherent_parent_pilot_v1/evaluation/20260910/predictions_k4.csv,ece3166721c6177af8cfa2280c6c53a003de5df6020d8f2dc990dc0dcfddea97,True
coherent_two_seed_development,coherent_categorical,20260910,4,4,actual binary worlds used for event scores,overall,all,pooled,1545,40,0.31456310679611643,0.336084142394822,0.108373786407767,1.0582322973002698,0.09368932038834954,0.20572916666666666,0.24854368932038837,0.22920412321706815,/development_run_metrics/19/pooled,results/coherent_parent_pilot_v1/evaluation/20260910/predictions_k4.csv,ece3166721c6177af8cfa2280c6c53a003de5df6020d8f2dc990dc0dcfddea97,True
coherent_two_seed_development,coherent_categorical,20260910,4,4,actual binary worlds used for event scores,source,3RScan,equal_parent_within_stratum,228,8,0.16749037999038,0.1440746753246753,0.05602528258778259,0.6412545859670126,0.06124037999038,0.1288981288981289,0.11712662337662336,0.5222647221417656,/development_run_metrics/19/by_source/3RScan,results/coherent_parent_pilot_v1/evaluation/20260910/predictions_k4.csv,ece3166721c6177af8cfa2280c6c53a003de5df6020d8f2dc990dc0dcfddea97,True
coherent_two_seed_development,coherent_categorical,20260910,4,4,actual binary worlds used for event scores,source,ARKitScenes,equal_parent_within_stratum,294,8,0.11491402116402115,0.13190310846560846,0.06583788029100529,0.6629433442519171,0.04724702380952381,0.4,0.07936507936507936,0.6499099482856541,/development_run_metrics/19/by_source/ARKitScenes,results/coherent_parent_pilot_v1/evaluation/20260910/predictions_k4.csv,ece3166721c6177af8cfa2280c6c53a003de5df6020d8f2dc990dc0dcfddea97,True
coherent_two_seed_development,coherent_categorical,20260910,4,4,actual binary worlds used for event scores,source,Matterport3D,equal_parent_within_stratum,324,8,0.44575137338295234,0.46777929672666513,0.11569970143160932,0.8973319868635011,0.10828602440444539,0.1175489027234161,0.34704580263790785,0.1175489027234161,/development_run_metrics/19/by_source/Matterport3D,results/coherent_parent_pilot_v1/evaluation/20260910/predictions_k4.csv,ece3166721c6177af8cfa2280c6c53a003de5df6020d8f2dc990dc0dcfddea97,True
coherent_two_seed_development,coherent_categorical,20260910,4,4,actual binary worlds used for event scores,source,ScanNet,equal_parent_within_stratum,312,8,0.21962340491752255,0.29369747899159665,0.08429865001556178,0.8660859007687116,0.08333333333333337,0.22249698084996258,0.23677832244008717,0.30612023330554167,/development_run_metrics/19/by_source/ScanNet,results/coherent_parent_pilot_v1/evaluation/20260910/predictions_k4.csv,ece3166721c6177af8cfa2280c6c53a003de5df6020d8f2dc990dc0dcfddea97,True
coherent_two_seed_development,coherent_categorical,20260910,4,4,actual binary worlds used for event scores,source,ZInD,equal_parent_within_stratum,387,8,0.45853174603174596,0.4601902582371332,0.16094778702200574,1.6861407544064366,0.15872508567821061,0.2348006724937725,0.34153138528138516,0.23480067249377248,/development_run_metrics/19/by_source/ZInD,results/coherent_parent_pilot_v1/evaluation/20260910/predictions_k4.csv,ece3166721c6177af8cfa2280c6c53a003de5df6020d8f2dc990dc0dcfddea97,True
coherent_two_seed_development,coherent_categorical,20260910,4,4,actual binary worlds used for event scores,radius,0,equal_parent_within_stratum,515,40,0.595891557380528,0.6721447258129728,0.1598143399106054,1.7095285303587284,0.1423910042485895,0.1685029970953019,0.5689402371794012,0.16850299709530187,/development_run_metrics/19/by_radius/0,results/coherent_parent_pilot_v1/evaluation/20260910/predictions_k4.csv,ece3166721c6177af8cfa2280c6c53a003de5df6020d8f2dc990dc0dcfddea97,True
coherent_two_seed_development,coherent_categorical,20260910,4,4,actual binary worlds used for event scores,radius,10,equal_parent_within_stratum,515,40,0.15929537385129489,0.17172503346434267,0.07693388448631047,0.6652673604010337,0.059597401410723796,0.27136354501493637,0.08361253512569301,0.5238864369035405,/development_run_metrics/19/by_radius/10,results/coherent_parent_pilot_v1/evaluation/20260910/predictions_k4.csv,ece3166721c6177af8cfa2280c6c53a003de5df6020d8f2dc990dc0dcfddea97,True
coherent_two_seed_development,coherent_categorical,20260910,4,4,actual binary worlds used for event scores,radius,20,equal_parent_within_stratum,515,40,0.08859962406015037,0.0547171313700919,0.052937356411863,0.47745805259478513,0.06138249269005848,0.6689189189189187,0.02055555555555556,0.7469163780068622,/development_run_metrics/19/by_radius/20,results/coherent_parent_pilot_v1/evaluation/20260910/predictions_k4.csv,ece3166721c6177af8cfa2280c6c53a003de5df6020d8f2dc990dc0dcfddea97,True
coherent_two_seed_development,coherent_categorical,20260910,4,4,actual binary worlds used for event scores,truth,0,equal_parent_within_stratum,1059,40,0.0,0.10388755020270352,0.08920059337294392,0.9451204865188304,0.10388755020270349,0.9999999999999998,0.06355925982087111,0.9999999999999998,/development_run_metrics/19/by_truth/0,results/coherent_parent_pilot_v1/evaluation/20260910/predictions_k4.csv,ece3166721c6177af8cfa2280c6c53a003de5df6020d8f2dc990dc0dcfddea97,True
coherent_two_seed_development,coherent_categorical,20260910,4,4,actual binary worlds used for event scores,truth,1,equal_parent_within_stratum,486,35,0.9999999999999999,0.7828577677467218,0.16314047981666135,1.7093223303464564,0.21714223225327814,0.0,0.6306778587768246,0.0,/development_run_metrics/19/by_truth/1,results/coherent_parent_pilot_v1/evaluation/20260910/predictions_k4.csv,ece3166721c6177af8cfa2280c6c53a003de5df6020d8f2dc990dc0dcfddea97,True
coherent_two_seed_development,coherent_categorical,20260910,32,32,actual binary worlds used for event scores,overall,all,equal_parent,1545,40,0.2812621850973244,0.29617638128192864,0.0855267736192691,0.49950146855654104,0.06336705570593801,0.17897720561696556,0.23294976104476878,0.22895611086401013,/development_run_metrics/20/equal_parent,results/coherent_parent_pilot_v1/evaluation/20260910/predictions_k32.csv,5807c8f77607ce72f7429c5e992b2c798f083d03f577d84ee8ec1d84700c9c87,True
coherent_two_seed_development,coherent_categorical,20260910,32,32,actual binary worlds used for event scores,overall,all,pooled,1545,40,0.31456310679611643,0.33042071197411005,0.09456791059870549,0.550568385551669,0.06557443365695799,0.17602040816326528,0.2537216828478965,0.20204327685766868,/development_run_metrics/20/pooled,results/coherent_parent_pilot_v1/evaluation/20260910/predictions_k32.csv,5807c8f77607ce72f7429c5e992b2c798f083d03f577d84ee8ec1d84700c9c87,True
coherent_two_seed_development,coherent_categorical,20260910,32,32,actual binary worlds used for event scores,source,3RScan,equal_parent_within_stratum,228,8,0.16749037999038,0.1464105339105339,0.049431941485164145,0.3077851702567491,0.05837203884078882,0.1226643218289734,0.12307900432900433,0.4518107725078092,/development_run_metrics/20/by_source/3RScan,results/coherent_parent_pilot_v1/evaluation/20260910/predictions_k32.csv,5807c8f77607ce72f7429c5e992b2c798f083d03f577d84ee8ec1d84700c9c87,True
coherent_two_seed_development,coherent_categorical,20260910,32,32,actual binary worlds used for event scores,source,ARKitScenes,equal_parent_within_stratum,294,8,0.11491402116402115,0.13606770833333334,0.062005260003306875,0.45300724313950314,0.057250330687830676,0.3645833333333333,0.09523809523809525,0.6341716196633972,/development_run_metrics/20/by_source/ARKitScenes,results/coherent_parent_pilot_v1/evaluation/20260910/predictions_k32.csv,5807c8f77607ce72f7429c5e992b2c798f083d03f577d84ee8ec1d84700c9c87,True
coherent_two_seed_development,coherent_categorical,20260910,32,32,actual binary worlds used for event scores,source,Matterport3D,equal_parent_within_stratum,324,8,0.44575137338295234,0.4605514338244601,0.10612471607473149,0.4862019627321426,0.07829390395179868,0.13720024738029493,0.3632914356598567,0.12158617122806532,/development_run_metrics/20/by_source/Matterport3D,results/coherent_parent_pilot_v1/evaluation/20260910/predictions_k32.csv,5807c8f77607ce72f7429c5e992b2c798f083d03f577d84ee8ec1d84700c9c87,True
coherent_two_seed_development,coherent_categorical,20260910,32,32,actual binary worlds used for event scores,source,ScanNet,equal_parent_within_stratum,312,8,0.21962340491752255,0.29133062947401184,0.07868085113819832,0.476006134616918,0.07243060418611891,0.22540320330375566,0.24399509803921574,0.2948560776593153,/development_run_metrics/20/by_source/ScanNet,results/coherent_parent_pilot_v1/evaluation/20260910/predictions_k32.csv,5807c8f77607ce72f7429c5e992b2c798f083d03f577d84ee8ec1d84700c9c87,True
coherent_two_seed_development,coherent_categorical,20260910,32,32,actual binary worlds used for event scores,source,ZInD,equal_parent_within_stratum,387,8,0.45853174603174596,0.446521600867304,0.13139109939494462,0.7745068320373917,0.09692359326148392,0.1586427126246252,0.3391451719576719,0.16726670620298387,/development_run_metrics/20/by_source/ZInD,results/coherent_parent_pilot_v1/evaluation/20260910/predictions_k32.csv,5807c8f77607ce72f7429c5e992b2c798f083d03f577d84ee8ec1d84700c9c87,True
coherent_two_seed_development,coherent_categorical,20260910,32,32,actual binary worlds used for event scores,radius,0,equal_parent_within_stratum,515,40,0.595891557380528,0.6742486694887284,0.14927333757466305,1.0505186518221252,0.13000386263955344,0.17559106428850238,0.6137207420847126,0.1388430563334138,/development_run_metrics/20/by_radius/0,results/coherent_parent_pilot_v1/evaluation/20260910/predictions_k32.csv,5807c8f77607ce72f7429c5e992b2c798f083d03f577d84ee8ec1d84700c9c87,True
coherent_two_seed_development,coherent_categorical,20260910,32,32,actual binary worlds used for event scores,radius,10,equal_parent_within_stratum,515,40,0.15929537385129489,0.1666617530746848,0.06601803194157416,0.30273983904825963,0.04409327429012874,0.21024958210847897,0.08235076327181588,0.5000178669161887,/development_run_metrics/20/by_radius/10,results/coherent_parent_pilot_v1/evaluation/20260910/predictions_k32.csv,5807c8f77607ce72f7429c5e992b2c798f083d03f577d84ee8ec1d84700c9c87,True
coherent_two_seed_development,coherent_categorical,20260910,32,32,actual binary worlds used for event scores,radius,20,equal_parent_within_stratum,515,40,0.08859962406015037,0.04761872128237259,0.041288951341570075,0.145245914799238,0.04098090277777778,0.0,0.002777777777777778,0.711452522400917,/development_run_metrics/20/by_radius/20,results/coherent_parent_pilot_v1/evaluation/20260910/predictions_k32.csv,5807c8f77607ce72f7429c5e992b2c798f083d03f577d84ee8ec1d84700c9c87,True
coherent_two_seed_development,coherent_categorical,20260910,32,32,actual binary worlds used for event scores,truth,0,equal_parent_within_stratum,1059,40,0.0,0.09984729633232026,0.07944502789501717,0.49124183797770987,0.09984729633232023,0.9999999999999999,0.05911961542452044,1.0000000000000002,/development_run_metrics/20/by_truth/0,results/coherent_parent_pilot_v1/evaluation/20260910/predictions_k32.csv,5807c8f77607ce72f7429c5e992b2c798f083d03f577d84ee8ec1d84700c9c87,True
coherent_two_seed_development,coherent_categorical,20260910,32,32,actual binary worlds used for event scores,truth,1,equal_parent_within_stratum,486,35,0.9999999999999999,0.7822987523087189,0.14369677561211885,0.9211493526944406,0.21770124769128102,0.0,0.6734482765485388,0.0,/development_run_metrics/20/by_truth/1,results/coherent_parent_pilot_v1/evaluation/20260910/predictions_k32.csv,5807c8f77607ce72f7429c5e992b2c798f083d03f577d84ee8ec1d84700c9c87,True
coherent_two_seed_development,coherent_categorical,20260911,4,4,actual binary worlds used for event scores,overall,all,equal_parent,1545,40,0.2812621850973244,0.28116322527482546,0.10626747916820237,1.1273876644685574,0.08916627005999106,0.19583909376252526,0.21131227038928274,0.2380937895715873,/development_run_metrics/21/equal_parent,results/coherent_parent_pilot_v1/evaluation/20260911/predictions_k4.csv,56f2b77b13e8c5dcb9d4e9efd04be67d5c02613f4e551dedf3fd9a7b8417aa99,True
coherent_two_seed_development,coherent_categorical,20260911,4,4,actual binary worlds used for event scores,overall,all,pooled,1545,40,0.31456310679611643,0.3116504854368931,0.11917475728155341,1.2753875939340926,0.09838187702265375,0.19662921348314605,0.23042071197411004,0.21644123585871156,/development_run_metrics/21/pooled,results/coherent_parent_pilot_v1/evaluation/20260911/predictions_k4.csv,56f2b77b13e8c5dcb9d4e9efd04be67d5c02613f4e551dedf3fd9a7b8417aa99,True
coherent_two_seed_development,coherent_categorical,20260911,4,4,actual binary worlds used for event scores,source,3RScan,equal_parent_within_stratum,228,8,0.16749037999038,0.14017631673881678,0.06244607533670033,0.6083028822673985,0.061080297017797006,0.11111111111111113,0.10909090909090907,0.5198218112253922,/development_run_metrics/21/by_source/3RScan,results/coherent_parent_pilot_v1/evaluation/20260911/predictions_k4.csv,56f2b77b13e8c5dcb9d4e9efd04be67d5c02613f4e551dedf3fd9a7b8417aa99,True
coherent_two_seed_development,coherent_categorical,20260911,4,4,actual binary worlds used for event scores,source,ARKitScenes,equal_parent_within_stratum,294,8,0.11491402116402115,0.1302496693121693,0.06310970568783068,0.5996354116529352,0.05204199735449736,0.32298136645962733,0.0798611111111111,0.6527505663663263,/development_run_metrics/21/by_source/ARKitScenes,results/coherent_parent_pilot_v1/evaluation/20260911/predictions_k4.csv,56f2b77b13e8c5dcb9d4e9efd04be67d5c02613f4e551dedf3fd9a7b8417aa99,True
coherent_two_seed_development,coherent_categorical,20260911,4,4,actual binary worlds used for event scores,source,Matterport3D,equal_parent_within_stratum,324,8,0.44575137338295234,0.42937006341611605,0.14405371066555275,1.495885264674887,0.11913859775701874,0.1512117674292213,0.31441925520872893,0.1512117674292213,/development_run_metrics/21/by_source/Matterport3D,results/coherent_parent_pilot_v1/evaluation/20260911/predictions_k4.csv,56f2b77b13e8c5dcb9d4e9efd04be67d5c02613f4e551dedf3fd9a7b8417aa99,True
coherent_two_seed_development,coherent_categorical,20260911,4,4,actual binary worlds used for event scores,source,ScanNet,equal_parent_within_stratum,312,8,0.21962340491752255,0.284619125427949,0.08169351073762837,0.9358227922313632,0.06962535014005608,0.25633277042040703,0.24074268596327422,0.2931529854101244,/development_run_metrics/21/by_source/ScanNet,results/coherent_parent_pilot_v1/evaluation/20260911/predictions_k4.csv,56f2b77b13e8c5dcb9d4e9efd04be67d5c02613f4e551dedf3fd9a7b8417aa99,True
coherent_two_seed_development,coherent_categorical,20260911,4,4,actual binary worlds used for event scores,source,ZInD,equal_parent_within_stratum,387,8,0.45853174603174596,0.4214009514790764,0.18003439341329963,1.997291971516205,0.15662484217171713,0.19122266855892045,0.31244739057239057,0.19122266855892045,/development_run_metrics/21/by_source/ZInD,results/coherent_parent_pilot_v1/evaluation/20260911/predictions_k4.csv,56f2b77b13e8c5dcb9d4e9efd04be67d5c02613f4e551dedf3fd9a7b8417aa99,True
coherent_two_seed_development,coherent_categorical,20260911,4,4,actual binary worlds used for event scores,radius,0,equal_parent_within_stratum,515,40,0.595891557380528,0.6594359691145197,0.1590549508903442,1.6414690134580456,0.1253870237788098,0.1633113582433192,0.5376700077957818,0.16331135824331916,/development_run_metrics/21/by_radius/0,results/coherent_parent_pilot_v1/evaluation/20260911/predictions_k4.csv,56f2b77b13e8c5dcb9d4e9efd04be67d5c02613f4e551dedf3fd9a7b8417aa99,True
coherent_two_seed_development,coherent_categorical,20260911,4,4,actual binary worlds used for event scores,radius,10,equal_parent_within_stratum,515,40,0.15929537385129489,0.1485070275119617,0.09478991038201563,1.0284692973454261,0.07839040071770334,0.37809290016486663,0.08620101389838229,0.5751192363597574,/development_run_metrics/21/by_radius/10,results/coherent_parent_pilot_v1/evaluation/20260911/predictions_k4.csv,56f2b77b13e8c5dcb9d4e9efd04be67d5c02613f4e551dedf3fd9a7b8417aa99,True
coherent_two_seed_development,coherent_categorical,20260911,4,4,actual binary worlds used for event scores,radius,20,equal_parent_within_stratum,515,40,0.08859962406015037,0.03554667919799499,0.06495757623224727,0.7122246826022016,0.06550751879699249,0.3725490196078431,0.010065789473684212,0.8153582068648746,/development_run_metrics/21/by_radius/20,results/coherent_parent_pilot_v1/evaluation/20260911/predictions_k4.csv,56f2b77b13e8c5dcb9d4e9efd04be67d5c02613f4e551dedf3fd9a7b8417aa99,True
coherent_two_seed_development,coherent_categorical,20260911,4,4,actual binary worlds used for event scores,truth,0,equal_parent_within_stratum,1059,40,0.0,0.09541206483092449,0.08134897398524438,0.8778363062655865,0.09541206483092449,0.9999999999999999,0.05930359537406091,0.9999999999999998,/development_run_metrics/21/by_truth/0,results/coherent_parent_pilot_v1/evaluation/20260911/predictions_k4.csv,56f2b77b13e8c5dcb9d4e9efd04be67d5c02613f4e551dedf3fd9a7b8417aa99,True
coherent_two_seed_development,coherent_categorical,20260911,4,4,actual binary worlds used for event scores,truth,1,equal_parent_within_stratum,486,35,0.9999999999999999,0.7360170016614359,0.21742002156223003,2.3582161889844513,0.263982998338564,0.0,0.6069722509151882,0.0,/development_run_metrics/21/by_truth/1,results/coherent_parent_pilot_v1/evaluation/20260911/predictions_k4.csv,56f2b77b13e8c5dcb9d4e9efd04be67d5c02613f4e551dedf3fd9a7b8417aa99,True
coherent_two_seed_development,coherent_categorical,20260911,32,32,actual binary worlds used for event scores,overall,all,equal_parent,1545,40,0.2812621850973244,0.27923909457581203,0.09828794370609972,0.616390658350793,0.08421875548257252,0.20219976901092826,0.23506277158657185,0.22311537433650622,/development_run_metrics/22/equal_parent,results/coherent_parent_pilot_v1/evaluation/20260911/predictions_k32.csv,57271fd2bcd25ab934dbfc42ae12c36e5fba91d25e383300f5ab820e59b1ff6d,True
coherent_two_seed_development,coherent_categorical,20260911,32,32,actual binary worlds used for event scores,overall,all,pooled,1545,40,0.31456310679611643,0.3090412621359223,0.11116441646440128,0.7264375923017538,0.09314320388349513,0.20204603580562655,0.253074433656958,0.21765828561945072,/development_run_metrics/22/pooled,results/coherent_parent_pilot_v1/evaluation/20260911/predictions_k32.csv,57271fd2bcd25ab934dbfc42ae12c36e5fba91d25e383300f5ab820e59b1ff6d,True
coherent_two_seed_development,coherent_categorical,20260911,32,32,actual binary worlds used for event scores,source,3RScan,equal_parent_within_stratum,228,8,0.16749037999038,0.13881373256373256,0.05517562858871453,0.268941958617142,0.06098033910533908,0.11892583120204603,0.12694805194805195,0.44169873336540016,/development_run_metrics/22/by_source/3RScan,results/coherent_parent_pilot_v1/evaluation/20260911/predictions_k32.csv,57271fd2bcd25ab934dbfc42ae12c36e5fba91d25e383300f5ab820e59b1ff6d,True
coherent_two_seed_development,coherent_categorical,20260911,32,32,actual binary worlds used for event scores,source,ARKitScenes,equal_parent_within_stratum,294,8,0.11491402116402115,0.13606770833333331,0.0572377361317791,0.28093318585117827,0.05203166335978836,0.37073170731707317,0.10168650793650795,0.6342738707752849,/development_run_metrics/22/by_source/ARKitScenes,results/coherent_parent_pilot_v1/evaluation/20260911/predictions_k32.csv,57271fd2bcd25ab934dbfc42ae12c36e5fba91d25e383300f5ab820e59b1ff6d,True
coherent_two_seed_development,coherent_categorical,20260911,32,32,actual binary worlds used for event scores,source,Matterport3D,equal_parent_within_stratum,324,8,0.44575137338295234,0.42952250219931143,0.1352841294761525,0.9510042747879669,0.1163947985494038,0.1768271857923498,0.3706235285182652,0.14563561259478533,/development_run_metrics/22/by_source/Matterport3D,results/coherent_parent_pilot_v1/evaluation/20260911/predictions_k32.csv,57271fd2bcd25ab934dbfc42ae12c36e5fba91d25e383300f5ab820e59b1ff6d,True
coherent_two_seed_development,coherent_categorical,20260911,32,32,actual binary worlds used for event scores,source,ScanNet,equal_parent_within_stratum,312,8,0.21962340491752255,0.2775090331271397,0.07019215645242471,0.30979564196786247,0.06281701048474944,0.22641539276704437,0.24597144413320887,0.283807967631497,/development_run_metrics/22/by_source/ScanNet,results/coherent_parent_pilot_v1/evaluation/20260911/predictions_k32.csv,57271fd2bcd25ab934dbfc42ae12c36e5fba91d25e383300f5ab820e59b1ff6d,True
coherent_two_seed_development,coherent_categorical,20260911,32,32,actual binary worlds used for event scores,source,ZInD,equal_parent_within_stratum,387,8,0.45853174603174596,0.41428249665554345,0.1735500678814277,1.2712782305298145,0.154039441099988,0.19275177198387058,0.3300843253968253,0.17988887474181592,/development_run_metrics/22/by_source/ZInD,results/coherent_parent_pilot_v1/evaluation/20260911/predictions_k32.csv,57271fd2bcd25ab934dbfc42ae12c36e5fba91d25e383300f5ab820e59b1ff6d,True
coherent_two_seed_development,coherent_categorical,20260911,32,32,actual binary worlds used for event scores,radius,0,equal_parent_within_stratum,515,40,0.595891557380528,0.6577857751204549,0.14685357069922206,0.8083707929073559,0.11837329090328307,0.1772078250304082,0.6008436462703104,0.09960576899054668,/development_run_metrics/22/by_radius/0,results/coherent_parent_pilot_v1/evaluation/20260911/predictions_k32.csv,57271fd2bcd25ab934dbfc42ae12c36e5fba91d25e383300f5ab820e59b1ff6d,True
coherent_two_seed_development,coherent_categorical,20260911,32,32,actual binary worlds used for event scores,radius,10,equal_parent_within_stratum,515,40,0.15929537385129489,0.14267044416201488,0.08614998406698267,0.5359528598864073,0.07463535436602871,0.3044479284615163,0.0980946684894053,0.5348457985576005,/development_run_metrics/22/by_radius/10,results/coherent_parent_pilot_v1/evaluation/20260911/predictions_k32.csv,57271fd2bcd25ab934dbfc42ae12c36e5fba91d25e383300f5ab820e59b1ff6d,True
coherent_two_seed_development,coherent_categorical,20260911,32,32,actual binary worlds used for event scores,radius,20,equal_parent_within_stratum,515,40,0.08859962406015037,0.03726106444496659,0.061860276352094436,0.5048483222586153,0.06970204645728907,1.0,0.00625,0.7802308825877233,/development_run_metrics/22/by_radius/20,results/coherent_parent_pilot_v1/evaluation/20260911/predictions_k32.csv,57271fd2bcd25ab934dbfc42ae12c36e5fba91d25e383300f5ab820e59b1ff6d,True
coherent_two_seed_development,coherent_categorical,20260911,32,32,actual binary worlds used for event scores,truth,0,equal_parent_within_stratum,1059,40,0.0,0.09431679373400985,0.07533537586220654,0.4134007201303482,0.09431679373400984,0.9999999999999998,0.06716707239750279,0.9999999999999998,/development_run_metrics/22/by_truth/0,results/coherent_parent_pilot_v1/evaluation/20260911/predictions_k32.csv,57271fd2bcd25ab934dbfc42ae12c36e5fba91d25e383300f5ab820e59b1ff6d,True
coherent_two_seed_development,coherent_categorical,20260911,32,32,actual binary worlds used for event scores,truth,1,equal_parent_within_stratum,486,35,0.9999999999999999,0.7361303889898972,0.19365582752371993,1.1061915749988294,0.2638696110101025,0.0,0.6689873415608552,0.0,/development_run_metrics/22/by_truth/1,results/coherent_parent_pilot_v1/evaluation/20260911/predictions_k32.csv,57271fd2bcd25ab934dbfc42ae12c36e5fba91d25e383300f5ab820e59b1ff6d,True
